Rank,Player,POS,Team,AVG,Expert,Sleeper,ESPN,Yahoo,Underdog,CBS,FFPC
1,Jahmyr Gibbs,RB1,DET,1.0,1,1,1,1,1,1,1
2,Bijan Robinson,RB2,ATL,2.0,2,2,2,2,2,2,2
3,Ja'Marr Chase,WR1,CIN,3.0,3,3,3,3,3,3,3
4,Puka Nacua,WR2,LAR,4.0,4,4,4,4,4,4,4
5,Jaxon Smith-Njigba,WR3,SEA,5.8,6,6,5,8,5,6,5
6,Christian McCaffrey,RB3,SF,6.0,6,5,6,5,6,7,7
7,Jonathan Taylor,RB4,IND,7.0,9,7,7,6,8,5,9
8,Amon-Ra St. Brown,WR4,DET,7.7,7,8,8,7,7,8,8
9,James Cook,RB5,BUF,10.0,10,10,12,9,10,9,10
10,CeeDee Lamb,WR5,DAL,11.2,10,9,9,11,9,15,14
11,Justin Jefferson,WR6,MIN,12.3,11,11,11,13,11,16,12
12,Devon Achane,RB6,MIA,13.7,13,12,10,15,17,10,18
13,Saquon Barkley,RB7,PHI,14.2,14,13,18,10,12,13,19
14,Chase Brown,RB8,CIN,14.7,12,16,20,14,14,11,13
15,Ashton Jeanty,RB9,LV,15.0,19,14,13,23,15,14,11
16,Kenneth Walker,RB10,KC,16.3,15,19,21,12,13,17,16
17,Omarion Hampton,RB11,LAC,17.8,14,15,22,17,16,20,17
18,Derrick Henry,RB12,BAL,18.0,19,21,19,16,18,12,22
19,Drake London,WR7,ATL,18.2,19,17,14,18,21,18,21
20,Brock Bowers,TE1,LV,19.8,21,23,24,19,20,27,6
21,A.J. Brown,WR8,NE,21.3,22,18,28,22,19,21,20
22,Trey McBride,TE2,ARI,23.0,27,20,17,30,28,28,15
23,Nico Collins,WR9,HOU,23.5,22,25,25,20,22,25,24
24,George Pickens,WR10,DAL,25.0,25,24,32,21,24,22,27
25,Rashee Rice,WR11,KC,25.7,25,28,16,36,26,23,25
26,Malik Nabers,WR12,NYG,26.8,21,27,29,25,23,31,26
27,Chris Olave,WR13,NO,27.0,26,30,26,24,25,29,28
28,Jeremiyah Love,RB13,ARI,27.2,31,26,15,34,29,30,29
29,Josh Allen,QB1,BUF,29.7,39,22,36,28,37,19,36
30,Kyren Williams,RB14,LAR,30.3,32,29,38,27,30,24,34
31,Breece Hall,RB15,NYJ,31.0,30,33,23,31,32,37,30
32,DeVonta Smith,WR14,PHI,31.8,30,36,35,26,27,36,31
33,Javonte Williams,RB16,DAL,34.2,33,35,31,35,34,33,37
34,Zay Flowers,WR15,BAL,34.3,33,42,34,32,31,34,33
35,Josh Jacobs,RB17,GB,35.3,37,31,30,43,42,26,40
36,Tee Higgins,WR16,CIN,37.7,34,34,46,29,35,39,43
37,Garrett Wilson,WR17,NYJ,39.2,42,45,27,39,39,46,39
38,Ladd McConkey,WR18,LAC,39.3,38,38,44,40,33,43,38
39,Emeka Egbuka,WR19,TB,39.3,39,39,42,42,36,42,35
40,Tetairoa McMillan,WR20,CAR,39.5,42,37,33,37,41,44,45
41,Colston Loveland,TE3,CHI,39.7,40,40,49,38,43,45,23
42,Travis Etienne,RB18,NO,40.7,42,44,37,41,40,38,44
43,Cam Skattebo,RB19,NYG,42.0,46,43,40,49,46,32,42
44,Jaylen Waddle,WR21,DEN,42.5,35,46,47,33,38,50,41
45,D'Andre Swift,RB20,CHI,47.7,46,55,60,44,44,35,48
46,Bucky Irving,RB21,TB,47.8,46,41,41,58,54,40,53
47,Tyler Warren,TE4,IND,49.7,59,47,50,47,63,59,32
48,Quinshon Judkins,RB22,CLE,49.7,50,54,39,53,55,48,49
49,Luther Burden,WR22,CHI,50.2,50,52,53,45,45,60,46
50,Terry McLaurin,WR23,WAS,50.3,51,56,45,46,48,55,52
51,Lamar Jackson,QB2,BAL,50.8,56,32,56,50,56,41,70
52,David Montgomery,RB23,HOU,51.0,50,48,61,56,47,47,47
53,Davante Adams,WR24,LAR,51.8,49,50,43,55,52,56,55
54,DJ Moore,WR25,BUF,52.3,61,57,52,48,53,53,51
55,Jameson Williams,WR26,DET,54.3,52,58,51,52,51,54,60
56,Bhayshul Tuten,RB24,JAX,55.3,48,63,59,59,49,52,50
57,Rome Odunze,WR27,CHI,57.2,56,65,48,51,59,63,57
58,Drake Maye,QB3,NE,60.0,69,49,57,61,66,51,76
59,TreVeyon Henderson,RB25,NE,60.7,61,53,63,69,60,61,58
60,Mike Evans,WR28,SF,60.8,58,61,76,60,50,62,56
61,Jadarian Price,RB26,SEA,61.5,54,67,62,62,61,58,59
62,Christian Watson,WR29,GB,63.2,62,69,77,54,57,68,54
63,Joe Burrow,QB4,CIN,64.5,71,51,74,64,67,49,82
64,Parker Washington,WR30,JAX,66.7,65,76,69,57,58,78,62
65,Jayden Daniels,QB5,WAS,67.8,70,64,55,63,68,64,93
66,Carnell Tate,WR31,TEN,68.3,57,66,54,74,62,87,67
67,Marvin Harrison,WR32,ARI,68.8,62,75,67,68,65,69,69
68,Jalen Hurts,QB6,PHI,70.3,79,60,58,66,71,65,102
69,Rhamondre Stevenson,RB27,NE,70.8,72,81,64,65,69,75,71
70,Sam LaPorta,TE5,DET,71.8,84,59,73,70,91,73,65
71,Tucker Kraft,TE6,GB,73.7,77,62,102,67,76,72,63
72,Brian Thomas,WR33,JAX,73.8,60,72,80,73,64,81,73
73,Jaylen Warren,RB28,PIT,74.2,64,73,96,71,70,67,68
74,Kyle Pitts,TE7,ATL,75.2,94,70,71,81,102,66,61
75,DK Metcalf,WR34,PIT,76.7,83,74,68,78,73,88,79
76,Harold Fannin,TE8,CLE,77.5,94,68,72,77,105,79,64
77,Caleb Williams,QB7,CHI,79.8,76,71,87,72,72,70,107
78,Tony Pollard,RB29,TEN,80.7,80,84,98,79,77,71,75
79,Courtland Sutton,WR35,DEN,81.8,88,80,65,99,82,76,89
80,Dak Prescott,QB8,DAL,82.5,93,78,83,82,79,57,116
81,Rico Dowdle,RB30,PIT,83.5,91,85,97,83,84,74,78
82,Jonathon Brooks,RB31,CAR,85.0,74,109,100,76,75,84,66
83,Justin Herbert,QB9,LAC,88.2,90,82,94,75,83,86,109
84,Michael Wilson,WR36,ARI,89.2,91,83,79,87,90,102,94
85,Trevor Lawrence,QB10,JAX,89.5,88,100,82,80,86,77,112
86,Alec Pierce,WR37,IND,90.2,94,101,70,97,94,82,97
87,J.K. Dobbins,RB32,DEN,92.3,84,94,106,84,95,83,92
88,Chuba Hubbard,RB33,CAR,93.3,95,77,101,92,97,97,96
89,George Kittle,TE9,SF,93.5,105,90,103,93,113,90,72
90,Chris Godwin,WR38,TB,93.8,82,95,128,85,85,93,77
91,Michael Pittman,WR39,PIT,94.3,81,102,66,100,100,112,86
92,RJ Harvey,RB34,DEN,94.7,90,79,123,109,88,85,84
93,Quentin Johnston,WR40,LAC,97.3,83,111,113,95,74,101,90
94,Blake Corum,RB35,LAR,98.2,99,103,122,91,87,105,81
95,Josh Downs,WR41,IND,99.0,96,107,114,90,81,114,88
96,Jordan Addison,WR42,MIN,100.8,82,104,89,94,89,116,113
97,Jacory Croskey-Merritt,RB36,WAS,101.7,99,114,108,86,99,103,100
98,Jaxson Dart,QB11,NYG,101.8,108,91,75,102,104,106,133
99,Kenneth Gainwell,RB37,TB,102.0,108,112,99,115,109,94,83
100,Jayden Reed,WR43,GB,102.3,109,115,92,96,78,128,105
101,Travis Kelce,TE10,KC,103.2,123,92,105,119,123,100,80
102,Brock Purdy,QB12,SF,105.2,104,121,85,98,103,92,132
103,Jordan Mason,RB38,MIN,105.3,93,117,121,103,98,98,95
104,Kyle Monangai,RB39,CHI,105.7,110,99,107,108,108,108,104
105,Matthew Stafford,QB13,LAR,106.0,114,96,86,110,110,91,143
106,Makai Lemon,WR44,PHI,106.3,83,87,126,107,80,130,108
107,Stefon Diggs,WR45,WAS,106.5,87,113,125,88,92,115,106
108,Wan'Dale Robinson,WR46,TEN,106.5,98,116,88,114,115,107,99
109,Isaiah Likely,TE11,NYG,106.8,132,108,117,121,126,95,74
110,Dalton Kincaid,TE12,BUF,107.2,131,89,118,106,121,124,85
111,Dallas Goedert,TE13,PHI,107.3,137,123,104,116,134,80,87
112,Patrick Mahomes,QB14,KC,108.7,108,106,95,118,96,96,141
113,Matthew Golden,WR47,GB,109.5,115,128,78,104,101,135,111
114,Bo Nix,QB15,DEN,112.2,107,120,84,101,106,117,145
115,Jakobi Meyers,WR48,JAX,112.8,121,110,81,123,120,123,120
116,Jordyn Tyson,WR49,NO,115.0,105,86,152,129,93,139,91
117,Rachaad White,RB40,WAS,115.2,94,131,109,113,118,122,98
118,KC Concepcion,WR50,CLE,117.0,100,122,127,105,111,127,110
119,Jake Ferguson,TE14,DAL,118.5,129,98,110,146,136,118,103
120,Aaron Jones,RB41,MIN,119.7,121,124,116,124,128,111,115
121,Mark Andrews,TE15,BAL,120.2,138,129,111,128,132,120,101
122,De'Zhaun Stribling,WR51,SF,121.2,107,156,130,89,114,119,119
123,Xavier Worthy,WR52,KC,121.5,109,139,93,127,107,140,123
124,Jared Goff,QB16,DET,127.0,116,133,136,120,112,109,152
125,Romeo Doubs,WR53,NE,129.3,123,132,129,122,119,148,126
126,Deebo Samuel,WR54,SF,129.7,116,138,115,148,127,126,124
127,Chris Rodriguez,RB42,JAX,130.5,133,142,141,117,124,137,122
128,Khalil Shakir,WR55,BUF,133.0,139,140,90,141,131,158,138
129,Jalen Coker,WR56,CAR,133.5,124,144,132,111,129,154,131
130,Brandon Aubrey,K1,DAL,135.2,,93,181,164,,104,134
131,Kyler Murray,QB17,MIN,135.5,118,159,134,112,116,134,158
132,Woody Marks,RB43,HOU,136.8,137,162,124,132,137,136,130
133,Rashid Shaheed,WR57,SEA,138.8,142,147,133,135,135,141,142
134,Los Angeles Rams,DEF1,LAR,139.7,,88,173,158,,,
135,Houston Texans,DEF2,HOU,139.7,,97,169,153,,,
136,Baker Mayfield,QB18,TB,140.3,132,141,150,134,122,129,166
137,Zach Charbonnet,RB44,SEA,143.2,170,145,138,145,164,138,129
138,Tyler Allgeier,RB45,ARI,143.3,142,146,143,139,140,152,140
139,Keaton Mitchell,RB46,LAC,144.8,144,180,154,125,130,163,117
140,Hunter Henry,TE16,NE,145.5,163,135,120,159,153,169,137
141,Juwan Johnson,TE17,NO,147.2,151,187,160,133,142,147,114
142,Seattle Seahawks,DEF3,SEA,147.7,,105,172,166,,,
143,Tyjae Spears,RB47,TEN,148.0,171,168,140,140,157,144,139
144,Tyler Shough,QB19,NO,149.2,135,182,135,138,125,153,162
145,Jonah Coleman,RB48,DEN,149.5,138,167,156,143,143,161,127
146,Mike Washington Jr.,RB49,LV,151.0,122,172,167,126,139,143,159
147,Denver Broncos,DEF4,DEN,151.3,,119,170,165,,,
148,Denzel Boston,WR58,CLE,151.3,129,165,144,136,138,177,148
149,Jordan Love,QB20,GB,152.7,140,148,198,130,117,150,173
150,Brenton Strange,TE18,JAX,153.2,153,152,194,157,149,146,121
151,Travis Hunter,WR59,JAX,153.4,124,166,91,162,155,,193
152,Tank Bigsby,RB50,PHI,155.5,147,177,157,137,151,175,136
153,Tyrone Tracy,RB51,NYG,155.7,172,163,168,197,148,133,125
154,Malik Willis,QB21,MIA,157.5,139,194,151,131,133,162,174
155,Philadelphia Eagles,DEF5,PHI,158.3,,126,175,174,,,
156,Jason Myers,K2,SEA,160.4,,127,183,186,,121,185
157,Cameron Dicker,K3,LAC,161.4,,118,182,187,,142,178
158,Ka'imi Fairbairn,K4,HOU,162.2,,130,185,175,,132,189
159,MarShawn Lloyd,RB52,GB,162.5,162,199,196,142,150,160,128
160,Alvin Kamara,RB53,NO,162.7,180,161,139,188,179,155,154
161,Brian Robinson,RB54,ATL,163.0,173,153,142,154,184,185,160
162,T.J. Hockenson,TE19,MIN,163.0,170,164,112,198,168,192,144
163,Chig Okonkwo,TE20,WAS,163.6,154,186,216,152,146,,118
164,Kenyon Sadiq,TE21,NYJ,164.2,170,150,119,203,180,186,147
165,Terrance Ferguson,TE22,LAR,164.8,187,207,159,163,160,,135
166,Jalen McMillan,WR60,TB,165.2,152,209,146,150,158,,163
167,New England Patriots,DEF6,NE,168.0,,137,177,190,,,
168,Tre Tucker,WR61,LV,168.0,159,203,153,149,152,184,167
169,Isiah Pacheco,RB55,DET,168.2,162,185,155,178,183,151,157
170,Daniel Jones,QB22,IND,168.2,161,205,137,156,144,157,210
171,Jalen Nailor,WR62,LV,169.2,177,183,161,172,147,191,161
172,Dontayvion Wicks,WR63,PHI,169.3,214,,164,161,161,,191
173,Dylan Sampson,RB56,CLE,170.3,165,188,166,179,172,167,150
174,Sam Darnold,QB23,SEA,171.5,160,176,200,155,141,145,212
175,Baltimore Ravens,DEF7,BAL,172.0,,136,174,206,,,
176,Dalton Schultz,TE23,HOU,173.2,167,193,207,151,163,174,151
177,Cam Little,K5,JAX,175.0,,134,188,193,,164,196
178,Pittsburgh Steelers,DEF8,PIT,175.0,,160,171,194,,,
179,Keenan Allen,WR64,IND,176.2,150,197,162,144,159,180,215
180,Ja'Kobi Lane,WR65,BAL,178.7,181,157,197,189,154,171,204
181,Adonai Mitchell,WR66,NYJ,180.6,205,256,149,147,171,,180
182,Tank Dell,WR67,HOU,181.7,189,174,131,254,176,173,182
183,Braelon Allen,RB57,NYJ,183.2,196,208,193,171,186,172,169
184,Ray Davis,RB58,BUF,185.4,196,244,158,170,187,,168
185,C.J. Stroud,QB24,HOU,186.5,158,204,199,169,145,165,237
186,AJ Barner,TE24,SEA,187.2,172,184,217,176,175,200,171
187,Kaelon Black,RB59,SF,188.0,216,,213,181,195,179,172
188,Jerry Jeudy,WR68,CLE,188.5,195,190,145,196,202,195,203
189,Detroit Lions,DEF9,DET,189.7,,154,178,237,,,
190,Jake Bates,K6,DET,190.8,,143,189,238,,168,216
191,Los Angeles Chargers,DEF10,LAC,191.7,,178,180,217,,,
192,Emmett Johnson,RB60,KC,192.2,189,196,244,160,191,,170
193,Omar Cooper Jr.,WR69,NYJ,193.6,152,189,209,204,167,,199
194,Caleb Douglas,WR70,MIA,193.8,175,221,148,201,178,,221
195,Oronde Gadsden,TE25,LAC,193.8,166,125,291,224,181,196,146
196,Malik Washington,WR71,MIA,194.2,187,200,211,202,174,,184
197,Harrison Mevis,K7,LAR,194.4,,149,184,252,,182,205
198,Tre Harris,WR72,LAC,195.0,174,249,204,185,162,,175
199,Eddy Pineiro,K8,SF,196.8,,171,186,214,,199,214
200,Ryan Flournoy,WR73,DAL,198.6,187,251,205,173,169,,195
201,Jauan Jennings,WR74,MIN,199.3,196,195,203,208,170,212,208
202,Will Reichard,K9,MIN,200.2,,170,192,211,,204,224
203,Jaydon Blue,RB61,DAL,200.4,201,247,239,184,177,,155
204,Cam Ward,QB25,TEN,201.6,161,214,219,177,156,,242
205,Tyler Loop,K10,BAL,203.8,,201,190,205,,203,220
206,Jacksonville Jaguars,DEF11,JAX,204.7,,169,254,191,,,
207,Jaylin Noel,WR75,HOU,206.0,219,215,165,195,197,,258
208,Zachariah Branch,WR76,ATL,206.4,190,191,208,222,192,,219
209,Kansas City Chiefs,DEF12,KC,207.7,,211,179,233,,,
210,Greg Dulcich,TE26,MIA,208.7,207,248,258,192,188,210,156
211,Pat Bryant,WR77,DEN,210.0,216,238,253,168,173,,218
212,Minnesota Vikings,DEF13,MIN,210.3,,151,300,180,,,
213,Nicholas Singleton,RB62,TEN,210.4,184,210,241,199,212,,190
214,Bryce Young,QB26,CAR,212.4,168,237,218,167,166,,274
215,Gunnar Helm,TE27,TEN,213.4,197,255,215,225,196,,176
216,Harrison Butker,K11,KC,214.0,,175,187,263,,188,257
217,Kayshon Boutte,WR78,HOU,215.4,171,258,210,183,201,,225
218,Cyrus Allen,WR79,KC,216.2,189,173,378,182,165,,183
219,Cairo Santos,K12,CHI,216.4,,217,191,218,,197,259
220,Rashod Bateman,WR80,BAL,217.8,228,254,163,219,214,,239
221,Calvin Ridley,WR81,TEN,218.0,190,320,147,213,204,194,230
222,Justice Hill,RB63,BAL,219.2,220,,195,265,223,215,198
223,George Holani,RB64,SEA,221.0,225,,246,215,222,,201
224,Evan McPherson,K13,CIN,221.8,,181,256,221,,206,245
225,Green Bay Packers,DEF14,GB,222.0,,202,236,228,,,
226,Jordan James,RB65,SF,223.0,212,,212,292,224,193,194
227,Devaughn Vele,WR82,NO,223.4,228,272,201,200,189,,255
228,Chris Boswell,K14,PIT,224.0,,158,237,249,,,252
229,Kaytron Allen,RB66,WAS,224.0,183,270,240,210,219,,181
230,Kimani Vidal,RB67,LAC,224.8,204,263,214,248,211,,188
231,Fernando Mendoza,QB27,LV,227.2,212,179,268,220,185,,284
232,Isaac TeSlaa,WR83,DET,227.8,198,213,252,247,198,,229
233,Cooper Kupp,WR84,SEA,228.3,232,229,224,240,216,201,260
234,James Conner,RB68,ARI,229.2,221,218,248,234,242,211,222
235,Pat Freiermuth,TE28,PIT,230.0,205,273,206,285,199,,187
236,Demond Claiborne,RB69,MIN,230.6,193,284,242,207,241,,179
237,Chase McLaughlin,K15,TB,231.8,,235,238,251,,209,226
238,Najee Harris,RB70,NYG,234.0,197,228,277,209,207,,249
239,Cade Otton,TE29,TB,234.7,210,261,260,275,193,213,206
240,Germie Bernard,WR85,PIT,235.8,195,250,202,273,206,,248
241,Samaje Perine,RB71,CIN,236.0,224,,223,260,227,,234
242,Eli Stowers,TE30,,237.0,233,,,,237,,
243,Malachi Fields,WR86,NYG,237.4,213,234,284,242,194,,233
244,Antonio Williams,WR87,WAS,238.4,186,264,232,239,229,,228
245,Jacoby Brissett,QB28,ARI,239.2,201,287,220,216,200,,273
246,Sean Tucker,RB72,TB,239.2,180,290,247,241,205,,213
247,Chris Bell,WR88,MIA,240.4,204,276,231,236,208,,251
248,David Njoku,TE31,LAC,242.8,200,206,290,291,210,,217
249,Ollie Gordon II,RB73,MIA,243.3,209,,222,223,272,,256
250,Adam Randall,RB74,BAL,243.8,216,,243,230,259,,243
251,Ted Hurst,WR89,TB,244.2,215,271,272,244,203,,231
252,Tyquan Thornton,WR90,KC,245.8,221,,233,231,232,,287
253,Andy Borregales,K16,NE,246.8,,155,351,246,,,235
254,Indianapolis Colts,DEF15,IND,248.7,,222,255,269,,,
255,Darren Waller,TE32,CAR,249.5,249,,259,289,209,,241
256,Seth McGowan,RB75,IND,250.5,235,,280,258,228,,236
257,Jaylen Wright,RB76,MIA,251.8,239,302,221,259,250,,227
258,Aaron Rodgers,QB29,PIT,252.4,197,243,269,257,182,,311
259,Keon Coleman,WR91,BUF,253.0,216,257,234,274,215,,285
260,Isaiah Davis,RB77,NYJ,254.5,226,,226,212,287,,293
261,Geno Smith,QB30,NYJ,255.3,213,,267,255,190,,309
262,Jack Bech,WR92,LV,256.2,217,265,264,232,234,,286
263,Tampa Bay Buccaneers,DEF16,TB,258.0,,253,235,286,,,
264,Kyle Williams,WR93,,258.0,,,,,258,,
265,San Francisco 49ers,DEF17,SF,258.7,,226,297,253,,,
266,Evan Engram,TE33,DEN,259.3,235,,289,304,221,,223
267,Dallas Cowboys,DEF18,DAL,262.0,,198,361,227,,,
268,Chicago Bears,DEF19,CHI,262.0,,230,286,270,,,
269,Michael Penix,QB31,ATL,262.0,240,240,310,267,231,,
270,Trey Smack,K17,GB,262.5,,219,287,276,,,268
271,Darnell Mooney,WR94,NYG,266.2,185,308,273,245,238,,267
272,Jahan Dotson,WR95,ATL,266.8,291,,228,235,261,,343
273,Isaiah McKoy,WR96,,269.0,,269,,,,,
274,Colby Parkinson,TE34,LAR,270.0,237,316,312,266,218,,238
275,Michael Mayer,TE35,LV,270.3,256,,293,308,230,,250
276,Jake Tonges,TE36,SF,271.0,244,279,311,307,251,,207
277,Xavier Hutchinson,WR97,HOU,271.5,320,,263,296,225,,302
278,Cincinnati Bengals,DEF20,CIN,273.0,,278,285,256,,,
279,Tory Horton,WR98,SEA,274.0,222,242,271,306,252,,299
280,Darius Slayton,WR99,NYG,275.5,215,,229,282,260,,331
281,DJ Giddens,RB78,IND,275.8,224,,251,310,279,,263
282,Xavier Legette,WR100,CAR,276.3,239,,227,278,256,,344
283,Cleveland Browns,DEF21,CLE,276.3,,353,176,300,,,
284,Mike Gesicki,TE37,CIN,276.8,230,,292,314,226,,275
285,Buffalo Bills,DEF22,BUF,278.0,,225,366,243,,,
286,Tua Tagovailoa,QB32,ATL,278.4,223,260,296,261,217,,358
287,Wil Lutz,K18,DEN,278.4,,321,346,229,,214,282
288,Mason Taylor,TE38,NYJ,280.2,253,232,325,313,255,,276
289,Deshaun Watson,QB33,CLE,281.8,242,,270,309,233,,315
290,Eli Stowers,TE39,PHI,282.0,212,268,330,284,,,246
291,LeQuint Allen,RB79,JAX,282.3,243,,245,336,283,,265
292,Emari Demercado,RB80,KC,282.3,287,,249,327,300,,253
293,Shedeur Sanders,QB34,CLE,282.6,238,259,301,272,220,,361
294,DeMario Douglas,WR101,NE,284.0,306,,274,303,236,,323
295,Dion Lewis,RB81,,285.0,,285,,,,,
296,Emanuel Wilson,RB82,SEA,285.6,225,312,265,287,298,,266
297,Jake Elliott,K19,PHI,286.3,,224,288,347,,,
298,Charlie Kolar,TE40,LAC,287.0,217,,390,268,213,,277
299,Ty Johnson,RB83,BUF,288.0,219,,225,330,305,,292
300,Kendre Miller,RB84,NO,288.2,224,233,281,293,295,,339
301,Atlanta Falcons,DEF23,ATL,289.0,,241,364,262,,,
302,Kamryn Pettway,RB85,,289.0,,289,,,,,
303,Marvin Mims,WR102,DEN,289.8,284,223,261,339,274,,352
304,Chris Brooks,RB86,GB,290.0,194,,250,294,336,,280
305,Elijah Arroyo,TE41,SEA,293.3,268,,324,318,253,,278
306,Eli Raridon,TE42,NE,293.3,236,,389,283,247,,254
307,Carson Beck,QB35,ARI,293.3,245,,316,321,243,,
308,Troy Franklin,WR103,DEN,294.0,206,282,369,297,239,,283
309,Jalen Tolbert,WR104,MIA,294.5,280,,230,352,284,,312
310,Erick All,TE43,CIN,294.5,,,313,322,262,,281
311,Kirk Cousins,QB36,LV,294.8,245,,302,264,244,,369
312,Briley Moore,TE44,,296.0,,296,,,,,
313,Blake Grupe,K20,IND,296.8,,,349,373,,176,289
314,Chris Swain,RB87,,297.0,,297,,,,,
315,New Orleans Saints,DEF24,NO,297.3,,294,299,299,,,
316,Andrei Iosivas,WR105,CIN,297.8,233,,294,317,248,,332
317,Tanner Gentry,WR106,,298.0,,298,,,,,
318,Darnell Washington,TE45,PIT,298.3,249,,314,288,249,,342
319,Bryce Williams,TE46,,299.0,,299,,,,,
320,Elijah Sarratt,WR107,BAL,299.2,204,245,396,295,235,,325
321,Savion Williams,WR108,GB,299.7,317,,275,344,280,,
322,D.J. Foster,RB88,,300.0,,300,,,,,
323,Theo Johnson,TE47,NYG,301.4,249,252,326,315,273,,341
324,Carolina Panthers,DEF25,CAR,301.7,,266,362,277,,,
325,New York Giants,DEF26,NYG,301.7,,267,359,279,,,
326,Nick Folk,K21,ATL,302.0,,383,257,375,,178,317
327,Austin Ramesh,RB89,,303.0,,303,,,,,
328,Jarveon Howard,RB90,,304.0,,304,,,,,
329,Tahj Brooks,RB91,CIN,304.5,292,,278,280,323,,337
330,Bryce Lance,WR109,NO,305.8,222,,383,298,246,,296
331,Kenjon Barner,RB92,,306.0,,306,,,,,
332,Christian Kirk,WR110,SF,306.8,219,281,388,328,266,,271
333,Lincoln Sefcik,TE48,,307.0,,307,,,,,
334,Malik Benson,WR111,LV,308.3,,,371,305,257,,300
335,Garrett Gilbert,QB37,,310.0,,310,,,,,
336,Brashard Smith,RB93,KC,312.0,196,236,305,351,361,,307
337,Cade Klubnik,QB38,,312.0,,,,,312,,
338,Martavis Bryant,WR112,,314.0,,314,,,,,
339,KaVontae Turpin,WR113,DAL,314.7,323,,262,385,297,,
340,Joshua Palmer,WR114,BUF,315.3,253,,377,302,267,,
341,JJ Laap,WR115,,317.0,,317,,,,,
342,C.J. Germany,WR116,,318.0,,318,,,,,
343,Charlie Smyth,K22,NO,318.3,,359,345,271,,,298
344,Josh Adams,RB94,,319.0,,319,,,,,
345,Chimere Dike,WR117,TEN,319.4,219,246,384,326,281,,360
346,Elic Ayomanor,WR118,TEN,320.2,213,280,418,316,268,,319
347,Justin Fields,QB39,KC,321.7,262,,317,359,289,,
348,Gabe Marks,WR119,,322.0,,322,,,,,
349,Luke McNitt,RB95,,323.0,,323,,,,,
350,Tyler Higbee,TE49,LAR,323.0,304,,331,290,348,,
351,Cole Kmet,TE50,CHI,323.8,270,,327,374,276,,318
352,Dawson Knox,TE51,BUF,324.8,270,,323,364,263,,349
353,J.J. McCarthy,QB40,MIN,325.5,258,231,315,396,360,,
354,Marquis Young,RB96,,327.0,,327,,,,,
355,Andrew Peasley,QB41,,329.0,,329,,,,,
356,Kyle Williams,WR120,NE,330.0,289,227,420,343,,,
357,Darius Davis,WR121,,330.0,,330,,,,,
358,Ronald Jones,RB97,,330.0,,,,,330,,
359,Brenen Thompson,WR122,LAC,330.3,312,,410,319,278,,314
360,Jawhar Jordan,RB98,HOU,330.5,316,,282,337,352,,351
361,Colbie Young,WR123,CIN,330.7,,,382,341,269,,
362,Treylon Burks,WR124,WAS,330.8,282,,375,281,291,,376
363,Jeremiah Haydel,WR125,,331.0,,331,,,,,
364,Frank Gore,RB99,,331.0,,,,,331,,
365,Dylan McDuffie,RB100,,332.0,,332,,,,,
366,Kendrick Bourne,WR126,ARI,332.0,282,,370,349,277,,
367,Skyler Bell,WR127,BUF,332.3,224,,406,312,275,,336
368,Jordan Leggett,TE52,,333.0,,333,,,,,
369,Trevor Etienne,RB101,CAR,333.5,245,,279,334,341,,380
370,Matt Seybert,TE53,,334.0,,334,,,,,
371,Josh Pederson,TE54,,334.5,,295,,,374,,
372,John Franklin,WR128,,336.0,,336,,,,,
373,Garrett Scantling,WR129,ATL,337.0,,337,,,,,
374,Tyree Mayfield,TE55,,338.0,,338,,,,,
375,Phil Mafah,RB102,DAL,338.0,,,276,338,435,,303
376,Zavion Thomas,WR130,CHI,338.0,285,,391,346,265,,350
377,Jalen Hurd,WR131,,339.0,,339,,,,,
378,Reggie White,WR132,,340.0,,340,,,,,
379,Marquez Clark,WR133,,341.0,,341,,,,,
380,Tennessee Titans,DEF27,TEN,341.3,,363,360,301,,,
381,Zonovan Knight,RB103,ARI,341.5,349,,306,377,,,
382,Matt Colburn,RB104,,342.0,,342,,,,,
383,Hollywood Brown,WR134,PHI,342.3,238,,395,350,282,,
384,Isaiah Bond,WR135,CLE,342.7,273,,400,340,288,,
385,Trayone Gray,RB105,,345.0,,345,,,,,
386,Mac Jones,QB42,SF,345.7,259,,319,409,309,,
387,Noah Gray,TE56,KC,346.0,284,,329,417,314,,324
388,Oscar Delp,TE57,NO,346.3,273,,432,325,308,,320
389,Malik Davis,RB106,DAL,348.0,267,,632,250,240,,270
390,Trenton Cannon,RB107,,349.0,,349,,,,,
391,Ja'Tavion Sanders,TE58,CAR,349.7,276,,328,397,324,,
392,Devin Singletary,RB108,NYG,349.8,195,,549,226,286,,338
393,Joe Flacco,QB43,CIN,350.3,325,,318,388,345,,
394,Roman Wilson,WR136,PIT,350.8,337,,404,348,294,,357
395,DaVaris Daniels,WR137,,351.0,,351,,,,,
396,Mack Hollins,WR138,NE,352.0,243,,407,345,304,,
397,Cole Hunt,TE59,,354.0,,354,,,,,
398,Max Klare,TE60,LAR,356.4,228,305,332,491,338,,316
399,Devontez Walker,WR139,BAL,356.7,331,,379,398,293,,
400,Devin Gray,WR140,,357.0,,357,,,,,
401,C.J. Daniels,WR141,LAR,358.0,,,452,342,290,,348
402,Matt Gay,K23,LV,358.3,,346,353,376,,,
403,Dillon Mitchell,WR142,,360.0,,360,,,,,
404,Kalif Raymond,WR143,CHI,360.0,324,,372,423,285,,
405,Ashton Dulin,WR144,IND,360.7,327,,401,311,370,,
406,Luke McCaffrey,WR145,WAS,361.5,217,,428,323,328,,367
407,Brandon Aiyuk,WR146,SF,362.0,237,315,567,332,299,,297
408,JaQuan Hardy,RB109,,362.0,,362,,,,,
409,Calvin Austin,WR147,NYG,366.0,215,,439,320,339,,
410,Riley Patterson,K24,MIA,366.3,,356,352,386,,,371
411,T.J. Vasher,WR148,,367.0,,367,,,,,
412,Demarcus Robinson,WR149,SF,367.0,340,,455,414,270,,329
413,Dont'e Thornton,WR150,LV,368.0,,,,,368,,
414,Alonzo Moore,WR151,,370.0,,370,,,,,
415,Bryce Love,RB110,,371.0,,371,,,,,
416,Ben Bryant,QB44,,373.0,,373,,,,,
417,KeAndre Lambert-Smith,WR152,LAC,374.0,,,430,,318,,
418,Olamide Zaccheaus,WR153,ATL,374.7,245,,398,391,335,,
419,Tez Johnson,WR154,TB,375.7,222,,421,399,307,,
420,Jake Herslow,WR155,,376.0,,376,,,,,
421,Matt LaCosse,TE61,NE,377.0,,,,,377,,
422,Tommy Tremble,TE62,CAR,378.7,,,333,402,401,,
423,Arizona Cardinals,DEF28,ARI,379.3,,366,367,405,,,
424,Greg Dortch,WR156,DET,379.3,339,,440,383,315,,
425,Breshad Perriman,WR157,,380.0,,,,,380,,
426,Miami Dolphins,DEF29,MIA,381.3,,397,368,379,,,
427,Osirus Mitchell,WR158,,382.0,,382,,,,,
428,Jahdae Walker,WR159,CHI,382.3,,,473,420,254,,
429,Elijah Marks,WR160,,384.0,,384,,,,,
430,Las Vegas Raiders,DEF30,LV,384.7,,374,365,415,,,
431,Michael Colubiale,TE63,,385.0,,385,,,,,
432,Washington Commanders,DEF31,WAS,385.5,,,363,408,,,
433,John Hoyland,K25,,386.0,,386,,,,,
434,Tutu Atwell,WR161,MIA,386.0,300,,295,434,429,,
435,Noah Fant,TE64,NO,386.0,294,,392,368,398,,
436,Tyreek Hill,WR162,,386.4,247,216,837,355,245,,279
437,Jacob Breeland,TE65,,387.0,,387,,,,,
438,Trey Potts,RB111,,388.0,,388,,,,,
439,Josh Oliver,TE66,MIN,388.7,,,386,378,402,,
440,Devin Neal,RB112,NO,390.0,241,212,738,324,343,,333
441,Treyton Pickering,TE67,,390.0,,390,,,,,
442,Raphael Leonard,WR163,,391.0,,391,,,,,
443,Justin Joly,TE68,DEN,391.8,290,,453,461,306,,347
444,Casey Bauman,QB45,,393.0,,393,,,,,
445,Chad Ryland,K26,ARI,394.0,,454,356,372,,,
446,Joey Slye,K27,TEN,394.0,,457,355,370,,,
447,Trey Benson,RB113,ARI,395.4,244,325,681,333,332,,306
448,Martez Carter,RB114,,396.0,,396,,,,,
449,Daniel Bellinger,TE69,TEN,398.0,,,,400,396,,
450,Taywan Taylor,WR164,,399.0,,399,,,,,
451,Elijah Higgins,WR165,ARI,399.7,,,380,426,393,,
452,Jordan Smallwood,WR166,,401.0,,401,,,,,
453,Mitch Mathews,WR167,,402.0,,402,,,,,
454,John Metchie,WR168,CAR,404.3,,,603,404,316,,294
455,Jawon Chisholm,RB115,,405.0,,405,,,,,
456,Senorise Perry,RB116,,406.0,,406,,,,,
457,Jordan Johnson,RB117,,408.0,,408,,,,,
458,Devin Mahina,TE70,,409.0,,409,,,,,
459,Kevin Coleman Jr.,WR169,MIA,409.0,321,,397,573,321,,345
460,Tyshaun James,WR170,,410.0,,410,,,,,
461,Andre Szmyt,K28,CLE,410.7,,443,357,432,,,
462,Ryan Fitzgerald,K29,CAR,413.3,,450,354,436,,,
463,Will Kacmarek,TE71,MIA,413.7,,,381,523,337,,
464,Ben Sinnott,TE72,WAS,413.7,,,413,422,406,,
465,Audric Estime,RB118,NO,413.8,296,262,682,353,358,,
466,Kai Forbath,K30,,414.0,,414,,,,,
467,Luke Lundy,RB119,,416.0,,416,,,,,
468,Kendal Thompson,WR171,,417.0,,417,,,,,
469,Redford Jones,K31,,418.0,,418,,,,,
470,Dyami Brown,WR172,WAS,419.7,338,,373,447,439,,
471,Ryan Coe,K32,,420.0,,420,,,,,
472,Marlin Klein,TE73,HOU,420.8,,,469,522,322,,370
473,Josh Babicz,TE74,,421.0,,421,,,,,
474,Devlin Hodges,QB46,,423.0,,423,,,,,
475,Luke Musgrave,TE75,GB,423.0,297,,437,437,395,,
476,Austin Hooper,TE76,ATL,423.8,,563,334,380,483,,359
477,Devontae Jackson,RB120,,425.0,,425,,,,,
478,Jayden Higgins,WR173,HOU,425.2,,192,719,365,673,,177
479,Robert Burns,RB121,,426.0,,426,,,,,
480,Tanner Koziol,TE77,JAX,427.7,,,463,471,349,,
481,Alexander Hollins,WR174,,428.0,,428,,,,,
482,Jordan Franks,TE78,,429.0,,429,,,,,
483,Sam Roush,TE79,CHI,429.0,,,472,468,347,,
484,Marcus Mariota,QB47,WAS,429.7,305,,342,533,414,,
485,Anthony Ratliff-Williams,WR175,,430.0,,430,,,,,
486,Jason Vander Laan,TE80,,431.0,,431,,,,,
487,Roschon Johnson,RB122,CHI,434.3,,,643,331,433,,330
488,Spencer Ware,RB123,,435.0,,435,,,,,
489,Odell Beckham,WR176,NYG,435.8,,,417,728,271,,327
490,Daniel George,WR177,,436.5,,461,412,,,,
491,Nate Boerkircher,TE81,JAX,436.7,,,427,476,407,,
492,Jason Moore,WR178,,437.0,,437,,,,,
493,Kaleb Johnson,RB124,PIT,437.4,236,220,283,931,397,,356
494,Jalen Royals,WR179,KC,437.5,,,429,607,346,,368
495,DeSean Smith,TE82,,440.0,,440,,,,,
496,John Robinson-Woodgett,RB125,,441.0,,441,,,,,
497,Barion Brown,WR180,NO,443.7,,,442,625,264,,
498,Tanner Hudson,TE83,CIN,446.3,,,402,395,542,,
499,Tyler Bass,K33,BUF,446.5,,398,347,719,,,322
500,Mitchell Tinsley,WR181,CIN,447.0,,,451,443,,,
501,Jonathan Kim,K34,,448.0,,448,,,,,
502,RJ Maryland,TE84,GB,449.0,,,,449,,,
503,DeAngelo Hardy,WR182,,450.0,,,,,450,,
504,Cade Stover,TE85,HOU,450.3,,,393,558,400,,
505,Robert Turbin,RB126,,452.0,,452,,,,,
506,Chase Roberts,WR183,LV,455.0,,455,,,,,
507,Ross Travis,TE86,,456.0,,456,,,,,
508,Sione Vaki,RB127,DET,456.8,,,690,329,444,,364
509,Kevin Harris,RB128,,457.0,,,,,457,,
510,New York Jets,DEF32,NYJ,457.7,,379,298,696,,,
511,Xavier Ubosi,WR184,,458.0,,458,,,,,
512,Mike Bercovici,QB48,,460.0,,460,,,,,
513,Lil'Jordan Humphrey,WR185,DEN,461.7,,,559,416,410,,
514,Jack Podlesny,K35,,463.0,,463,,,,,
515,Krishawn Hogan,WR186,,464.0,,464,,,,,
516,C.J. Worton,WR187,,465.0,,465,,,,,
517,Tre Watson,TE87,KC,465.0,,,,465,,,
518,Duke Williams,WR188,,465.0,,,,,465,,
519,Barrett Burns,TE88,BAL,467.0,,467,,,,,
520,Spencer Rattler,QB49,NO,468.0,,,467,439,498,,
521,Jelani Woods,TE89,NYJ,468.8,,288,608,510,469,,
522,Kahlil Lewis,WR189,,469.0,,469,,,,,
523,Jordan Whittington,WR190,LAR,470.5,305,,399,824,325,,334
524,Kareem Hunt,RB129,,471.3,300,,848,358,375,,304
525,Keith Towbridge,TE90,,472.0,,472,,,,,
526,De'Quan Hampton,WR191,,473.0,,473,,,,,
527,Drew Sample,TE91,CIN,473.0,,,385,549,485,,
528,Carson Wentz,QB50,MIN,473.3,,,555,366,499,,
529,Brett Hundley,QB51,,474.0,,474,,,,,
530,Xavier Johnson,WR192,CIN,474.5,,364,,585,,,
531,Isaiah Williams,WR193,NYJ,475.0,,,374,731,320,,
532,Sam Rogers,RB130,,476.0,,476,,,,,
533,Jaylin Lane,WR194,WAS,476.0,259,,387,699,342,,
534,Matthew Hibner,TE92,BAL,476.0,,,476,,,,
535,Justin Stockton,RB131,,479.0,,479,,,,,
536,Ty Simpson,QB52,LAR,479.8,266,283,335,975,326,,
537,Connor Neighbors,RB132,,480.0,,480,,,,,
538,John Bates,TE93,WAS,481.0,,,394,565,484,,
539,Derrick Dillon,WR195,,482.0,,482,,,,,
540,Devante Davis,WR196,,484.0,,484,,,,,
541,Joe Bacci,RB133,,485.0,,485,,,,,
542,Aaron Parker,WR197,,486.0,,486,,,,,
543,D'Vonte Price,RB134,,487.0,,487,,,,,
544,Gary Jennings,WR198,LAC,487.5,,389,,586,,,
545,Jarquez Hunter,RB135,LAR,488.0,294,275,722,781,327,,335
546,Colby Suits,QB53,,488.0,,488,,,,,
547,Jeremy Ruckert,TE94,NYJ,488.3,,,415,534,516,,
548,Kevin Austin,WR199,NO,488.3,,,708,392,365,,
549,Julian Williams,WR200,,489.0,,489,,,,,
550,Tim Patrick,WR201,NYJ,489.3,,551,553,425,428,,
551,James Washington,WR202,,491.0,,365,,,617,,
552,Trevon Bradford,WR203,,491.0,,491,,,,,
553,Trevontae Hights,WR204,,493.0,,493,,,,,
554,Sy Barnett,WR205,,494.0,,494,,,,,
555,Isaac Guerendo,RB136,SF,494.3,230,,304,941,359,,373
556,Michael Trigg,TE95,DAL,494.5,,309,792,478,399,,
557,Marshall Lang,TE96,MIN,495.0,,,,495,,,
558,Sony Michel,RB137,,496.0,,496,,,,,
559,James Franklin,QB54,,497.0,,497,,,,,
560,J.J. Koski,WR206,,498.0,,498,,,,,
561,Lance Mason,TE97,PIT,499.0,,557,,454,486,,
562,Jimmy Horn Jr.,WR207,CAR,499.3,,,422,725,351,,
563,Kairee Robinson,RB138,,500.0,,500,,,,,
564,Nick Westbrook-Ikhine,WR208,IND,500.0,326,,434,712,354,,
565,John Lovett,RB139,,501.0,,501,,,,,
566,Shawn Bowman,TE98,ARI,501.0,,,,501,,,
567,Skyler Howard,QB55,SEA,502.0,,502,,,,,
568,Jaleel McLaughlin,RB140,DEN,502.3,295,,664,556,434,,355
569,K.J. Costello,QB56,,504.0,,504,,,,,
570,Van Jefferson,WR209,WAS,504.5,,495,570,418,535,,
571,Caleb Shudak,K36,,505.0,,505,,,,,
572,JJ Galbreath,TE99,IND,505.0,,,,505,,,
573,Vance McDonald,TE100,,506.0,,506,,,,,
574,Devin Lucien,WR210,,507.0,,507,,,,,
575,Jon Hilliman,RB141,,508.0,,508,,,,,
576,Zach Ertz,TE101,,510.5,,,869,356,477,,340
577,Reggie Virgil,WR211,ARI,511.0,,,489,636,408,,
578,Isaiah Coulter,WR212,,512.0,,512,,,,,
579,Wilton Speight,QB57,,513.0,,513,,,,,
580,Jamal Robinson,WR213,,514.0,,514,,,,,
581,Ronald Awatt,RB142,,515.0,,515,,,,,
582,Konata Mumpfield,WR214,LAR,515.7,244,,403,827,317,,
583,Germone Hopper,WR215,,517.0,,517,,,,,
584,James Mitchell,TE102,CAR,518.0,,,619,475,460,,
585,Will Shipley,RB143,PHI,518.7,298,,266,946,344,,
586,Ko Kieft,TE103,TB,519.7,,,464,528,567,,
587,Kyle Juszczyk,RB144,SF,520.8,,,376,833,495,,379
588,Devin Carter,WR216,,522.0,,522,,,,,
589,Mitchell Evans,TE104,CAR,522.7,,,724,419,425,,
590,Alex Tanney,QB58,,523.0,,523,,,,,
591,Jameis Winston,QB59,NYG,523.3,303,,336,921,313,,
592,Darius Cooper,WR217,PHI,523.7,,,479,730,362,,
593,Kenneth Harper,RB145,,524.0,,524,,,,,
594,David Porter,WR218,,525.0,,525,,,,,
595,Jackson Hawes,TE105,BUF,526.0,,936,411,407,350,,
596,Malachi Corley,WR219,CLE,526.5,,286,454,838,528,,
597,Bryce Pierre,TE106,,527.0,,,,527,,,
598,Ian Thomas,TE107,LV,527.3,,,485,537,560,,
599,Kaden Wetjen,WR220,PIT,527.3,,,501,638,443,,
600,Anthony Richardson,QB60,IND,528.3,253,,337,891,357,,
601,Bailey Gaither,WR221,,528.5,,277,,,780,,
602,Jake Moody,K37,,528.5,,432,942,362,,,378
603,Mo Alie-Cox,TE108,IND,528.5,343,736,409,542,427,,
604,Davis Mills,QB61,HOU,528.5,,,482,834,421,,377
605,Traeshon Holden,WR222,,529.0,,,,676,382,,
606,Jarvion Franklin,RB146,,530.0,,530,,,,,
607,Roman Hemby,RB147,,530.0,,,,774,470,,346
608,Jason Sanders,K38,NYJ,530.5,,,358,703,,,
609,Luke Schoonmaker,TE109,DAL,531.0,310,,408,697,488,,
610,Mik'Quan Deane,TE110,,532.0,,532,,,,,
611,Josh Cameron,WR223,JAX,533.0,,,521,688,390,,
612,Dres Anderson,WR224,,534.0,,534,,,,,
613,Deion Burks,WR225,IND,535.0,,,,659,411,,
614,Hunter Luepke,RB148,DAL,535.3,,311,416,893,521,,
615,Marcus Tucker,WR226,,536.0,,536,,,,,
616,David Sills,WR227,TB,538.0,,527,602,532,491,,
617,Maxx Williams,TE111,,539.0,,539,,,,,
618,Dylan Laube,RB149,LV,539.0,,,307,1008,302,,
619,Drew Estrada,WR228,,540.0,,540,,,,,
620,Dominik Eberle,K39,,541.0,,541,,,,,
621,Hunter Long,TE112,JAX,541.0,,,588,406,629,,
622,Alex McNulty,K40,,542.0,,542,,,,,
623,Isaiah Hodgins,WR229,NYG,542.3,,,575,538,514,,
624,Jake Roh,TE113,,543.0,,543,,,,,
625,Raheim Sanders,RB150,CLE,543.3,350,,747,335,548,,
626,Reggie Diggs,WR230,,544.0,,544,,,,,
627,Kenyan Drake,RB151,,544.5,,447,,,642,,
628,Chris Moore,WR231,BAL,544.7,,,526,551,557,,
629,Theo Wease Jr.,WR232,MIA,545.5,341,,746,691,432,,313
630,Mitch Van Vooren,WR233,DAL,546.0,,629,,463,,,
631,Rasheen Ali,RB152,BAL,546.7,,,308,938,394,,
632,Eric Rivers,WR234,TB,547.0,,483,,669,489,,
633,Chad Williams,WR235,,547.0,,547,,,,,
634,AJ Dillon,RB153,CAR,547.0,,,568,909,385,,326
635,Ben Sims,TE114,MIA,547.5,,624,441,543,582,,
636,Sean Modster,WR236,,548.0,,548,,,,,
637,Chris Brazzell II,WR237,CAR,548.2,,519,778,693,389,,362
638,Javon McKinley,WR238,,549.0,,549,,,,,
639,Ricky Pearsall,WR239,SF,549.2,,293,680,361,1148,,264
640,J'Mari Taylor,RB154,JAX,550.5,,,,782,319,,
641,Kayron Lynch-Adams,RB155,,551.5,,510,,,593,,
642,Taysom Hill,TE115,,553.3,346,,814,371,475,,
643,Devron Harper,WR240,,554.0,,554,,,,,
644,Brevyn Spann-Ford,TE116,DAL,554.7,,,457,804,403,,
645,Damarea Crockett,RB156,,555.0,,555,,,,,
646,Spencer Shrader,K41,IND,555.3,,490,1009,357,,,365
647,Darrius Shepherd,WR241,,556.0,,556,,,,,
648,Dominic Zvada,K42,NYG,556.7,,462,348,860,,,
649,Michael Hiers,QB62,,558.0,,558,,,,,
650,Jack Endries,TE117,CIN,558.3,,,783,500,392,,
651,Sam Schnee,WR242,,561.0,,561,,,,,
652,Devin Culp,TE118,TB,561.0,,,688,459,536,,
653,Robert Henry Jr.,RB157,WAS,561.5,,752,,780,386,,328
654,Matt Bryant,K43,,562.0,,562,,,,,
655,Coleman Owen,WR243,IND,562.7,,291,774,623,,,
656,Kendrick Law,WR244,DET,562.7,,,779,575,334,,
657,Nick Muse,TE119,ATL,563.7,,,618,490,583,,
658,Gabe Nabers,RB158,,564.0,,564,,,,,
659,Brandon Silvers,QB63,,565.0,,565,,,,,
660,Shane Zylstra,TE120,BUF,565.7,,,599,530,568,,
661,James Turner,K44,,567.0,,567,,,,,
662,Devon Johnson,RB159,,568.0,,568,,,,,
663,Colin Jeter,TE121,,571.0,,571,,,,,
664,Kenny Cook,WR245,,572.0,,572,,,,,
665,Jacoby Jones,WR246,WAS,572.3,,350,768,599,,,
666,Tyler Eifert,TE122,,573.0,,573,,,,,
667,Tyler Johnson,WR247,DAL,573.0,,759,569,424,540,,
668,Zach Olstad,RB160,,574.0,,574,,,,,
669,Tyler Badie,RB161,DEN,575.0,,,309,894,522,,
670,Sincere McCormick,RB162,SF,575.3,,,704,563,459,,
671,Younghoe Koo,K45,,576.0,,439,856,433,,,
672,Jimmy Williams,WR248,,577.0,,577,,,,,
673,Jacob Saylors,RB163,DET,577.7,,,320,949,464,,
674,Austin Ekeler,RB164,,577.7,,,850,428,455,,
675,James McCourt,K46,,579.0,,579,,,,,
676,Trinidad Chambliss,QB64,,580.0,,,,,580,,
677,Sterling Shepard,WR249,HOU,580.3,,698,863,389,371,,
678,Anthony Jones,RB165,,581.0,,581,,,,,
679,Cole Burgess,WR250,PIT,582.0,,,,582,,,
680,Bisi Johnson,WR251,,583.0,,583,,,,,
681,Hale Hentges,TE123,,584.0,,584,,,,,
682,Jake Briningstool,TE124,KC,584.5,,,,494,675,,
683,Joseph Parker,WR252,,585.0,,585,,,,,
684,Luke Farrell,TE125,SF,585.0,,668,450,711,511,,
685,Jarrett Stidham,QB65,DEN,585.0,,,338,997,420,,
686,Jeremy McNichols,RB166,WAS,585.0,,,540,705,510,,
687,Ahmad Fulwood,WR253,,586.0,,586,,,,,
688,Jacob Cowing,WR254,SF,586.0,,,514,797,447,,
689,Joe Mixon,RB167,,587.0,,239,836,382,891,,
690,Matt Colburn,RB168,,587.0,,587,,,,,
691,Chris Blewitt,K47,,588.0,,588,,,,,
692,Marquez Valdes-Scantling,WR255,DAL,588.0,,998,554,445,355,,
693,Chris Thompson,RB169,,590.0,,590,,,,,
694,Durham Smythe,TE126,BAL,590.7,,,419,841,512,,
695,Ryan Santoso,K48,,591.0,,591,,,,,
696,Scotty Washington,WR256,,591.0,,,,,591,,
697,Tyson Bagent,QB66,CHI,591.3,,,343,1014,417,,
698,Mason Pline,TE127,KC,591.5,,,,520,663,,
699,Kenji Bahar,QB67,,593.0,,593,,,,,
700,Tyler Huntley,QB68,BAL,593.3,,,474,890,416,,
701,Sam Howell,QB69,DAL,593.7,,,344,979,458,,
702,Xavier Jones,RB170,,594.0,,594,,,,,
703,Bryan Thompson,WR257,,594.5,,589,,,600,,
704,Jeremiah Webb,WR258,NE,594.5,,622,,567,,,
705,Mike Strachan,WR259,,595.0,,595,,,,,
706,Jack Heneghan,QB70,,596.0,,596,,,,,
707,Jerome Ford,RB171,WAS,596.3,291,,616,724,449,,
708,Jordan Akins,TE128,,596.7,,392,796,,602,,
709,Robert Tonyan,TE129,PIT,597.3,,949,528,466,446,,
710,Jalin Hyatt,WR260,NYG,597.5,,,647,897,472,,374
711,Shae Wyatt,WR261,,598.0,,598,,,,,
712,Jacques Patrick,RB172,,598.0,,,,,598,,
713,Zack Kuntz,TE130,DAL,598.3,,,657,492,646,,
714,Cary Angeline,TE131,,599.0,,599,,,,,
715,Jordan Ellis,RB173,,600.0,,600,,,,,
716,Chase Roberts,WR262,,600.0,,,,661,539,,
717,Drake Dabney,TE132,GB,601.0,,533,773,497,,,
718,KJ Hamler,WR263,,601.0,,,,,601,,
719,Tyler Goodson,RB174,ATL,601.3,,935,676,354,440,,
720,Baylor Cupp,TE133,,602.7,,609,716,483,,,
721,Marcedes Lewis,TE134,,603.0,,516,816,455,625,,
722,Jaylen Samuels,RB175,,605.0,,605,,,,,
723,Tommy DeVito,QB71,NE,605.3,,,341,973,502,,
724,David Fales,QB72,,606.0,,606,,,,,
725,Tip Reiman,TE135,ARI,607.7,,,481,836,506,,
726,Quinn Ewers,QB73,MIA,607.7,,,498,907,418,,
727,Ben DiNucci,QB74,,608.0,,,,,608,,
728,Leroy Watson,TE136,,610.0,,,,,610,,
729,Myles Price,WR264,MIN,610.3,,,509,934,388,,
730,Chris Coleman,WR265,,611.0,,611,,,,,
731,Jamaal Pritchett,WR266,NYJ,611.7,,400,,624,811,,
732,Kevin Shaa,WR267,,612.0,,612,,,,,
733,Jakeem Grant,WR268,,612.0,,,,,612,,
734,Savon Scarver,WR269,,613.0,,613,,,,,
735,Jeff Smith,WR270,,615.0,,415,,,815,,
736,Milton Wright,WR271,,615.0,,615,,,,,
737,Easop Winston,WR272,,615.0,,,,,615,,
738,Maurice Alexander,WR273,CHI,615.3,,,642,595,609,,
739,Gerald Everett,TE137,,615.7,,403,826,,618,,
740,Xavier Smith,WR274,LAR,615.8,,783,445,826,409,,
741,Stephen Sullivan,TE138,,616.0,,575,900,,373,,
742,Kaden Smith,TE139,,616.0,,,,,616,,
743,Jordan Watkins,WR275,SF,616.3,,,726,678,445,,
744,Kisean Johnson,WR276,GB,617.0,,,,617,,,
745,Phillip Dorsett,WR277,LV,618.3,,,542,631,682,,
746,Kaden Davis,WR278,CHI,618.3,,,707,681,467,,
747,David Moore,WR279,CAR,619.0,,828,551,544,553,,
748,Matt Ammendola,K49,,620.0,,620,,,,,
749,Luke Drzewiecki,K50,,620.5,,378,,863,,,
750,Luke Floriea,WR280,CLE,622.0,,,,622,,,
751,Deshaun Fenwick,RB176,,622.0,,,,,622,,
752,Ryan Willis,QB75,,623.0,,623,,,,,
753,Nick Williams,WR281,DEN,623.0,,,,,623,,
754,Caleb Lohner,TE140,DEN,623.7,,,734,517,620,,
755,Pharaoh Brown,TE141,IND,624.0,,,563,553,756,,
756,Nick Kallerup,TE142,SEA,624.0,,,760,488,,,
757,Tim Cook,RB177,,625.0,,625,,,,,
758,Nikola Kalinic,TE143,CHI,625.3,,520,635,467,879,,
759,Nate Adkins,TE144,DEN,626.0,,984,425,552,543,,
760,Jaren Kanak,TE145,TEN,626.3,,745,780,493,487,,
761,Joshua Simon,TE146,ATL,626.3,,394,,480,1005,,
762,Deante' Gray,WR282,,627.0,,627,,,,,
763,Efton Chism,WR283,NE,627.3,,,518,814,550,,
764,CJ Dippre,TE147,NE,627.5,,626,462,448,974,,
765,Brian Cobbs,WR284,,628.0,,628,,,,,
766,Dare Ogunbowale,RB178,LV,628.0,,,538,915,431,,
767,Dante Pettis,WR285,BUF,628.3,,621,552,811,529,,
768,Jalen Simmons,RB179,,631.0,,631,,,,,
769,Stone Smartt,TE148,PHI,631.3,,,641,709,544,,
770,Chase Claypool,WR286,,632.0,,785,,,479,,
771,Tanner Morgan,QB76,,632.0,,,,,632,,
772,Foster Moreau,TE149,HOU,632.8,,1049,424,545,513,,
773,Devontres Dukes,WR287,,633.0,,633,,,,,
774,Dont'e Thornton Jr.,WR288,LV,633.0,272,,438,828,,,
775,Dontae Fleming,WR289,MIN,633.7,,442,,611,848,,
776,Jeshaun Jones,WR290,MIN,634.5,,352,524,618,1044,,
777,Khalil Herbert,RB180,SF,634.5,,,915,930,372,,321
778,Blake Haubeil,K51,,635.0,,635,,,,,
779,Daniel Carlson,K52,NO,635.5,,,858,413,,,
780,Brett Maher,K53,,636.0,,636,,,,,
781,Elijah Cooks,WR291,CAR,636.0,,,669,588,651,,
782,Eli Heidenreich,RB181,PIT,636.7,311,,787,745,378,,
783,Chandler Cox,RB182,,637.0,,637,,,,,
784,Zamir White,RB183,NO,637.0,,1008,607,902,296,,372
785,Bryson Green,WR292,,637.0,,,,637,,,
786,Samson Nacua,WR293,,637.0,,,,,637,,
787,Makai Polk,WR294,,638.0,,347,,,929,,
788,Arian Smith,WR295,NYJ,639.7,,,504,884,531,,
789,Kyle Sloter,QB77,,640.0,,640,,,,,
790,Leonard Taylor,TE150,,640.0,,674,,,606,,
791,Craig Reynolds,RB184,WAS,640.3,,492,564,953,552,,
792,John Michael Gyllenborg,TE151,KC,640.7,,926,,506,490,,
793,Nick Bawden,RB185,,641.0,,641,,,,,
794,Andrew Ogletree,TE152,IND,641.0,,,470,812,,,
795,Micah Bernard,RB186,,641.0,,,,,641,,
796,John Jiles,WR296,,642.0,,,,642,,,
797,Quincy Skinner,WR297,NYJ,642.5,,618,,667,,,
798,Antonio Gibson,RB187,,642.7,,,894,430,604,,
799,Salvon Ahmed,RB188,CHI,642.8,,1059,577,749,454,,375
800,Sefo Liufau,QB78,,643.0,,643,,,,,
801,Teagan Quitoriano,TE153,ARI,643.0,,,613,503,813,,
802,Cedric Tillman,WR298,CLE,643.3,226,1247,497,393,436,,
803,Eric Dungey,QB79,,644.0,,644,,,,,
804,Davis Allen,TE154,LAR,644.0,,1191,423,421,541,,
805,Jermaine Terry,TE155,CLE,644.5,,781,,508,,,
806,Eli Pancol,WR299,IND,644.5,,,,621,668,,
807,Chris Manhertz,TE156,NYG,645.3,,972,500,540,569,,
808,Lucas Scott,RB189,BAL,646.0,,559,,733,,,
809,Tyree Jackson,TE157,,646.3,,481,882,477,745,,
810,Brittain Brown,RB190,CHI,646.7,,,623,741,576,,
811,Payne Durham,TE158,TB,647.0,,804,431,829,524,,
812,Derius Davis,WR300,LAC,647.0,,,444,926,571,,
813,Antwane Wells Jr.,WR301,ATL,647.0,,,,647,,,
814,DeShone Kizer,QB80,,648.0,,648,,,,,
815,Ty Chandler,RB191,NO,648.0,,,615,820,509,,
816,Austin Mack,WR302,,648.0,,,,,648,,
817,Aeneas Dennis,QB81,,649.0,,649,,,,,
818,Pete Guerriero,RB192,,649.0,,,,,649,,
819,Mason Tipton,WR303,NO,649.5,,666,433,839,660,,
820,Quintin Morris,TE159,JAX,649.7,,,628,795,526,,
821,Adam Trautman,TE160,DEN,649.8,,1380,405,410,404,,
822,Jacob Huesman,QB82,,650.0,,650,,,,,
823,Raheem Blackshear,RB193,,650.3,,,633,844,474,,
824,Caden Prieskorn,TE161,CAR,650.7,,529,,479,944,,
825,Mario Williams,WR304,,651.0,,,,603,699,,
826,Brock Wright,TE162,DET,652.0,,1445,426,381,356,,
827,Raleigh Webb,WR305,,652.0,,,,,652,,
828,J.J. Taylor,RB194,,652.3,,326,902,,729,,
829,Ventell Bryant,WR306,,653.0,,653,,,,,
830,Julius Chestnut,RB195,TEN,653.0,,,626,1004,329,,
831,Hayden Rucci,TE163,SF,653.0,,,765,484,710,,
832,Brock Lampe,RB196,SEA,653.5,,560,,747,,,
833,Marquise Williams,QB83,,654.0,,654,,,,,
834,Qadir Ismail,WR307,CHI,654.5,,778,,531,,,
835,Mathieu Severance,RB197,,655.0,,655,,,,,
836,Riley Leonard,QB84,IND,656.7,342,,460,1010,500,,
837,Jalen Cropper,WR308,NO,657.0,,,712,602,,,
838,Trey Lance,QB85,LAC,657.7,,,459,1020,494,,
839,Tanner McKee,QB86,PHI,658.0,,,456,1017,501,,
840,Shawn Poindexter,WR309,,660.0,,660,,,,,
841,Jam Miller,RB198,NE,660.0,,,785,783,412,,
842,Mason Rudolph,QB87,PIT,660.3,,,539,1016,426,,
843,Lan Larison,RB199,NE,661.3,,,749,784,451,,
844,Tim Wilson,WR310,,662.0,,662,,,,,
845,Dezmon Patmon,WR311,,662.0,,,,,662,,
846,Tyler Conklin,TE164,DET,662.3,,1321,468,412,448,,
847,Jake Browning,QB88,TB,662.3,,,340,707,940,,
848,Damien Martinez,RB200,GB,662.3,,,733,734,520,,
849,Albert Okwuegbunam,TE165,LV,663.3,,,572,452,966,,
850,Lucas Krull,TE166,DEN,663.3,,,637,830,523,,
851,Simi Fehoko,WR312,ARI,664.0,,,594,927,471,,
852,Eric McAlister,WR313,,664.0,,,,,664,,
853,David Blough,QB89,,665.0,,716,,,614,,
854,LaJohntay Wester,WR314,BAL,665.0,,,510,920,565,,
855,Sage Surratt,TE167,,665.5,,328,,,1003,,
856,Aaron Anderson,WR315,,666.0,,789,,619,590,,
857,Andy Dalton,QB90,PHI,666.0,,,556,1018,424,,
858,Le'Veon Moss,RB201,,667.5,,,,739,596,,
859,Brevin Jordan,TE168,HOU,668.5,,1121,590,525,438,,
860,Josiah Deguara,TE169,NYG,669.0,,,571,796,640,,
861,Michael Gallup,WR316,,669.0,,,,,669,,
862,Mitchell Trubisky,QB91,TEN,669.3,,,494,1011,503,,
863,Rashard Higgins,WR317,,669.5,,451,,,888,,
864,Dae'quan Wright,TE170,,669.5,,,,518,821,,
865,KJ Hill,WR318,LAC,670.0,,670,,,,,
866,JuJu Smith-Schuster,WR319,,670.0,348,,842,427,741,,
867,Anthony Firkser,TE171,,670.5,,576,802,562,742,,
868,Nikko Remigio,WR320,KC,670.7,,,512,928,572,,
869,Eric Saubert,TE172,SEA,670.8,,829,478,831,545,,
870,Donovan Edwards,RB202,MIA,671.0,,604,744,770,566,,
871,Reggie Bonnafon,RB203,,671.0,,671,,,,,
872,Paul Richardson,WR321,,671.0,,,,,671,,
873,Anthony Gould,WR322,IND,671.3,,,513,937,564,,
874,Joe Milton,QB92,DAL,671.3,,,694,1019,301,,
875,River Cracraft,WR323,,672.0,,,532,715,769,,
876,Kye Robichaux,RB204,,672.5,,602,,743,,,
877,Kylen Granson,TE173,TEN,673.0,,694,593,846,559,,
878,Cam Grandy,TE174,CIN,673.0,,,711,546,762,,
879,Devin Duvernay,WR324,ARI,674.0,,,516,932,574,,
880,Derek Carr,QB93,,674.0,,,867,,481,,
881,Messiah Swinson,TE175,GB,674.3,,324,,458,1241,,
882,Dameon Pierce,RB205,PHI,675.7,332,,605,929,493,,
883,Austin MacGinnis,K54,,676.0,,676,,,,,
884,Quez Watkins,WR325,PHI,676.0,,,573,609,846,,
885,Marcus Yarns,RB206,,676.0,,,,,676,,
886,Carlos Washington,RB207,MIA,678.3,,361,710,788,854,,
887,Zane Gonzalez,K55,,678.5,,,997,360,,,
888,Colton Theaker,K56,,680.0,,680,,,,,
889,Hassan Hall,RB208,,680.0,,,,,680,,
890,E.J. Jenkins,TE176,PHI,680.3,,,714,469,858,,
891,Armani Rogers,TE177,,681.0,,,,,681,,
892,Adam Choice,RB209,,682.0,,682,,,,,
893,Jackson Meeks,WR326,DET,682.3,,791,764,547,627,,
894,Joe Royer,TE178,CLE,682.5,,1382,436,521,391,,
895,Derek Carrier,TE179,,683.0,,683,,,,,
896,Cam Camper,WR327,NYJ,683.5,,,,684,683,,
897,Jordan Hudson,WR328,,683.5,,,,689,678,,
898,Jordan Reed,TE180,,684.0,,684,,,,,
899,Ameer Abdullah,RB210,JAX,684.0,,933,544,817,442,,
900,Samori Toure,WR329,PHI,684.0,,,620,594,838,,
901,Jake Funk,RB211,,685.5,,607,,,764,,
902,Terion Stewart,RB212,,685.7,,685,,785,587,,
903,Will Howard,QB94,PIT,685.7,,,740,964,353,,
904,Feleipe Franks,TE181,CAR,686.0,,,596,892,570,,
905,Kaden Prather,WR330,GB,686.0,,,732,690,636,,
906,Zaire Mitchell-Paden,TE182,NO,686.0,,,763,481,814,,
907,Stephen Anderson,TE183,,686.0,,,,,686,,
908,Gabe Davis,WR331,,686.3,,446,897,403,999,,
909,Jjay Mcafee,TE184,,687.0,,687,,,,,
910,Josh McCown,QB95,,688.0,,688,,,,,
911,Montrell Johnson,RB213,,688.0,,,,771,605,,
912,Seth Henigan,QB96,,689.0,,,,1002,376,,
913,Gunner Olszewski,WR332,NYG,689.3,,,560,819,689,,
914,Russell Gage,WR333,,689.5,,,798,,581,,
915,Johnny Mundt,TE185,PHI,690.0,,,487,713,870,,
916,Michael Bandy,WR334,DEN,690.0,,,523,698,849,,
917,Sam Pitz,TE186,,690.0,,,,,690,,
918,Tyrell Shavers,WR335,BUF,690.5,,1313,446,441,562,,
919,Wayne Taulapapa,RB214,,691.0,,691,,,,,
920,Donald Parham,TE187,,691.7,,,887,529,659,,
921,Mason Kinsey,WR336,TEN,692.0,,,525,901,650,,
922,Kalif Jackson,TE188,MIA,693.0,,693,,,,,
923,Taylen Green,QB97,CLE,693.3,,,782,958,340,,
924,Mac Dalena,WR337,BUF,693.7,,639,,589,853,,
925,Will Levis,QB98,TEN,693.7,,,644,940,497,,
926,Demetric Felton,RB215,,694.0,,,,,694,,
927,Jalen Reagor,WR338,MIA,696.0,,578,505,720,981,,
928,Jarius Wright,WR339,,696.0,,696,,,,,
929,Jack Stoll,TE189,CLE,698.0,,954,495,810,533,,
930,Blake Whiteheart,TE190,CLE,698.3,,,671,873,551,,
931,Eric Ebron,TE191,PIT,699.0,,355,,,1043,,
932,Brycen Tremayne,WR340,CAR,699.0,,395,491,832,1078,,
933,Eldridge Massington,WR341,NO,699.0,,699,,,,,
934,Tarik Cohen,RB216,,700.0,,,,,700,,
935,D'Ernest Johnson,RB217,TEN,701.0,,601,561,947,695,,
936,Ryan Finley,QB99,,701.0,,701,,,,,
937,Eric Gray,RB218,NYG,701.0,,,653,837,613,,
938,James O'Shaughnessy,TE192,,701.0,,,,,701,,
939,Lorenzo Lingard,RB219,,701.5,,470,,,933,,
940,Gage Larvadain,WR342,CLE,702.0,,,517,887,,,
941,Ronnie Rivers,RB220,LAR,702.3,,,634,943,530,,
942,Chris Hogan,WR343,,703.0,,703,,,,,
943,Derrick Gore,RB221,,703.0,,,,,703,,
944,Manny Wilkins,QB100,,704.0,,704,,,,,
945,Landon Rice,TE193,,705.0,,705,,,,,
946,Sean McKeon,TE194,IND,705.0,,,904,509,702,,
947,Kameron Johnson,WR344,TB,705.5,,,503,908,,,
948,Josh Ferguson,RB222,,706.0,,706,,,,,
949,Jake Bobo,WR345,SEA,707.0,,,670,896,555,,
950,Tommy Sweeney,TE195,,707.0,,,,,707,,
951,Trevor Siemian,QB101,,708.0,,445,817,982,588,,
952,Aleva Hifo,WR346,,709.0,,709,,,,,
953,Jaelon Darden,WR347,,710.3,,833,914,,384,,
954,Aca'Cedric Ware,RB223,,711.0,,711,,,,,
955,Jerick McKinnon,RB224,,711.0,,,,,711,,
956,Michael Ezeike,TE196,,712.0,,477,,,947,,
957,Mecole Hardman,WR348,BUF,712.0,,1112,548,710,478,,
958,Dalevon Campbell,WR349,LAC,712.0,,,776,648,,,
959,Isaiah McKenzie,WR350,,712.0,,,,,712,,
960,Josh Johnson,QB102,CIN,712.3,,771,558,1013,507,,
961,Josh Cuevas,TE197,BAL,712.5,,1511,477,457,405,,
962,TJ Sheffield,WR351,,713.0,,713,,,,,
963,Tyrod Taylor,QB103,GB,713.0,347,1173,461,803,415,,
964,Lawrence Keys,WR352,,713.0,,,,641,785,,
965,T.J. Luther,WR353,,713.5,,582,,,845,,
966,Beaux Collins,WR354,ATL,713.8,,546,751,881,677,,
967,Preston Williams,WR355,,714.0,,714,,,,,
968,Anthony McFarland,RB225,,714.0,,,,,714,,
969,Zay Jones,WR356,HOU,714.8,,1076,846,550,387,,
970,Luke Lachey,TE198,,715.0,,427,1012,485,936,,
971,Diontae Spencer,WR357,,715.0,,715,,,,,
972,Matt Barkley,QB104,,715.5,,553,,,878,,
973,British Brooks,RB226,HOU,715.5,,,508,923,,,
974,Alex McGough,QB105,,718.0,,528,,,908,,
975,Will Ferrin,K57,,718.0,,580,,856,,,
976,Garrett Walston,TE199,,718.0,,718,,,,,
977,Stephen Gosnell,WR358,BUF,718.0,,856,,580,,,
978,Ben Mason,TE200,,718.0,,,,,718,,
979,Brandon Allen,QB106,NYG,718.3,,,536,993,626,,
980,Connor Bazelak,QB107,TB,718.5,,434,,1003,,,
981,Michael Carter,RB227,TEN,718.8,,1408,581,369,517,,
982,Peter Pujals,QB108,,719.0,,719,,,,,
983,Dylan Drummond,WR359,ATL,719.3,,313,679,870,1015,,
984,Ben Yurosek,TE201,MIN,719.3,,,757,843,558,,
985,Jared Cook,TE202,,720.0,,720,,,,,
986,Xavier Guillory,WR360,BAL,720.7,,438,,584,1140,,
987,Jalen Milroe,QB109,SEA,720.7,,,721,1028,413,,
988,Jimmy Holiday,WR361,KC,721.0,,801,772,590,,,
989,Tru Edwards,WR362,LAR,721.0,,,,649,793,,
990,Lewis Bond,WR363,HOU,721.8,,1344,484,606,453,,
991,Chad Beebe,WR364,,722.0,,722,,,,,
992,Jacob Hollister,TE203,,723.0,,616,,,830,,
993,Javess Blue,WR365,,723.0,,723,,,,,
994,McCallan Castles,TE204,GB,723.0,,,,486,960,,
995,Payton Thorne,QB110,,723.0,,,,,723,,
996,Treyton Welch,TE205,NO,723.3,,,758,462,950,,
997,Charlie Woerner,TE206,ATL,723.5,,1067,486,816,525,,
998,Cade York,K58,,724.0,,453,926,793,,,
999,Brenden Rice,WR366,,724.8,,412,981,687,819,,
1000,Junior Bergen,WR367,NYJ,724.8,,603,1013,577,706,,
1001,Brett Gabbert,QB111,,725.0,,725,,,,,
1002,Drew Allar,QB112,PIT,725.4,293,1535,458,969,311,,354
1003,Dillon Gabriel,QB113,CLE,726.0,,,720,954,504,,
1004,Cornelius Johnson,WR368,BAL,726.3,,,686,654,839,,
1005,Haynes King,QB114,CAR,726.5,,,,980,473,,
1006,KhaDarel Hodge,WR369,SF,727.0,,,541,905,735,,
1007,Emmanuel Henderson Jr,WR370,SEA,727.0,,,791,664,726,,
1008,Lawrence Cager,TE207,WAS,727.7,,,580,513,1090,,
1009,Stephen Carlson,TE208,CHI,728.0,,,562,516,1106,,
1010,Kenny Golladay,WR371,,728.0,,,,,728,,
1011,Frank Gore Jr.,RB228,BUF,728.5,,,713,744,,,
1012,Dylan Cantrell,TE209,,729.0,,729,,,,,
1013,C.J. Uzomah,TE210,,729.5,,,812,,647,,
1014,Trenton Irwin,WR372,SF,730.0,,647,566,798,909,,
1015,Seth Green,TE211,,730.0,,730,,,,,
1016,Noah Cain,RB229,,730.0,,,,,730,,
1017,Melvin Gordon,RB230,,730.5,,672,,,789,,
1018,Chase Cota,WR373,,731.0,,,,,731,,
1019,Montorie Foster,WR374,SEA,731.3,,1099,,632,463,,
1020,Cade Klubnik,QB115,NYJ,733.0,295,,488,978,,,
1021,Zander Horvath,RB231,,733.0,,,,,733,,
1022,Austin Allen,TE212,,733.5,,449,,,1018,,
1023,Jeff Wilson,RB232,,733.7,,614,820,,767,,
1024,Braxton Burmeister,WR375,,734.0,,734,,,,,
1025,Qadree Ollison,RB233,,734.0,,,,,734,,
1026,Eric Wallace,TE213,,735.0,,735,,,,,
1027,Ian Wheeler,RB234,BUF,735.5,,717,,754,,,
1028,Josh Whyle,TE214,GB,735.8,,1496,471,539,437,,
1029,Cody Schrader,RB235,DEN,736.0,,,702,766,740,,
1030,Caullin Lacy,WR376,,736.0,,,,610,862,,
1031,Drew Stevens,K59,WAS,736.3,,997,350,862,,,
1032,Michael Wiley,RB236,,736.3,,,991,756,462,,
1033,Nelson Agholor,WR377,,736.5,,,862,,611,,
1034,Chris Carson,RB237,,737.0,,813,,,661,,
1035,Trey Palmer,WR378,NO,737.0,,,661,718,832,,
1036,Irvin Charles,WR379,SEA,737.0,,,668,806,,,
1037,Rocky Lombardi,QB116,,737.0,,,,,737,,
1038,Dante Miller,RB238,NYG,737.5,,,697,778,,,
1039,Jibri Blount,TE215,,738.0,,738,,,,,
1040,Dede Westbrook,WR380,,738.0,,,,,738,,
1041,Trevon Grimes,WR381,,739.0,,739,,,,,
1042,Taylor Bertolet,K60,,740.0,,740,,,,,
1043,John FitzPatrick,TE216,,740.5,,511,931,700,820,,
1044,Ryan Griffin,TE217,,740.5,,663,818,,,,
1045,Neil Pau'u,WR382,,741.0,,741,,,,,
1046,Tejhaun Palmer,WR383,NE,741.0,,,692,583,948,,
1047,Juwann Winfree,WR384,,741.0,,,,572,910,,
1048,Clive Walford,TE218,,743.0,,,,,743,,
1049,Tay Martin,WR385,DET,743.3,,753,640,579,1001,,
1050,Casey Washington,WR386,CAR,743.7,,,685,717,829,,
1051,Colton Dowell,WR387,,744.0,,368,955,600,1053,,
1052,A.J. Ouellette,RB239,,744.0,,744,,,,,
1053,Nick Mullens,QB117,JAX,744.5,,1188,339,1029,422,,
1054,Shedrick Jackson,WR388,LV,746.0,,851,673,674,786,,
1055,Deion Hankins,RB240,,746.0,,,,746,,,
1056,Kenny Pickett,QB118,CAR,746.3,,,465,1023,751,,
1057,Alexander Mattison,RB241,,746.5,,570,835,440,1141,,
1058,Corey Clement,RB242,,746.5,,769,,,724,,
1059,Dallen Bentley,TE219,DEN,746.7,,,790,474,976,,
1060,Isaac Rex,TE220,,747.0,,700,,,794,,
1061,Bauer Sharp,TE221,TB,747.0,,,784,453,1004,,
1062,Michael Badgley,K61,,747.5,,646,849,,,,
1063,Cam Sutton,TE222,,748.0,,748,,,,,
1064,Phillip Lindsay,RB243,,748.0,,,,,748,,
1065,Jack Westover,TE223,NE,748.3,,459,718,912,904,,
1066,Carson Steele,RB244,PHI,748.8,,992,698,825,480,,
1067,Kobe McCrary,RB245,,749.0,,749,,,,,
1068,Julian Hicks,WR389,SEA,749.0,,821,,677,,,
1069,Penny Hart,WR390,,749.0,,,,,749,,
1070,Zack Annexstad,QB119,,749.5,,689,,,810,,
1071,Cyrus Holder,WR391,,750.0,,750,,,,,
1072,D.J. Montgomery,WR392,IND,750.3,,1069,601,627,704,,
1073,Garrett Dickerson,TE224,,751.0,,751,,,,,
1074,ShunDerrick Powell,RB246,,751.0,,,,751,,,
1075,Moliki Matavao,TE225,NO,753.0,,,736,507,1016,,
1076,Mason Shipley,K62,,754.0,,656,,852,,,
1077,Shaq Roland,WR393,CHI,755.0,,755,,,,,
1078,Keleki Latu,TE226,BUF,755.0,,,759,487,1019,,
1079,Malik Heath,WR394,ATL,755.8,,721,962,564,776,,
1080,Jerod Evans,QB120,,756.0,,756,,,,,
1081,Dylan Leonard,TE227,,757.0,,757,,,,,
1082,Logan Woodside,QB121,,758.0,,381,,,1135,,
1083,Lenny Krieg,K63,,758.0,,665,,851,,,
1084,Tre' McKitty,TE228,WAS,758.0,,669,,489,1116,,
1085,Troy Hairston,RB247,,758.0,,,938,,578,,
1086,Chris Freeman,K64,,759.0,,657,,861,,,
1087,Joe Reed,WR395,,759.0,,,,,759,,
1088,Tyler Kroft,TE229,,759.5,,436,,,1083,,
1089,Kenny Yeboah,TE230,,759.8,,526,918,536,1059,,
1090,Corey Kiner,RB248,ARI,760.0,,658,745,880,757,,
1091,Chase Allen,TE231,,761.0,,761,,,,,
1092,Grant Calcaterra,TE232,PHI,761.0,,1405,612,535,492,,
1093,Laquon Treadwell,WR396,IND,762.0,,914,530,916,688,,
1094,Sam Ficken,K65,,763.0,,763,,,,,
1095,Bryce Oliver,WR397,TEN,764.0,,865,706,721,,,
1096,Jalen Virgil,WR398,,764.0,,,937,578,777,,
1097,Nate Carter,RB249,ATL,764.5,,,750,779,,,
1098,Noah Thomas,WR399,CIN,764.7,,1097,,660,537,,
1099,Drew Anderson,QB122,,765.0,,765,,,,,
1100,Xavier Restrepo,WR400,TEN,765.0,,1311,742,566,441,,
1101,O.J. Howard,TE233,,766.0,,,,,766,,
1102,Brandin Cooks,WR401,,766.3,,,871,442,986,,
1103,Gavin Bartholomew,TE234,MIN,766.5,,1243,723,514,586,,
1104,Patrick Murtagh,TE235,,767.0,,767,,,,,
1105,Quintez Cephus,WR402,,767.0,,841,,,693,,
1106,Joseph Ngata,WR403,,768.0,,550,959,,795,,
1107,Jason Huntley,RB250,,768.0,,,,,768,,
1108,Sal Cannella,TE236,,768.3,,888,1016,460,709,,
1109,Michael Woods,WR404,DEN,768.8,,731,932,716,696,,
1110,Jamal Haynes,RB251,,769.0,,,,769,,,
1111,Irv Smith,TE237,,769.7,,843,833,,633,,
1112,Jaylen Smith,WR405,,770.0,,770,,,,,
1113,Josh Williams,RB252,TB,771.8,,1187,322,773,805,,
1114,Mike Harley,WR406,,772.0,,566,,,978,,
1115,John Baron,K66,,772.0,,772,,,,,
1116,Daijun Edwards,RB253,,772.0,,874,,,670,,
1117,Kenny McIntosh,RB254,,772.0,,942,947,818,381,,
1118,Godwin Igwebuike,RB255,,772.5,,292,,,1253,,
1119,Je'Quan Burton,WR407,,772.5,,659,,,886,,
1120,Anthony Tyus,RB256,CAR,773.0,,818,,736,765,,
1121,Patrick Ricard,RB257,NYG,773.0,,,496,951,872,,
1122,Jadon Janke,WR408,,773.0,,,,,773,,
1123,Seydou Traore,TE238,MIA,773.3,,1256,786,524,527,,
1124,Avery Williams,RB258,,773.5,,,916,,631,,
1125,Travon McMillian,RB259,,774.0,,774,,,,,
1126,Hendon Hooker,QB123,TEN,774.0,,,645,985,692,,
1127,Geoff Swaim,TE239,,774.0,,,851,,697,,
1128,Jamaal Williams,RB260,,774.0,,,857,,691,,
1129,Jerome Cunningham,TE240,,776.0,,776,,,,,
1130,Jeff Caldwell,WR409,KC,776.3,,1353,,597,379,,
1131,Clyde Edwards-Helaire,RB261,,776.5,,,888,,665,,
1132,A.J. Green,WR410,,777.0,,777,,,,,
1133,Tanner McLachlan,TE241,,777.0,,985,696,511,916,,
1134,Kyle Allen,QB124,BUF,777.3,,1229,490,967,423,,
1135,Brayden Willis,TE242,SF,777.3,,,662,898,772,,
1136,Tyler Lockett,WR411,,777.3,,,859,435,1038,,
1137,JaMycal Hasty,RB262,NE,777.8,,970,576,813,752,,
1138,Trace McSorley,QB125,,778.0,,,,,778,,
1139,Josh Reynolds,WR412,,778.3,,,811,431,1093,,
1140,Chandler Brayboy,WR413,JAX,778.5,,754,748,612,1000,,
1141,Zach Heins,TE243,,779.0,,779,,,,,
1142,Dan Villari,TE244,LAR,779.3,,917,,496,925,,
1143,Thomas Fidone II,TE245,NYG,779.7,,,728,450,1161,,
1144,Julian Allen,RB263,,780.0,,780,,,,,
1145,Deion Burks (Duplicate),WR414,,781.0,,,781,,,,
1146,Tre Nixon,WR415,,781.0,,,,,781,,
1147,DeAndre Carter,WR416,,782.0,,,800,939,607,,
1148,Richie James,WR417,,782.0,,,,,782,,
1149,Cody White,WR418,SEA,783.3,,1216,598,801,518,,
1150,Ben Sauls,K67,NYG,784.7,,478,1018,858,,,
1151,Ray-Ray McCloud,WR419,CHI,784.7,,,533,561,1260,,
1152,Tahj Washington,WR420,,784.7,,,691,670,993,,
1153,Tai Felton,WR421,MIN,785.3,,1466,466,899,310,,
1154,Jaydn Ott,RB264,KC,785.7,,1096,,753,508,,
1155,DJ Turner,WR422,,785.7,,,935,701,721,,
1156,Patrick Carr,RB265,,787.0,,787,,,,,
1157,DeMeer Blankumsee,WR423,,787.0,,,,,787,,
1158,Elliott Fry,K68,,788.0,,788,,,,,
1159,Jordan Travis,QB126,,789.0,,,984,,594,,
1160,Vinny Anthony II,WR424,ATL,789.3,,,,568,1447,,353
1161,Nick Eubanks,TE246,,790.0,,790,,,,,
1162,Teddy Bridgewater,QB127,,790.0,,,876,989,505,,
1163,Thomas Odukoya,TE247,,790.0,,,996,,584,,
1164,Xavier Gipson,WR425,NYG,790.3,,747,667,948,799,,
1165,Thomas Yassmin,TE248,GB,790.3,,499,,526,1346,,
1166,Sam Brown,WR426,,791.0,,,,,791,,
1167,Jacolby George,WR427,,791.5,,592,,,991,,
1168,Malik Cunningham,QB128,DET,791.5,,1261,665,645,595,,
1169,Joel Wilson,TE249,TEN,792.0,,503,,482,1391,,
1170,Eric Tomlinson,TE250,,792.0,,712,801,,863,,
1171,Princeton Fant,TE251,DAL,792.3,,,672,504,1201,,
1172,Julian Hill,TE252,NE,794.0,,1258,666,706,546,,
1173,Xavier Weaver,WR428,ARI,794.3,,1100,700,845,532,,
1174,Skyy Moore,WR429,GB,794.3,,1404,519,885,369,,
1175,Julian Fleming,WR430,,795.0,,795,,,,,
1176,JJ Molson,K69,,796.0,,796,,,,,
1177,Tyrie Cleveland,WR431,,796.0,,,,,796,,
1178,Eli Stove,WR432,,797.0,,797,,,,,
1179,Brenden Bates,TE253,CLE,797.0,,,701,722,968,,
1180,Blake Bell,TE254,,797.0,,,,,797,,
1181,Nick Chubb,RB266,,797.3,,,839,384,1169,,
1182,Deven Thompkins,WR433,LV,797.5,,988,625,910,667,,
1183,Brandon Powell,WR434,,797.5,,,794,,801,,
1184,Daniel Arias,WR435,,798.0,,,,,798,,
1185,Hunter Dekkers,QB129,NO,798.5,,642,,955,,,
1186,Will Mallory,TE255,IND,799.3,,1523,656,557,461,,
1187,Kearis Jackson,WR436,,799.5,,,964,,635,,
1188,Joel Stave,QB130,,800.0,,800,,,,,
1189,Cam Sims,WR437,,800.0,,,,,800,,
1190,Adam Prentice,RB267,DEN,801.7,,,447,950,1008,,
1191,Dean Connors,RB268,LAR,802.0,,1236,,740,430,,
1192,Cephus Johnson,WR438,,802.0,,,,,802,,
1193,Jason Brownlee,WR439,KC,803.3,,,663,651,1096,,
1194,DJ Rogers,TE256,DAL,803.5,,,,456,1151,,
1195,Courtney Jackson,WR440,TEN,805.0,,1041,,569,,,
1196,Connor Heyward,TE257,LV,805.0,,1373,448,903,496,,
1197,Ramel Keyton,WR441,,805.3,,301,993,,1122,,
1198,Jaheim Bell,TE258,PIT,805.3,,,693,555,1168,,
1199,Caden Davis,K70,,805.5,,597,1014,,,,
1200,Tim Boyle,QB131,,805.7,,274,821,,1322,,
1201,Marchie Murdock,WR442,,806.0,,806,,,,,
1202,Chris Hilton Jr.,WR443,,806.0,,883,,635,900,,
1203,Hunter Bryant,TE259,,806.0,,,,,806,,
1204,Ben Skowronek,WR444,PIT,806.3,,1250,502,900,573,,
1205,Jalen Brooks,WR445,ARI,806.3,,1451,522,888,364,,
1206,K.J. Osborn,WR446,TEN,806.3,,,574,708,1137,,
1207,Auden Tate,WR447,,807.0,,807,,,,,
1208,Jashaun Corbin,RB269,DAL,807.0,,,,777,837,,
1209,Justin Johnson,TE260,,807.0,,,,,807,,
1210,Cole Turner,TE261,MIA,807.3,,,614,512,1296,,
1211,Karel Hamilton,WR448,,808.0,,808,,,,,
1212,Keilan Robinson,RB270,,808.5,,,983,,634,,
1213,Matthew Slater,WR449,,809.5,,358,,,1261,,
1214,Roc Taylor,WR450,CAR,809.5,,,,613,1006,,
1215,Harrison Wallace III,WR451,,809.7,,762,,630,1037,,
1216,Christopher Dunn,K71,,810.0,,675,945,,,,
1217,Roosevelt Nix,RB271,,810.0,,810,,,,,
1218,Jake Verity,K72,,811.0,,811,,,,,
1219,Chase Edmonds,RB272,,812.0,,466,841,768,1173,,
1220,C.J. Anderson,RB273,,812.0,,812,,,,,
1221,Tanner Conner,TE262,NYG,812.0,,,629,727,1080,,
1222,Jaylon Moore,WR452,,813.0,,960,,,666,,
1223,Ricky White,WR453,SEA,813.0,,1322,731,643,556,,
1224,Carter Runyon,TE263,LV,813.5,,,756,871,,,
1225,De'Mornay Pierson-El,WR454,,814.0,,814,,,,,
1226,Chris Blair,WR455,ATL,814.5,,1022,678,662,896,,
1227,Racey McMath,WR456,,816.0,,681,,,951,,
1228,Greg Bell,RB274,,816.0,,,,,816,,
1229,Parris Campbell,WR457,,816.3,,537,831,702,1195,,
1230,Chris Collier,RB275,LV,816.7,,,717,849,884,,
1231,Cedrick Wilson,WR458,DET,816.8,,962,534,878,893,,
1232,Jared Wayne,WR459,HOU,816.8,,1374,715,601,577,,
1233,Deon Jackson,RB276,,817.0,,,,,817,,
1234,Zach Pascal,WR460,,817.3,,878,795,,779,,
1235,Ulysses Bentley,RB277,IND,817.8,,535,771,760,1205,,
1236,Justin Watson,WR461,HOU,817.8,,1491,414,694,672,,
1237,MyCole Pruitt,TE264,,818.3,,343,806,,1306,,
1238,Devon Allen,WR462,,819.0,,733,,,905,,
1239,Malcolm Epps,TE265,,819.0,,819,,,,,
1240,Andrew Beck,TE266,NYJ,819.3,,937,480,889,971,,
1241,Andy Janovich,RB278,,820.0,,820,,,,,
1242,Mitchell Wilcox,TE267,,820.0,,,921,,719,,
1243,Myles Gaskin,RB279,,820.3,,645,827,,989,,
1244,Gary Brightwell,RB280,CIN,820.8,,793,589,752,1149,,
1245,Ke'Shawn Williams,WR463,CIN,822.0,,1034,515,917,,,
1246,Chris Evans,RB281,,822.0,,,,,822,,
1247,Tylan Wallace,WR464,CLE,822.5,,1269,592,875,554,,
1248,Dai'Jean Dixon,WR465,,823.0,,692,,,954,,
1249,D'Eriq King,QB132,,823.0,,823,,,,,
1250,Trey Burton,TE268,,823.0,,,,,823,,
1251,Kristian Wilkerson,WR466,,823.3,,652,908,663,1070,,
1252,Kalel Mullings,RB282,TEN,823.5,,1440,725,762,367,,
1253,Collin Schlee,QB133,,824.0,,824,,,,,
1254,Malcolm Brown,RB283,,824.0,,,,,824,,
1255,Robbie Ouzts,TE269,SEA,824.3,,924,739,695,939,,
1256,Chris Oladokun,QB134,KC,824.3,,,622,990,861,,
1257,Dalen Cambre,WR467,NYG,824.5,,690,755,653,1200,,
1258,Mark Vital,TE270,,825.0,,825,,,,,
1259,Austin Seibert,K73,,825.0,,,825,,,,
1260,Rashod Owens,WR468,,826.0,,344,,,1308,,
1261,Reid Sinnett,QB135,,826.0,,,,,826,,
1262,Dareke Young,WR469,LV,826.3,,1317,520,919,549,,
1263,Bud Sasser,WR470,,827.0,,827,,,,,
1264,Austin Jones,RB284,,827.0,,,,,827,,
1265,Jalon Calhoun,WR471,,828.0,,906,,,750,,
1266,Pierre Strong,RB285,GB,828.3,,1375,611,808,519,,
1267,SaRodorick Thompson,RB286,,828.3,,786,974,,725,,
1268,Graham Mertz,QB136,HOU,828.5,,726,727,987,874,,
1269,Thyrick Pitts,WR472,,829.0,,1003,,,655,,
1270,Will Dissly,TE271,,829.0,,,840,429,1218,,
1271,Jack Plummer,QB137,,829.5,,792,,,867,,
1272,Carl Tucker,TE272,,830.0,,830,,,,,
1273,Nyheim Hines,RB287,,830.0,,,830,,,,
1274,Brennan Presley,WR473,LAR,830.8,,1092,775,614,842,,
1275,Darius Bradwell,RB288,,832.0,,832,,,,,
1276,Quentin Skinner,WR474,BUF,832.8,,826,767,605,1133,,
1277,Louis Rees-Zammit,RB289,,833.0,,679,987,,,,
1278,Nick Nash,WR475,WAS,833.0,,,741,598,1160,,
1279,Kendall Milton,RB290,CIN,833.3,,,709,750,1041,,
1280,Jordan Waters,RB291,LAR,833.5,,,,761,906,,
1281,Josiah Price,TE273,,834.0,,834,,,,,
1282,Kobe Hudson,WR476,,834.0,,,,,834,,
1283,Ihmir Smith-Marsette,WR477,ARI,834.7,,,591,800,1113,,
1284,Ainias Smith,WR478,,834.7,,,982,559,963,,
1285,James Robinson,RB292,,835.0,,1085,,,585,,
1286,Kelly Akharaiyi,WR479,,835.0,,,,,835,,
1287,Brandon Johnson,WR480,LV,835.8,,1014,639,616,1074,,
1288,Gardner Minshew,QB138,ARI,835.8,344,1338,499,1024,482,,
1289,Giovanni Ricci,TE274,,836.7,,817,922,,771,,
1290,James Gilbert,RB293,,837.0,,837,,,,,
1291,Hunter Renfrow,WR481,,837.0,,1278,810,401,859,,
1292,Zimari Manning,WR482,,838.0,,838,,,,,
1293,John Rhys Plumlee,QB139,,838.0,,1080,,596,,,
1294,Brandon Smith,WR483,PIT,838.3,,1084,624,650,995,,
1295,Ryan Tannehill,QB140,,838.5,,964,,,713,,
1296,Austin Proehl,WR484,,839.0,,839,,,,,
1297,Kene Nwangwu,RB294,NYJ,839.7,,,303,918,1298,,
1298,Jason Bean,QB141,,840.0,,877,,,803,,
1299,Keandre Lambert-Smith (duplicate),WR485,LAC,840.0,,,,840,,,
1300,Matt Corral,QB142,,840.0,,,,,840,,
1301,Sammis Reyes,TE275,,840.5,,1043,,,638,,
1302,Jalin Conyers,TE276,,841.0,,,,519,1163,,
1303,Ronnie Brown,RB295,,842.0,,842,,,,,
1304,Spencer Brown,RB296,,842.0,,901,,,783,,
1305,Jalen Walthall,WR486,,842.3,,686,,634,1207,,
1306,DJ Chark,WR487,,843.0,,,843,,,,
1307,Chester Rogers,WR488,,843.0,,,,,843,,
1308,James Butler,RB297,,844.0,,844,,,,,
1309,Greg Ward,WR489,,844.0,,,,,844,,
1310,Kyle McCord,QB143,GB,844.3,,,737,963,833,,
1311,Danny Gray,WR490,PHI,844.8,,956,609,644,1170,,
1312,Ke'Shawn Vaughn,RB298,,845.0,,887,890,,758,,
1313,Joshua Dobbs,QB144,DET,845.0,,1461,475,1025,419,,
1314,Cameron Latu,TE277,PHI,845.3,,1295,648,877,561,,
1315,Emmanuel Sanders,WR491,,846.0,,846,,,,,
1316,Kendric Pryor,WR492,CIN,846.0,,,631,640,1267,,
1317,Cooper Rush,QB145,ATL,846.3,,1371,537,1021,456,,
1318,Dan Chisena,WR493,CAR,846.8,,928,578,726,1155,,
1319,Kody Case,WR494,,847.0,,847,,,,,
1320,Artavis Pierce,RB299,,848.0,,848,,,,,
1321,Noah Brown,WR495,,848.3,,1020,527,444,1402,,
1322,Jonathan Mingo,WR496,DAL,848.5,,1537,483,906,468,,
1323,Allen Robinson,WR497,,849.0,,610,868,,1069,,
1324,Zach Davidson,TE278,,849.3,,1028,917,,603,,
1325,Garrett Groshek,RB300,,850.0,,850,,,,,
1326,Kansei Matsuzawa,K74,LV,850.0,,,,850,,,
1327,Drew Plitt,QB146,,851.0,,,,,851,,
1328,Cole Murphy,K75,,852.0,,852,,,,,
1329,Neal Johnson,TE279,,852.0,,1019,,,685,,
1330,Dylan Parham,TE280,,852.0,,,,,852,,
1331,Kentrel Bullock,RB301,CIN,852.5,,941,,764,,,
1332,Gee Scott,TE281,,852.5,,,,672,1033,,
1333,CJ Donaldson,RB302,NO,853.0,,617,,790,1152,,
1334,J.J. Jones,WR498,,853.0,,853,,,,,
1335,Keelan Doss,WR499,,853.0,,1052,,,654,,
1336,Zavier Scott,WR500,MIN,853.8,,1474,752,823,366,,
1337,Kenny Stills,WR501,,854.0,,854,,,,,
1338,Chase Cota,WR502,,854.5,,746,963,,,,
1339,Chris Conley,WR503,,855.0,,,860,,850,,
1340,Montrell Washington,WR504,,855.3,,794,933,570,1124,,
1341,Vincent Testaverde,QB147,,857.0,,857,,,,,
1342,Ethan Sanchez,K76,,857.0,,,,857,,,
1343,Jermaine Burton,WR505,,858.0,,871,976,,727,,
1344,Tyler Scott,WR506,LAR,858.0,,,655,802,1117,,
1345,Paul Geelen,K77,,859.0,,,,859,,,
1346,Brayden Narveson,K78,,859.5,,724,995,,,,
1347,Davis Webb,QB148,,860.0,,860,,,,,
1348,Britain Covey,WR507,PHI,860.7,,,511,914,1157,,
1349,Colson Yankoff,TE282,WAS,860.7,,,699,886,997,,
1350,Darrin Hall,RB303,,861.0,,861,,,,,
1351,Amari Cooper,WR508,,861.0,,,861,,,,
1352,Michael Burton,RB304,CLE,861.7,,,449,815,1321,,
1353,Nick Bowers,TE283,,862.0,,509,,,1215,,
1354,Malachi Jones,WR509,,862.0,,862,,,,,
1355,Lucky Jackson,WR510,DET,862.0,,1238,,692,656,,
1356,Peewee Jarrett,QB149,,863.0,,863,,,,,
1357,Royce Freeman,RB305,,864.0,,,,,864,,
1358,Alex Erickson,WR511,,864.7,,632,803,,1159,,
1359,Jabari Small,RB306,DET,865.0,,667,,737,1191,,
1360,Chosen Anderson,WR512,,865.0,,,865,,,,
1361,Hakeem Butler,TE284,,865.0,,,,679,1051,,
1362,Shane Buechele,QB150,BUF,865.3,,424,630,974,1433,,
1363,DeeJay Dallas,RB307,JAX,865.8,,1333,321,952,857,,
1364,Ryan Switzer,WR513,,866.0,,866,,,,,
1365,Austin Stogner,TE285,,866.0,,907,,,825,,
1366,Cole Fotheringham,TE286,,866.0,,,,,866,,
1367,Brandon McManus,K79,,868.0,,1363,874,367,,,
1368,Stetson Bennett,QB151,LAR,868.0,,,646,966,992,,
1369,Ryan Miller,WR514,MIA,868.3,,835,675,872,1091,,
1370,Darwin Thompson,RB308,,869.0,,869,,,,,
1371,Tyler Davis,TE287,,869.0,,,,,869,,
1372,Lew Nichols,RB309,PIT,869.7,,,654,763,1192,,
1373,Jalen Greene,WR515,,870.0,,870,,,,,
1374,Darrell Henderson,RB310,,870.0,,1061,,,679,,
1375,Kazmeir Allen,WR516,,870.0,,1288,,,452,,
1376,Justin Tucker,K80,,870.0,,,870,,,,
1377,Dalvin Cook,RB311,,870.3,,1018,838,,755,,
1378,Malik Flowers,WR517,,870.5,,545,,,1196,,
1379,Evan Hull,RB312,ARI,870.7,,,651,922,1039,,
1380,Colt McCoy,QB152,,872.0,,872,,,,,
1381,Nick Vannett,TE288,SEA,872.0,,1233,531,438,1286,,
1382,Erik Ezukanma,WR518,PHI,872.0,,,610,655,1351,,
1383,Jonnu Smith,TE289,,872.7,,,815,363,1440,,
1384,Chip Trayanum,RB313,,873.0,,,,758,988,,
1385,Daylen Baldwin,WR519,,873.0,,,,,873,,
1386,David Martin-Robinson,TE290,TEN,874.7,,,703,835,1086,,
1387,Trent Taylor,WR520,,875.0,,727,799,592,1382,,
1388,Tyrell Williams,WR521,,875.0,,875,,,,,
1389,Equanimeous St. Brown,WR522,,875.0,,,824,,926,,
1390,Johnathan Lloyd,WR523,,876.0,,876,,,,,
1391,Cole Payton,QB153,PHI,877.0,,,789,965,,,
1392,Dustin Hopkins,K81,,877.0,,,877,,,,
1393,Joshua Karty,K82,,877.7,,1265,978,390,,,
1394,Isaiah Neyor,WR524,GB,878.3,,1310,743,652,808,,
1395,John Ross,WR525,,878.5,,,1010,,747,,
1396,Travis Benjamin,WR526,,879.0,,879,,,,,
1397,Desmond Reid,RB314,,879.7,,1129,,735,775,,
1398,Khalil Tate,WR527,,880.0,,880,,,,,
1399,Gerrid Doaks,RB315,,880.0,,1062,,,698,,
1400,Terrace Marshall,WR528,MIA,880.0,,1139,584,732,1065,,
1401,Dennis Houston,WR529,TB,880.0,,,638,673,1329,,
1402,Nate McCrary,RB316,,881.0,,999,,,763,,
1403,John Wolford,QB154,,881.3,,915,903,968,739,,
1404,Trent Sherfield,WR530,BUF,881.5,,1530,529,904,563,,
1405,Jamal Agnew,WR531,,881.5,,,793,,970,,
1406,Connor Jessop,QB155,,882.0,,882,,,,,
1407,Jakobie Keeney-James,WR532,PIT,882.5,,1543,754,576,657,,
1408,Jared Wiley,TE291,KC,882.8,,1337,683,464,1047,,
1409,Mike Williams,WR533,,884.0,,695,854,,1103,,
1410,Richard Rodgers,TE292,,884.0,,1036,,,732,,
1411,John Kelly,RB317,,884.0,,,819,,949,,
1412,Deontay Burnett,WR534,,886.0,,375,,,1397,,
1413,J.J. Arcega-Whiteside,TE293,,886.0,,886,,,,,
1414,Khari Blasingame,RB318,,887.0,,422,885,,1354,,
1415,J.P. Holtz,TE294,,887.0,,,,,887,,
1416,Israel Abanikanda,RB319,DAL,887.7,,,652,776,1235,,
1417,Hassan Haskins,RB320,NE,888.0,,,606,944,1114,,
1418,Lincoln Victor,WR535,,889.0,,889,,,,,
1419,Emani Bailey,RB321,,889.0,,,,,889,,
1420,Cam Johnson,WR536,,890.0,,890,,,,,
1421,DeAndre Washington,RB322,,890.5,,1011,,,770,,
1422,Rivaldo Fairweather,TE295,ARI,890.7,,1388,,472,812,,
1423,Cullen Gillaspia,RB323,,891.0,,891,,,,,
1424,DeAndre Hopkins,WR537,,891.7,345,,866,411,1398,,
1425,Cody Latimer,WR538,,892.0,,521,,,1263,,
1426,Skylar Thompson,QB156,BAL,892.0,,,621,998,1057,,
1427,Owen Wright,RB324,HOU,892.3,,1544,677,759,589,,
1428,L.J. Scott,RB325,,893.0,,893,,,,,
1429,Thayer Thomas,WR539,,893.5,,348,,,1439,,
1430,Davion Davis,WR540,,894.0,,,,,894,,
1431,Jordan Murray,TE296,,895.0,,,,,895,,
1432,Matt Prater,K83,,895.3,,1419,880,387,,,
1433,Charlie Jones,WR541,CIN,896.3,,,507,925,1257,,
1434,Isaiah Winstead,WR542,PIT,897.0,,,,629,1165,,
1435,Tucker Fisk,TE297,,898.0,,,966,848,880,,
1436,John Copenhaver,TE298,,898.0,,,,,898,,
1437,Jack Sorenson,WR543,,899.0,,899,,,,,
1438,Jason Cabinda,RB326,,899.0,,,,,899,,
1439,Antoine Green,WR544,,899.3,,859,949,,890,,
1440,Johnny Wilson,WR545,PHI,899.3,,,695,729,1274,,
1441,Jimmy Graham,TE299,,900.0,,900,,,,,
1442,Harrison Bryant,TE300,,900.5,,1007,896,868,831,,
1443,Jaret Patterson,RB327,LAC,901.3,,1329,597,560,1119,,
1444,Justin Manton,K84,,902.0,,902,,,,,
1445,Deonte Harty,WR546,,902.0,,,884,,920,,
1446,Jalen Wydermyer,TE301,,902.0,,,,,902,,
1447,Miles Sanders,RB328,,903.0,,1024,828,394,1366,,
1448,Dominic Lovett,WR547,DET,903.8,,855,735,657,1368,,
1449,Elijah Moore,WR548,PHI,903.8,,1539,583,541,952,,
1450,Cody Thompson,WR549,,904.0,,764,925,,1023,,
1451,Damon Hazelton,WR550,,904.0,,904,,,,,
1452,Rodney Smith,RB329,,905.5,,1127,,,684,,
1453,Alec Ingold,RB330,LAC,905.5,,1279,435,933,975,,
1454,Patrick Herbert,TE302,JAX,905.5,,,,499,1312,,
1455,Ja'Lynn Polk,WR551,,906.8,,758,977,714,1178,,
1456,Lake McRee,TE303,PIT,907.0,,934,,498,1289,,
1457,Ja'Quinden Jackson,RB331,PHI,907.5,,,,757,1058,,
1458,Zach Horton,TE304,DET,907.7,,1452,769,502,,,
1459,C.J. Ham,RB332,,909.0,,,797,,1021,,
1460,Matthew Wright,K85,,909.0,,,909,,,,
1461,CJ Verdell,RB333,,910.0,,910,,,,,
1462,Jacob Warren,TE305,,910.5,,552,,,1269,,
1463,Tanner Brown,K86,NO,910.5,,,956,865,,,
1464,Jonathan Ward,RB334,BAL,910.7,,,579,842,1311,,
1465,Mark Weisman,RB335,,912.0,,912,,,,,
1466,Jerjuan Newton,WR552,,912.0,,,,,912,,
1467,Seth Williams,WR553,,912.5,,864,,,961,,
1468,Kurtis Rourke,QB157,SF,912.8,,782,729,976,1164,,
1469,Blake Sims,QB158,,913.0,,913,,,,,
1470,Denzel Mims,WR554,DAL,913.0,,1017,,658,1064,,
1471,Patrick Taylor,RB336,SF,913.0,,1289,600,723,1040,,
1472,Rahsul Faison,RB337,,913.0,,,,,913,,
1473,Lucas Havrisik,K87,,914.5,,,975,854,,,
1474,Tyrone Broden,WR555,,915.0,,,,620,1210,,
1475,Jalen Richard,RB338,LV,915.0,,,,,915,,
1476,Brayden Lenius,TE306,,916.0,,916,,,,,
1477,Joaquin Davis,WR556,,916.0,,1186,,646,,,
1478,Maddux Trujillo,K88,,917.0,,981,,853,,,
1479,Tyler Boyd,WR557,,917.3,,903,855,,994,,
1480,Jalen McCleskey,WR558,,918.0,,918,,,,,
1481,Cam Miller,QB159,MIA,918.8,,710,730,999,1236,,
1482,Taquan Mizzell,RB339,NYG,919.0,,919,,,,,
1483,Zach Wilson,QB160,NO,919.0,,,585,1026,1146,,
1484,Nsimba Webster,WR559,,919.0,,,,,919,,
1485,Troy Fumagalli,TE307,,919.5,,809,,,1030,,
1486,Brandon Dillon,TE308,,919.5,,922,,,917,,
1487,Graham Gano,K89,,919.5,,958,881,,,,
1488,George Aston,RB340,,920.0,,920,,,,,
1489,Xazavian Valladay,RB341,,920.7,,799,965,,998,,
1490,Dalyn Dawkins,RB342,,921.0,,921,,,,,
1491,Snoop Conner,RB343,,921.0,,,,,921,,
1492,Case Keenum,QB161,CHI,921.3,,1198,557,977,953,,
1493,Elijah Dotson,RB344,,922.5,,,960,,885,,
1494,TD Ayo-Durojaiye,RB345,,923.0,,923,,,,,
1495,Josh Johnson,RB346,,923.0,,,923,,,,
1496,P.J. Walker,QB162,,923.0,,,,,923,,
1497,Mike Boone,RB347,,923.7,,569,844,,1358,,
1498,J.J. Nelson,WR560,,925.0,,925,,,,,
1499,Bo Melton,WR561,GB,925.7,,1487,443,847,,,
1500,A.T. Perry,WR562,,925.8,,760,954,571,1418,,
1501,JaQuae Jackson,WR563,LAC,926.0,,,,639,1213,,
1502,Jahmal Banks,WR564,,926.5,,1214,,,639,,
1503,David Bell,WR565,,926.7,,1010,929,,841,,
1504,Justice Shelton-Mosley,WR566,,927.0,,927,,,,,
1505,Bailey Zappe,QB163,NYJ,927.0,,,617,983,1181,,
1506,Ayir Asante,WR567,,927.0,,,,,927,,
1507,Josh Kelly,WR568,HOU,928.3,,896,,574,1315,,
1508,Detrich Clark,WR569,,929.0,,929,,,,,
1509,Terrell Bynum,WR570,,929.3,,413,972,,1403,,
1510,Nathaniel Peat,RB348,,930.0,,,,,930,,
1511,Marcus Simms,WR571,,931.0,,931,,,,,
1512,Jacob Kibodi,RB349,,931.0,,,1006,,856,,
1513,Jesper Horsted,TE309,,931.0,,,,,931,,
1514,DeVante Parker,WR572,,931.5,,619,,,1244,,
1515,Easton Stick,QB164,IND,931.5,,894,547,986,1299,,
1516,Vincent Blanchard,K90,,932.0,,932,,,,,
1517,Travis Vokolek,TE310,ARI,932.0,,,971,473,1352,,
1518,Taiwan Jones,RB350,,932.0,,,,,932,,
1519,Benny Snell,RB351,,933.5,,1083,,,784,,
1520,Terrell Jennings,RB352,,933.5,,,998,869,,,
1521,Bub Means,WR573,NO,934.0,,1421,684,446,1185,,
1522,Ricky Seals-Jones,TE311,,934.0,,,,,934,,
1523,Austin Trammell,WR574,JAX,934.5,,1172,636,876,1054,,
1524,AJ McCarron,QB165,,935.5,,1538,,,333,,
1525,Malik Turner,WR575,SF,936.0,,1398,535,608,1203,,
1526,Andrew Armstrong,WR576,KC,936.0,,,,587,1285,,
1527,Noah Whittington,RB353,HOU,937.3,,1155,,786,871,,
1528,Justyn Ross,WR577,,938.0,,911,934,,969,,
1529,Alize Mack,TE312,,938.0,,938,,,,,
1530,Corey Davis,WR578,,938.0,,,,,938,,
1531,Brian Lewerke,QB166,,939.0,,939,,,,,
1532,Valdez Showers,WR579,,940.0,,940,,,,,
1533,Brycen Hopkins,TE313,,940.5,,538,,,1343,,
1534,Lance McCutcheon,WR580,TEN,941.0,,,,671,1211,,
1535,Sam Pinckney,WR581,,941.0,,,,,941,,
1536,Braxton Berrios,WR582,NYG,941.3,,1449,506,882,928,,
1537,Ellis Merriweather,RB354,,941.5,,,969,,914,,
1538,Sean Clifford,QB167,CIN,942.7,,,649,992,1187,,
1539,Ronnie Bell,WR583,NO,943.5,,1410,659,794,911,,
1540,Dillon Bell,WR584,MIN,944.0,,,,666,1222,,
1541,Thaddeus Moss,TE314,,944.5,,475,,,1414,,
1542,Ryan Griffin,QB168,,945.0,,945,,,,,
1543,Bernhard Seikovits,TE315,,945.0,,,,,945,,
1544,Jordan Matthews,TE316,,945.3,,831,823,,1182,,
1545,Cordarrelle Patterson,RB355,,946.0,,1124,813,,901,,
1546,Mark Redman,TE317,LAR,946.0,,,,515,1377,,
1547,Randall Cobb,WR585,,946.0,,,,,946,,
1548,Jacardia Wright,RB356,SEA,946.3,,1331,770,738,,,
1549,Chris Brown,WR586,,947.0,,947,,,,,
1550,James Proche,WR587,,948.0,,,899,883,1062,,
1551,Jaxon Janke,WR588,,948.5,,884,,,1013,,
1552,Bryant Koback,RB357,,948.5,,1239,,,658,,
1553,Mike White,QB169,,949.0,,634,808,,1405,,
1554,Adrian Killins,RB358,DEN,950.0,,950,,,,,
1555,Garrett Nussmeier,QB170,KC,950.0,,1252,788,972,788,,
1556,Trishton Jackson,WR589,,950.5,,,905,,996,,
1557,Jordan Scarlett,RB359,MIA,951.0,,951,,,,,
1558,Justin Shorter,WR590,LV,951.8,,1522,650,548,1087,,
1559,Josh Harper,WR591,,952.0,,952,,,,,
1560,Dez Fitzpatrick,WR592,,952.3,,728,912,,1217,,
1561,Damien Caffrey,TE318,,953.0,,953,,,,,
1562,Jeff Driskel,QB171,,953.3,,608,805,962,1438,,
1563,Jha'Quan Jackson,WR593,TB,953.3,,,689,809,1362,,
1564,Deuce Vaughn,RB360,HOU,953.7,,,941,822,1098,,
1565,Kendall Blanton,TE319,,954.0,,471,,,1437,,
1566,Chase Daniel,QB172,,955.0,,955,,,,,
1567,Dax Milne,WR594,,955.0,,,,,955,,
1568,Dexter Williams,RB361,,957.0,,957,,,,,
1569,Jesse Matthews,WR595,,957.0,,,,,957,,
1570,Ja'Seem Reed,WR596,CAR,957.5,,1324,,591,,,
1571,Brett Rypien,QB173,HOU,958.0,,,545,956,1373,,
1572,David Wells,TE320,,958.0,,,,,958,,
1573,Riley Ridley,WR597,,959.0,,959,,,,,
1574,Desmond Ridder,QB174,,959.3,,,927,1009,942,,
1575,John Raine,TE321,,961.0,,961,,,,,
1576,Dorian Thompson-Robinson,QB175,,961.0,,1220,948,,715,,
1577,Trayveon Williams,RB362,DET,961.0,,1387,543,924,990,,
1578,Collin Johnson,WR598,,961.0,,,898,,1024,,
1579,Gabriel Plascencia,K91,,962.0,,1060,,864,,,
1580,La'Michael Pettway,TE322,,962.0,,,,,962,,
1581,Bryan Edwards,WR599,,963.0,,963,,,,,
1582,DeWayne McBride,RB363,,963.0,,,953,,973,,
1583,Stevo Klotz,TE323,,964.0,,943,,,985,,
1584,Reggie Gilliam,RB364,NE,964.0,,,493,1006,1393,,
1585,Chris Pierce,TE324,,964.0,,,,,964,,
1586,N'Keal Harry,WR600,,965.0,,885,,,1045,,
1587,Marcus Riley,WR601,,965.0,,965,,,,,
1588,Michael Jacobson,TE325,,965.0,,,,,965,,
1589,Kedon Slovis,QB176,ARI,966.0,,1219,762,961,922,,
1590,Rodney Williams,TE326,,967.0,,,967,,,,
1591,D'Onta Foreman,RB365,,967.7,,1006,847,,1050,,
1592,Mike Johnson,WR602,,968.0,,968,,,,,
1593,Blake Bortles,QB177,NO,969.0,,969,,,,,
1594,Robert Woods,WR603,,970.0,,,873,,1067,,
1595,Henry Pearson,RB366,,970.0,,,970,,,,
1596,Marquise Goodwin,WR604,,970.5,,1086,,,855,,
1597,Dayton Wade,WR605,BAL,970.5,,,,675,1266,,
1598,Micah Simon,WR606,CAR,971.0,,971,,,,,
1599,Tarik Black,WR607,DET,971.5,,,,668,1275,,
1600,Dymere Miller,WR608,,972.0,,,,,972,,
1601,Ian Book,QB178,,972.5,,1326,,,619,,
1602,Jermar Jefferson,RB367,MIN,973.5,,1140,587,775,1392,,
1603,Jamari Thrash,WR609,CLE,973.7,,,687,867,1367,,
1604,Stephen Gostkowski,K92,,974.0,,974,,,,,
1605,Hal Presley,WR610,,974.0,,,,604,1344,,
1606,Cornell Powell,WR611,PIT,974.5,,,,593,1356,,
1607,Monte Pottebaum,RB368,,975.0,,975,,,,,
1608,Tom Kennedy,WR612,DET,975.5,,1130,565,879,1328,,
1609,Benjamin Watson,TE327,,977.0,,977,,,,,
1610,Zach Gentry,TE328,,977.0,,,,,977,,
1611,Steven Sims,WR613,,977.5,,,883,,1072,,
1612,Ja'Quan Gardner,RB369,,978.0,,978,,,,,
1613,Tim Jones,WR614,JAX,978.0,,1070,627,792,1423,,
1614,Ezekiel Elliott,RB370,,978.3,,1462,852,,621,,
1615,Jay Lee,WR615,,979.0,,979,,,,,
1616,Jalon Daniels,QB179,TB,979.0,,1183,,1000,754,,
1617,Boston Scott,RB371,,979.0,,1379,,,579,,
1618,John Ursua,WR616,,980.0,,980,,,,,
1619,Stanley Morgan,WR617,,980.0,,,,,980,,
1620,Trey Sermon,RB372,ATL,980.3,,1109,582,799,1431,,
1621,Max Brosmer,QB180,MIN,980.3,,,761,1022,1158,,
1622,DJ Uiagalelei,QB181,LAC,981.0,,,,981,,,
1623,Brady Cook,QB182,NYJ,981.3,,,753,1005,1186,,
1624,Marcus Rosemy-Jacksaint,WR618,,981.5,,661,,,1302,,
1625,Garrett Greene,QB183,TB,982.5,,1300,,665,,,
1626,Jared Rice,TE329,,983.0,,983,,,,,
1627,Andre Roberts,WR619,,983.0,,,,,983,,
1628,Dillon Johnson,RB373,,985.0,,1110,,,860,,
1629,Diontae Johnson,WR620,,986.3,,1107,832,,1020,,
1630,Hunter Kampmoyer,TE330,,987.0,,987,,,,,
1631,Kahale Warring,TE331,,988.0,,849,,,1127,,
1632,Gus Edwards,RB374,,988.0,,1467,853,,644,,
1633,John Stephens,TE332,,988.0,,,989,,987,,
1634,Freddie Swain,WR621,,988.5,,,,704,1273,,
1635,BJ Baylor,RB375,,989.0,,989,,,,,
1636,Tyler Mabry,TE333,,989.5,,1055,924,,,,
1637,Reggie Begelton,WR622,,990.0,,990,,,,,
1638,Bryson Nesbit,TE334,MIN,990.0,,1120,,470,1380,,
1639,Cam Akers,RB376,,991.0,,784,889,,1300,,
1640,Javon Leake,RB377,,991.0,,991,,,,,
1641,Adrian Martinez,QB184,SF,991.0,,1025,777,960,1202,,
1642,Bryce Ford-Wheaton,WR623,,991.0,,,992,805,1176,,
1643,Deneric Prince,RB378,,991.8,,845,957,748,1417,,
1644,Drew Lock,QB185,SEA,992.3,,1465,492,936,1076,,
1645,Changa Hodge,WR624,,993.0,,993,,,,,
1646,Will Sheppard,WR625,GB,993.0,,1234,,615,1130,,
1647,Harold Spears,TE335,,995.0,,995,,,,,
1648,Giles Jackson,WR626,,997.0,,1349,,,645,,
1649,Velus Jones,WR627,SEA,997.0,,1476,604,911,,,
1650,Travis Homer,RB379,PIT,998.3,,1493,550,1007,943,,
1651,Darrell Daniels,TE336,,999.0,,768,,,1230,,
1652,Andre Baccellia,WR628,,999.3,,1345,939,895,818,,
1653,Clayton Tune,QB186,,999.3,,,951,1015,1032,,
1654,Adrian Coxson,WR629,,1000.0,,1000,,,,,
1655,Parker Romo,K93,,1000.0,,,1000,,,,
1656,Alex Bachman,WR630,LAR,1001.3,,,705,935,1364,,
1657,Jude McAtamney,K94,,1002.0,,996,1008,,,,
1658,Daewood Davis,WR631,,1002.0,,,,,1002,,
1659,Blake Watson,RB380,,1002.3,,,988,772,1247,,
1660,Da'Quan Felton,WR632,NYJ,1002.7,,1098,,686,1224,,
1661,Jaylen Johnson,WR633,,1003.0,,,1003,,,,
1662,Anthony Brown,QB187,,1004.0,,,940,,1068,,
1663,Luke Grimm,WR634,,1004.5,,,,682,1327,,
1664,Allen Lazard,WR635,,1005.0,,1484,809,,722,,
1665,Brian Hoyer,QB188,,1006.0,,1165,,,847,,
1666,Raheem Mostert,RB381,,1006.7,,,822,874,1324,,
1667,Keilahn Harris,WR636,,1007.0,,1004,,,1010,,
1668,Jermaine Jackson,WR637,,1007.0,,,1007,,,,
1669,Fred Trevillion,WR638,,1009.0,,1009,,,,,
1670,Dontrell Hilliard,RB382,,1009.0,,,,,1009,,
1671,Nate Sudfeld,QB189,,1011.0,,1286,,,736,,
1672,Joshua Kelley,RB383,,1011.7,,1518,893,,624,,
1673,Javon Baker,WR639,,1012.0,,773,980,,1283,,
1674,Xavier Grimble,TE337,,1012.0,,,,,1012,,
1675,Malik Williams,RB384,,1013.0,,1013,,,,,
1676,Amar Johnson,RB385,LAC,1013.0,,1531,766,742,,,
1677,Joshua Cephus,WR640,,1013.0,,,1002,633,1404,,
1678,TJ Harden,RB386,,1013.0,,,,767,1259,,
1679,Kyle Trask,QB190,CAR,1013.8,,1296,586,994,1179,,
1680,Aidan O'Connell,QB191,LV,1014.0,,1199,660,942,1255,,
1681,Parker Hesse,TE338,,1014.0,,,920,,1108,,
1682,Napoleon Maxwell,RB387,,1015.0,,1015,,,,,
1683,Jaren Hall,QB192,,1015.5,,,950,,1081,,
1684,D.J. Williams,RB388,,1016.0,,873,1001,,1174,,
1685,Christian Blake,WR641,,1016.0,,1016,,,,,
1686,Isaiah Wooden,WR642,,1016.5,,,,680,1353,,
1687,Devine Ozigbo,RB389,,1017.0,,1381,,,653,,
1688,Philip Rivers,QB193,,1017.0,,,1017,,,,
1689,Kelvin Harmon,WR643,,1017.0,,,,,1017,,
1690,Jake Haener,QB194,NYG,1019.0,,1148,658,1012,1258,,
1691,Jalen Guyton,WR644,,1020.0,,803,,,1237,,
1692,Johnny Lumpkin,TE339,,1021.0,,892,,,1150,,
1693,Brady Russell,TE340,SEA,1021.8,,1033,674,945,1435,,
1694,Josh Love,QB195,,1023.0,,1023,,,,,
1695,Johnny Johnson,WR645,,1025.0,,,,,1025,,
1696,Sam Ehlinger,QB196,DEN,1025.5,,1237,595,991,1279,,
1697,Duke Johnson,RB390,,1026.0,,743,,,1309,,
1698,Bennie Fowler,WR646,,1026.0,,1026,,,,,
1699,Darion Clark,TE341,,1027.0,,1027,,,,,
1700,Josh Ali,WR647,,1027.0,,,,,1027,,
1701,Luis Perez,QB197,,1027.5,,1456,,,599,,
1702,Anthony Miller,WR648,,1028.0,,,1004,,1052,,
1703,DeShon Williams,TE342,,1029.0,,1029,,,,,
1704,Ian Bunting,TE343,,1030.0,,1030,,,,,
1705,Rodrigo Blankenship,K95,,1031.0,,1031,,,,,
1706,Duece Watts,WR649,,1031.5,,1488,,,575,,
1707,Thomas Hennigan,WR650,,1032.0,,1032,,,,,
1708,Bo Scarbrough,RB391,,1035.0,,1035,,,,,
1709,Khalan Laborn,RB392,,1035.0,,,,,1035,,
1710,Alfonzo Graham,RB393,,1036.0,,,,,1036,,
1711,Lee Smith,TE344,ATL,1037.0,,1282,,,792,,
1712,Austin Appleby,QB198,,1039.0,,1039,,,,,
1713,Taylor Heinicke,QB199,,1039.3,,1193,807,,1118,,
1714,Damion Willis,WR651,,1042.0,,1042,,,,,
1715,Will Grier,QB200,,1042.0,,,,984,1100,,
1716,Keaontay Ingram,RB394,,1042.7,,,930,755,1443,,
1717,Xavier Turner,RB395,,1045.0,,1045,,,,,
1718,Steven Wroblewski,TE345,,1046.0,,1046,,,,,
1719,Ja'Corey Brooks,WR652,,1046.0,,1330,1015,683,1156,,
1720,Mark Gronowski,QB201,,1046.0,,,,971,1121,,
1721,Griffin Hebert,TE346,,1046.0,,,,,1046,,
1722,Rashaad Penny,RB396,,1046.5,,732,,,1361,,
1723,Devin Asiasi,TE347,,1046.5,,775,,,1318,,
1724,Mike Davis,RB397,,1047.0,,1047,,,,,
1725,Dylan Soehner,TE348,,1048.0,,1048,,,,,
1726,Zach Evans,RB398,,1048.0,,,943,,1153,,
1727,Slade Bolden,WR653,,1048.0,,,,,1048,,
1728,Brian Hill,RB399,,1049.0,,,,,1049,,
1729,Henry Poggi,RB400,,1050.0,,1050,,,,,
1730,Tanner Mordecai,QB202,,1051.0,,966,,,1136,,
1731,Tony Jones,RB401,,1052.0,,,906,,1198,,
1732,Justin Jackson,RB402,,1053.0,,1053,,,,,
1733,Stevie Scott,RB403,,1054.0,,1054,,,,,
1734,Dee Eskridge,WR654,,1054.3,,,911,913,1339,,
1735,Nate Wieting,TE349,,1056.0,,1056,,,,,
1736,C.J. Beathard,QB203,,1056.0,,,,,1056,,
1737,Jordan Moore,WR655,CIN,1057.5,,,,685,1430,,
1738,JP Richardson,WR656,CHI,1057.7,,1203,,581,1389,,
1739,M.J. McFarland,TE350,,1058.0,,1058,,,,,
1740,Izaiah Gathings,TE351,,1060.0,,,,,1060,,
1741,Marquez Callaway,WR657,,1060.5,,,901,,1220,,
1742,Tony Brown,WR658,,1061.5,,,907,,1216,,
1743,Matt Breida,RB404,,1062.5,,1111,,,1014,,
1744,John Samuel Shenker,TE352,,1062.5,,,1005,,1120,,
1745,Warren Jackson,WR659,,1063.0,,1063,,,,,
1746,Abram Smith,RB405,,1063.0,,1298,,,828,,
1747,Colin Thompson,TE353,,1064.0,,1064,,,,,
1748,Jakob Johnson,RB406,,1064.0,,,886,,1242,,
1749,Laith Marjan,K96,,1065.0,,1275,,855,,,
1750,Ahmani Marshall,RB407,CLE,1065.5,,,,789,1342,,
1751,Sam Sloman,K97,,1066.0,,1066,,,,,
1752,Romello Brinson,WR660,,1066.0,,1504,,628,,,
1753,Keith Smith,RB408,,1066.0,,,,,1066,,
1754,Jordan Mims,RB409,PHI,1066.3,,,968,807,1424,,
1755,Devin Leary,QB204,,1067.0,,1334,985,,882,,
1756,Scotty Miller,WR661,CHI,1067.8,,1516,546,821,1388,,
1757,Donte Moncrief,WR662,,1068.0,,1068,,,,,
1758,Curtis Samuel,WR663,,1068.0,,1429,845,554,1444,,
1759,Chris Myarick,TE354,LV,1069.7,,1358,,451,1400,,
1760,Grant DuBose,WR664,,1070.0,,,946,,1194,,
1761,Chris Herndon,TE355,,1070.5,,816,,,1325,,
1762,Aaron Shampklin,RB410,,1070.5,,,999,,1142,,
1763,Tyler Hoppes,TE356,,1071.0,,1071,,,,,
1764,Josh Caldwell,RB411,,1072.0,,1072,,,,,
1765,Kole Taylor,TE357,,1072.5,,1178,,,967,,
1766,Hajj-Malik Williams,QB205,,1073.0,,1073,,,,,
1767,Greg Zuerlein,K98,,1073.0,,1268,878,,,,
1768,Austin Watkins,WR665,,1073.0,,,,,1073,,
1769,Daurice Fountain,WR666,,1074.0,,867,,,1281,,
1770,Alex Wesley,WR667,,1074.0,,1074,,,,,
1771,Brandon Bolden,RB412,,1074.5,,1021,,,1128,,
1772,Shi Smith,WR668,,1075.0,,,,,1075,,
1773,Adam Thielen,WR669,,1075.3,,1257,875,,1094,,
1774,Larry Rountree,RB413,,1077.0,,1057,,,1097,,
1775,Kevin Foelsch,TE358,,1077.0,,1077,,,,,
1776,Ty Montgomery,RB414,,1077.0,,,,,1077,,
1777,Erik Krommenhoek,TE359,,1077.5,,1176,,,979,,
1778,Sam Hartman,QB206,WAS,1077.7,,1192,,957,1084,,
1779,Darrel Williams,RB415,,1079.0,,,,,1079,,
1780,Will Ratelle,RB416,,1081.0,,1081,,,,,
1781,Laviska Shenault,WR670,,1083.5,,,895,,1272,,
1782,Sawyer Robertson,QB207,,1084.0,,,,996,1172,,
1783,Jesse James,TE360,,1085.0,,1038,,,1132,,
1784,Kevin Rader,TE361,,1085.0,,,,,1085,,
1785,Terry Godwin,WR671,,1087.0,,1087,,,,,
1786,Leonard Fournette,RB417,,1087.5,,898,,,1277,,
1787,Caleb Repp,TE362,,1088.0,,1088,,,,,
1788,Jaydon Mickens,WR672,,1088.0,,,,,1088,,
1789,Lynn Bowden,WR673,,1089.0,,1136,,,1042,,
1790,Jeff Cotton,WR674,,1091.0,,1091,,,,,
1791,Zack Moss,RB418,,1092.0,,,891,,1293,,
1792,Nathan Rourke,QB208,,1092.5,,,973,,1212,,
1793,Nick Ralston,RB419,,1093.0,,1093,,,,,
1794,Darrynton Evans,RB420,,1093.0,,,892,,1294,,
1795,Trey Quinn,WR675,,1093.5,,1082,,,1105,,
1796,Tre Stewart,RB421,ARI,1093.5,,,,765,1422,,
1797,Jalen Morton,QB209,IND,1095.0,,1095,,,,,
1798,Jarvis Landry,WR676,,1095.5,,858,,,1333,,
1799,Taylor Elgersma,QB210,,1096.0,,1402,,,790,,
1800,Jake Luton,QB211,,1099.0,,,,,1099,,
1801,Andy Isabella,WR677,,1100.5,,909,,,1292,,
1802,La'Mical Perine,RB422,,1100.5,,1002,,,1199,,
1803,Marcelias Sutton,RB423,,1101.0,,1101,,,,,
1804,Trinity Benson,WR678,,1101.0,,,,,1101,,
1805,Derrick Willies,WR679,,1102.0,,1102,,,,,
1806,C.J. Saunders,WR680,,1102.0,,,,,1102,,
1807,Aaron Fuller,WR681,,1103.0,,1103,,,,,
1808,Elijah Mitchell,RB424,,1103.5,,1463,913,787,1251,,
1809,Ed Lee,WR682,,1104.0,,1104,,,,,
1810,Emanuel Hall,WR683,,1105.0,,1105,,,,,
1811,Bucky Hodges,TE363,,1106.0,,1106,,,,,
1812,Marcell Ateman,WR684,,1107.0,,,,,1107,,
1813,Da'Mari Scott,WR685,,1108.0,,1108,,,,,
1814,Jody Fortson,TE364,,1108.0,,,919,,1297,,
1815,Ross Dwelley,TE365,,1110.0,,,804,,1416,,
1816,Jacob Eason,QB212,,1111.5,,1347,,,876,,
1817,Nick Easley,WR686,,1113.0,,1113,,,,,
1818,Trevon Wesco,TE366,,1113.0,,1473,,,753,,
1819,Ty Fryfogle,WR687,,1114.0,,1114,,,,,
1820,Diego Pavia,QB213,,1114.0,,,,995,1233,,
1821,Matt Bushman,TE367,,1114.5,,1137,,,1092,,
1822,Jacob Sirmon,QB214,,1115.0,,1115,,,,,
1823,Marlon Mack,RB425,,1115.5,,1471,,,760,,
1824,B.T. Potter,K99,TB,1116.5,,1367,,866,,,
1825,Oliver Martin,WR688,,1117.0,,1117,,,,,
1826,Tyreik McAllister,RB426,,1117.0,,,994,,1240,,
1827,Charles Scarff,TE368,,1118.0,,1118,,,,,
1828,Dresser Winn,QB215,,1118.0,,1154,,,1082,,
1829,Mohamed Ibrahim,RB427,,1119.0,,1507,958,,892,,
1830,Bryant Mitchell,WR689,,1122.0,,1122,,,,,
1831,Riley Neal,QB216,,1123.0,,1123,,,,,
1832,Dominique Dafney,TE369,,1123.0,,,,,1123,,
1833,Kadarius Toney,WR690,,1124.3,,1400,910,,1063,,
1834,Ra'Shaun Henry,WR691,,1124.5,,944,,,1305,,
1835,Tayvion Robinson,WR692,,1125.0,,1385,,,865,,
1836,Kevin White,WR693,,1125.0,,,,,1125,,
1837,Sean Riley,WR694,,1126.0,,1126,,,,,
1838,Alex Armah,RB428,,1126.0,,,,,1126,,
1839,Anders Carlson,K100,,1126.5,,1309,944,,,,
1840,Sean Mannion,QB217,,1128.5,,1483,,,774,,
1841,Gavin Hardison,QB218,,1129.0,,,,,1129,,
1842,Josh Doctson,WR695,,1131.0,,,,,1131,,
1843,Scooter Harrington,TE370,,1132.0,,1132,,,,,
1844,Riley Sharp,TE371,,1133.0,,1133,,,,,
1845,Kellen Mond,QB219,,1134.0,,1459,,,809,,
1846,Miles Boykin,WR696,,1134.0,,,,,1134,,
1847,Garrett Celek,TE372,,1135.0,,1135,,,,,
1848,Jimmy Garoppolo,QB220,,1136.8,,1403,872,1027,1245,,
1849,Nathan Peterman,QB221,,1137.7,,1475,,1001,937,,
1850,Robbie Gould,K101,,1138.0,,1138,,,,,
1851,Isaiah Spiller,RB429,,1138.0,,,,,1138,,
1852,Kwamie Lassiter,WR697,,1139.0,,,,,1139,,
1853,Russell Wilson,QB222,,1140.5,,1486,879,791,1406,,
1854,Jeret Smith,WR698,,1143.0,,1143,,,,,
1855,Cole Beasley,WR699,,1143.0,,,,,1143,,
1856,Trevon Clark,WR700,,1144.0,,1144,,,,,
1857,Blaine Gabbert,QB223,,1144.0,,,,,1144,,
1858,Alex Smith,QB224,,1145.0,,1145,,,,,
1859,Joe Walker,WR701,,1146.0,,1146,,,,,
1860,Matt Landers,WR702,,1146.5,,868,,,1425,,
1861,Frank Darby,WR703,,1147.0,,,,,1147,,
1862,Anthony Torres,TE373,,1149.0,,1149,,,,,
1863,AJ Henning,WR704,MIA,1149.0,,1409,,626,1412,,
1864,Antony Auclair,TE374,,1150.0,,1150,,,,,
1865,Carter Bradley,QB225,JAX,1150.5,,,,970,1331,,
1866,Darius Prince,WR705,,1151.0,,1151,,,,,
1867,Tyrion Davis-Price,RB430,,1152.3,,1500,928,,1029,,
1868,Terique Owens,WR706,,1154.0,,,,,1154,,
1869,Anthony Boone,QB226,,1156.0,,1156,,,,,
1870,Jase McClellan,RB431,,1156.5,,,979,,1334,,
1871,Nate Becker,TE375,,1158.0,,1158,,,,,
1872,Jacob Dolegala,QB227,,1159.0,,1159,,,,,
1873,Demetris Robertson,WR707,,1160.0,,1160,,,,,
1874,Aaron Lacombe,WR708,,1161.0,,1161,,,,,
1875,Jacob Harris,WR709,,1162.0,,,,,1162,,
1876,J. Michael Sturdivant,WR710,,1162.3,,1432,,656,1399,,
1877,Matt Schaub,QB228,,1163.0,,1163,,,,,
1878,DaMarkus Lodge,WR711,,1164.0,,1164,,,,,
1879,Patrick Laird,RB432,,1165.0,,1526,,,804,,
1880,B.J. Emmons,RB433,,1166.0,,1166,,,,,
1881,Da'Ron Brown,WR712,,1167.0,,1167,,,,,
1882,Quali Conley,RB434,,1167.0,,,,,1167,,
1883,Amari Rodgers,WR713,,1167.5,,1005,,,1330,,
1884,Valentino Ambrosio,K102,,1168.0,,1168,,,,,
1885,Phillip Andersen,K103,,1170.0,,1170,,,,,
1886,Jake Kumerow,WR714,,1171.0,,,,,1171,,
1887,Josh Rosen,QB229,,1174.0,,1174,,,,,
1888,Cade Johnson,WR715,,1176.0,,1162,,,1190,,
1889,Evan Berry,WR716,,1177.0,,1177,,,,,
1890,Ryan Jones,TE376,,1177.0,,,,,1177,,
1891,Greg Joseph,K104,,1177.5,,1521,834,,,,
1892,Derek Wright,WR717,,1179.0,,1169,,,1189,,
1893,Matthew Trickett,K105,,1179.0,,1179,,,,,
1894,Tory Carter,RB435,,1180.0,,1180,,,,,
1895,Brevin Easton,WR718,,1180.0,,,,,1180,,
1896,Durron Neal,WR719,,1181.0,,1181,,,,,
1897,Gerald Holmes,RB436,,1182.0,,1182,,,,,
1898,Max Duggan,QB230,,1182.5,,,952,,1413,,
1899,Tyler Hoosman,RB437,,1184.0,,1184,,,,,
1900,Rakim Jarrett,WR720,,1184.0,,,961,,1407,,
1901,Silas Bolden,WR721,,1184.0,,,,,1184,,
1902,Ben Ellefson,TE377,,1185.0,,1185,,,,,
1903,Dwayne Washington,RB438,,1188.5,,994,,,1383,,
1904,Papi White,WR722,,1189.0,,1189,,,,,
1905,Kenny Lawler,WR723,,1190.0,,1190,,,,,
1906,Peyton Hendershot,TE378,,1190.5,,,936,,1445,,
1907,Dallin Holker,TE379,,1193.0,,,990,,1396,,
1908,Sam Wiglusz,WR724,,1193.0,,,,,1193,,
1909,Jermaine Kearse,WR725,,1194.0,,1194,,,,,
1910,Wayne Gallman,RB439,,1195.5,,976,,,1415,,
1911,Kalen Ballage,RB440,,1196.5,,1227,,,1166,,
1912,Johnny Stanton,RB441,,1197.0,,1197,,,,,
1913,Nate Noel,RB442,,1197.0,,,,,1197,,
1914,Luke Altmyer,QB231,DET,1199.0,,,,988,1410,,
1915,Miller Forristall,TE380,,1199.5,,1254,,,1145,,
1916,Cole Beck,WR726,,1200.0,,1200,,,,,
1917,Derrius Guice,RB443,,1201.0,,1201,,,,,
1918,Johnny King,WR727,,1202.0,,1202,,,,,
1919,Henry Litwin,WR728,,1205.0,,1205,,,,,
1920,Isaiah Ford,WR729,,1206.0,,,,,1206,,
1921,Hayden Hurst,TE381,,1206.3,,1510,829,,1280,,
1922,Jamison Crowder,WR730,,1206.7,,1439,864,,1317,,
1923,Jordan Thomas,TE382,,1208.0,,1208,,,,,
1924,Dalton Keene,TE383,,1208.0,,,,,1208,,
1925,Malik Henry,WR731,,1209.0,,1209,,,,,
1926,Austin Aune,QB232,,1210.0,,1210,,,,,
1927,Austin Reed,QB233,BAL,1210.3,,1302,,959,1370,,
1928,Randy Bullock,K106,,1211.0,,1211,,,,,
1929,Jimmy Bell,TE384,,1213.0,,1213,,,,,
1930,Jack Doyle,TE385,IND,1214.0,,,,,1214,,
1931,Algernon Brown,RB444,,1215.0,,1215,,,,,
1932,Jalen Camp,WR732,,1216.0,,1142,,,1290,,
1933,Danny Etling,QB234,,1217.0,,1217,,,,,
1934,Julio Jones,WR733,,1221.0,,,,,1221,,
1935,Dillon Stoner,WR734,,1222.0,,1222,,,,,
1936,Tanner Taula,TE386,,1223.0,,,,,1223,,
1937,Tavonn Salter,WR735,,1224.0,,1224,,,,,
1938,Michael Thomas,WR736,,1224.5,,1423,,,1026,,
1939,Deon Cain,WR737,,1225.0,,1416,,,1034,,
1940,Isaiah Washington,WR738,,1225.0,,,,,1225,,
1941,Jaaron Hayek,WR739,,1226.0,,1226,,,,,
1942,Damien Williams,RB445,,1226.0,,,,,1226,,
1943,Hayden Hatten,WR740,,1227.0,,,,,1227,,
1944,Siaosi Mariner,WR741,,1228.0,,1228,,,,,
1945,Jordan Wilkins,RB446,,1228.0,,,,,1228,,
1946,Mason Fairchild,TE387,,1229.0,,,,,1229,,
1947,Alex Hale,K107,,1230.0,,1230,,,,,
1948,Johnathon Johnson,WR742,,1231.0,,1231,,,,,
1949,Ethan Garbers,QB235,,1231.0,,,,,1231,,
1950,K.J. Maye,WR743,,1232.0,,1232,,,,,
1951,Holton Ahlers,QB236,,1232.5,,1037,,,1428,,
1952,Malcolm Perry,WR744,,1234.0,,,,,1234,,
1953,Ahmarean Brown,WR745,,1235.0,,1235,,,,,
1954,E.J. Perry,QB237,,1238.0,,,,,1238,,
1955,Pooka Williams,RB447,,1240.0,,1157,,,1323,,
1956,William Fuller,WR746,,1240.0,,1240,,,,,
1957,Jay Ajayi,RB448,,1242.0,,1242,,,,,
1958,Christian Wade,RB449,,1242.5,,1424,,,1061,,
1959,Dorian Singer,WR747,,1243.0,,,,,1243,,
1960,Jaquarii Roberson,WR748,,1244.0,,1244,,,,,
1961,Damien Harris,RB450,,1244.5,,1141,,,1348,,
1962,Keith Kirkwood,WR749,,1244.5,,1153,,,1336,,
1963,Taj McGowan,RB451,,1246.0,,1246,,,,,
1964,Donovan Peoples-Jones,WR750,,1246.0,,,,,1246,,
1965,Emory Jones,QB238,,1246.5,,1152,,,1341,,
1966,Graham Adomitis,TE388,,1249.0,,1249,,,,,
1967,Elijah Collins,RB452,,1249.0,,,,,1249,,
1968,Jake Fromm,QB239,,1249.5,,1221,,,1278,,
1969,Robert Burns,RB453,CHI,1250.0,,,,,1250,,
1970,David Marvin,K108,,1251.0,,1251,,,,,
1971,Matt Sokol,TE389,,1252.0,,,,,1252,,
1972,Tristan Vizcaino,K109,,1253.0,,1253,,,,,
1973,Ethan Fernea,WR751,,1254.0,,,,,1254,,
1974,Robert Griffin,QB240,,1255.0,,1255,,,,,
1975,Tommy Hudson,TE390,,1255.0,,1301,,,1209,,
1976,Pharoh Cooper,WR752,,1256.0,,,,,1256,,
1977,Blake Jarwin,TE391,,1256.5,,1502,,,1011,,
1978,Collin Hill,QB241,,1260.0,,1260,,,,,
1979,Eno Benjamin,RB454,,1262.0,,,,,1262,,
1980,Bronson Rechsteiner,RB455,,1263.0,,1263,,,,,
1981,Jordan Bly,WR753,,1264.0,,1264,,,,,
1982,Byron Pringle,WR754,,1264.5,,1241,,,1288,,
1983,Trestan Ebner,RB456,,1265.0,,,,,1265,,
1984,Mike Meyer,K110,,1266.0,,1266,,,,,
1985,Bobby Holly,RB457,,1267.0,,1267,,,,,
1986,Michael Pratt,QB242,,1268.0,,1492,986,,1326,,
1987,Braylon Sanders,WR755,,1268.0,,,,,1268,,
1988,Alec Holler,TE392,,1270.0,,1270,,,,,
1989,Jaden Shirden,RB458,,1270.0,,,,,1270,,
1990,Luke Stocker,TE393,,1271.0,,,,,1271,,
1991,Jake Coker,QB243,,1272.0,,1272,,,,,
1992,Marvin Jones,WR756,,1274.0,,1119,,,1429,,
1993,Aaron Dykes,RB459,,1274.0,,1274,,,,,
1994,Nolan Henderson,QB244,,1276.0,,1276,,,,,
1995,Chad Kelly,QB245,,1277.0,,1277,,,,,
1996,Aidan Robbins,RB460,,1277.0,,1442,,,1112,,
1997,Derek Watt,RB461,,1280.0,,1280,,,,,
1998,Joe Webb,QB246,,1281.0,,1281,,,,,
1999,Rodney Adams,WR757,,1282.0,,,,,1282,,
2000,Noah Rauschenberg,K111,,1283.0,,1283,,,,,
2001,Camden Lewis,K112,,1285.0,,1285,,,,,
2002,Latavius Murray,RB462,,1285.5,,1460,,,1111,,
2003,Tim DeMorat,QB247,,1287.0,,1287,,,,,
2004,Tommy Mellott,QB248,,1287.0,,1479,1011,,1371,,
2005,Logan Thomas,TE394,,1287.0,,,,,1287,,
2006,Kyle Philips,WR758,,1291.5,,1299,,,1284,,
2007,Clayton Thorson,QB249,NYG,1292.0,,1292,,,,,
2008,Larry Rose,RB463,,1293.0,,1293,,,,,
2009,Jamie Newman,QB250,,1294.0,,1294,,,,,
2010,Mathew Sexton,WR759,,1295.0,,1206,,,1384,,
2011,David Durden,WR760,,1295.0,,,,,1295,,
2012,Maurice Ffrench,WR761,,1297.0,,1297,,,,,
2013,Trent Pennix,TE395,,1300.0,,1505,,,1095,,
2014,Mason Crosby,K113,,1303.0,,1303,,,,,
2015,Taryn Christion,QB251,,1304.0,,1304,,,,,
2016,Sean Ryan,WR762,,1304.0,,,,,1304,,
2017,Brandon Shippen,WR763,,1305.0,,1305,,,,,
2018,Rhett Ellison,TE396,,1306.0,,1306,,,,,
2019,Taylor Russolino,K114,,1307.0,,1307,,,,,
2020,Ahmad Wagner,WR764,,1308.0,,1308,,,,,
2021,Cole Payton,QB252,,1310.0,,,,,1310,,
2022,Marcus Peterson,WR765,,1312.0,,1312,,,,,
2023,Drake Stoops,WR766,,1313.0,,,,,1313,,
2024,Matt Fleming,WR767,,1314.0,,1314,,,,,
2025,Ty'Son Williams,RB464,,1314.0,,,,,1314,,
2026,Travell Harris,WR768,,1315.0,,1315,,,,,
2027,Aaron Peck,TE397,,1316.0,,1316,,,,,
2028,Willie Snead,WR769,,1316.0,,,,,1316,,
2029,Sammy Watkins,WR770,,1316.5,,1357,,,1276,,
2030,Demario Richard,RB465,,1318.0,,1318,,,,,
2031,Quinn Nordin,K115,,1319.0,,1319,,,,,
2032,Ricky Person,RB466,,1319.0,,,,,1319,,
2033,Malik Knowles,WR771,,1320.0,,,,,1320,,
2034,Giovani Bernard,RB467,,1323.0,,1323,,,,,
2035,Connor Slomka,RB468,,1327.0,,1327,,,,,
2036,Bryce Perkins,QB253,,1332.0,,1332,,,,,
2037,Tulu Griffin,WR772,,1332.0,,,,,1332,,
2038,Jackson Harris,TE398,,1335.0,,1335,,,,,
2039,Jacob Copeland,WR773,,1335.0,,,,,1335,,
2040,Brennan Eagles,WR774,,1336.0,,1336,,,,,
2041,Jamoi Mayes,WR775,,1337.0,,,,,1337,,
2042,Charleston Rambo,WR776,,1338.0,,,,,1338,,
2043,Bobo Wilson,WR777,,1339.0,,1339,,,,,
2044,Calvin Jackson,WR778,,1340.0,,1340,,,,,
2045,Dontay Demus,WR779,,1340.0,,,,,1340,,
2046,John Matocha,QB254,,1341.0,,1341,,,,,
2047,Kyle Markway,TE399,,1342.0,,1342,,,,,
2048,Todd Gurley,RB469,,1343.0,,1343,,,,,
2049,Jalen White,RB470,,1345.0,,,,,1345,,
2050,Charles Clay,TE400,,1346.0,,1346,,,,,
2051,Jack Colletto,RB471,,1346.0,,1453,,,1239,,
2052,Malik Taylor,WR780,,1347.0,,,,,1347,,
2053,Jordan Westerkamp,WR781,,1348.0,,1348,,,,,
2054,De'Anthony Thomas,WR782,,1348.5,,1271,,,1426,,
2055,Phillip Brooks,WR783,,1349.0,,1262,,,1436,,
2056,Jamal Pettigrew,TE401,,1350.0,,1350,,,,,
2057,Kyle Shurmur,QB255,,1351.0,,1351,,,,,
2058,Case Cookus,QB256,,1352.0,,1352,,,,,
2059,Tommy Stevens,QB257,NYG,1354.0,,1354,,,,,
2060,Alex Gray,TE402,,1355.0,,1355,,,,,
2061,John Hurst,WR784,,1356.0,,1356,,,,,
2062,Clayton Hatfield,K116,,1359.0,,1359,,,,,
2063,Jaray Jenkins,WR785,,1359.0,,,,,1359,,
2064,Kehinde Oginni Hassan,TE403,,1360.0,,1360,,,,,
2065,Monaray Baldwin,WR786,,1360.0,,,,,1360,,
2066,Ross Scheuerman,RB472,,1361.0,,1361,,,,,
2067,Curtis Hodges,TE404,,1363.0,,,,,1363,,
2068,Andrew Mevis,K117,,1364.0,,1364,,,,,
2069,Blake Proehl,WR787,,1365.0,,1365,,,,,
2070,Jerome Lane,WR788,,1366.0,,1366,,,,,
2071,Justin Hall,WR789,,1367.0,,1325,,,1409,,
2072,Ito Smith,RB473,DAL,1368.0,,1368,,,,,
2073,Tre'Quan Smith,WR790,,1369.0,,,,,1369,,
2074,Zion Bowens,WR791,,1370.0,,1370,,,,,
2075,Sandro Platzgummer,RB474,,1372.0,,1372,,,,,
2076,Romello Brooker,TE405,,1376.0,,1376,,,,,
2077,Terry Swanson,RB475,,1377.0,,1377,,,,,
2078,Ryan Fitzpatrick,QB258,,1378.0,,1378,,,,,
2079,Tyler Kahmann,WR792,,1378.0,,,,,1378,,
2080,Noah Togiai,TE406,,1381.0,,,,,1381,,
2081,Jon Brown,K118,,1383.0,,1383,,,,,
2082,Landen Akers,WR793,,1384.0,,1384,,,,,
2083,Marvin Hall,WR794,,1385.0,,,,,1385,,
2084,Josh Imatorbhebhe,WR795,,1386.0,,1386,,,,,
2085,Jalen Wayne,WR796,,1386.0,,1417,,,1355,,
2086,Tre'Shaun Harrison,WR797,,1386.0,,1422,,,1350,,
2087,Landon Parker,WR798,,1386.0,,,,,1386,,
2088,Anthony Schwartz,WR799,,1387.0,,,,,1387,,
2089,Dedrick Mills,RB476,,1389.0,,1389,,,,,
2090,Brandon Ross,RB477,,1390.0,,1390,,,,,
2091,Robert Lewis,WR800,,1390.0,,,,,1390,,
2092,Javon Wims,WR801,,1391.0,,1391,,,,,
2093,Damore'ea Stringfellow,WR802,,1392.0,,1392,,,,,
2094,Josh Gordon,WR803,,1393.0,,1393,,,,,
2095,Sam Cotton,TE407,,1394.0,,1394,,,,,
2096,Adam Shaheen,TE408,,1394.0,,,,,1394,,
2097,Tre Harbison,RB478,,1395.0,,1395,,,,,
2098,Trey Knox,TE409,,1395.0,,,,,1395,,
2099,Jamarius Way,WR804,,1397.0,,1397,,,,,
2100,Mike Glennon,QB259,,1399.0,,1399,,,,,
2101,Zakhari Franklin,WR805,,1400.5,,1369,,,1432,,
2102,Kyle Sheets,WR806,,1401.0,,1401,,,,,
2103,Nick Boyle,TE410,,1401.0,,,,,1401,,
2104,Kerrith Whyte,RB479,GB,1406.0,,1406,,,,,
2105,Valentine Holmes,RB480,,1407.0,,1407,,,,,
2106,Damiere Byrd,WR807,,1408.0,,,,,1408,,
2107,Dante Wright,WR808,,1411.0,,1411,,,,,
2108,Elijhah Badger,WR809,,1411.0,,,,,1411,,
2109,Kekoa Crawford,WR810,,1412.0,,1412,,,,,
2110,T.J. Simmons,WR811,,1413.0,,1413,,,,,
2111,Devonta Freeman,RB481,,1414.0,,1414,,,,,
2112,Austin Wolf,WR812,,1415.0,,1415,,,,,
2113,Vyncint Smith,WR813,,1418.0,,1418,,,,,
2114,Tyre Brady,WR814,,1420.0,,1420,,,,,
2115,Jordan Ta'amu,QB260,,1425.0,,1425,,,,,
2116,Logan Stokes,TE411,,1426.0,,1426,,,,,
2117,Steven Stilianos,TE412,,1427.0,,1427,,,,,
2118,Devin Funchess,TE413,,1428.0,,1428,,,,,
2119,Justin Rohrwasser,K119,,1430.0,,1430,,,,,
2120,Mike Weber,RB482,,1431.0,,1431,,,,,
2121,Broc Rutter,QB261,,1433.0,,1433,,,,,
2122,T.J. Linta,QB262,,1434.0,,1434,,,,,
2123,Antoine Wesley,WR815,,1435.0,,1435,,,,,
2124,Kennedy Brooks,RB483,,1436.0,,1436,,,,,
2125,Mikey Daniel,RB484,,1437.0,,1437,,,,,
2126,Sone Ntoh,RB485,,1438.0,,1438,,,,,
2127,Mark Chapman,WR816,,1441.0,,1441,,,,,
2128,Theo Riddick,RB486,,1441.0,,,,,1441,,
2129,Caleb Huntley,RB487,,1442.0,,,,,1442,,
2130,Taulia Tagovailoa,QB263,,1443.0,,1443,,,,,
2131,Luke Falk,QB264,,1444.0,,1444,,,,,
2132,Chad Henne,QB265,,1446.0,,1446,,,,,
2133,Kyric McGowan,WR817,,1446.0,,,,,1446,,
2134,Jerreth Sterns,WR818,,1447.0,,1447,,,,,
2135,Roman Hemby,RB488,LV,1448.0,,1448,,,,,
2136,Connor Wedington,WR819,,1450.0,,1450,,,,,
2137,Corey Coleman,WR820,,1454.0,,1454,,,,,
2138,Shane Leatherbury,WR821,,1455.0,,1455,,,,,
2139,Jose Barbon,WR822,,1458.0,,1458,,,,,
2140,Kirk Merritt,WR823,,1460.0,,1541,,,1379,,
2141,Trey Wolff,K120,,1464.0,,1464,,,,,
2142,Armanti Foreman,WR824,,1468.0,,1468,,,,,
2143,Bryan Bennett,QB266,,1469.0,,1469,,,,,
2144,Tanner Morgan,QB267,,1472.0,,1472,,,,,
2145,Nathan Carter,RB489,ATL,1474.0,,1528,,,1420,,
2146,Gabe Brkic,K121,,1477.0,,1477,,,,,
2147,Travis Dye,RB490,,1480.0,,1480,,,,,
2148,Golden Tate,WR825,,1481.0,,1481,,,,,
2149,Joshua Lingenfelter,TE414,,1482.0,,1482,,,,,
2150,Lachlan Pitts,TE415,,1485.0,,1485,,,,,
2151,Geronimo Allison,WR826,,1489.0,,1489,,,,,
2152,Ryan Nall,RB491,,1490.0,,1490,,,,,
2153,Nakia Griffin-Stewart,TE416,,1494.0,,1494,,,,,
2154,Brian Riley,WR827,,1495.0,,1495,,,,,
2155,Nick Vogel,K122,,1497.0,,1497,,,,,
2156,Ted Ginn,WR828,,1498.0,,1498,,,,,
2157,Jordan Hudson,WR829,DAL,1499.0,,1499,,,,,
2158,Alex Kessman,K123,CAR,1501.0,,1501,,,,,
2159,Kawaan Baker,WR830,,1503.0,,1503,,,,,
2160,J.T. Barrett,QB268,,1506.0,,1506,,,,,
2161,Devon Bell,K124,,1508.0,,1508,,,,,
2162,Floyd Allen,WR831,,1509.0,,1509,,,,,
2163,DeSean Jackson,WR832,,1513.0,,1513,,,,,
2164,Roland Rivers,QB269,,1514.0,,1514,,,,,
2165,Damoun Patterson,WR833,,1515.0,,1515,,,,,
2166,Mohamed Sanu,WR834,,1517.0,,1517,,,,,
2167,Tyler Ferguson,QB270,,1519.0,,1519,,,,,
2168,Zach Zenner,RB492,,1520.0,,1520,,,,,
2169,Stephen Hauschka,K125,,1524.0,,1524,,,,,
2170,Tyler McCloskey,RB493,,1525.0,,1525,,,,,
2171,Kai Locksley,WR835,,1527.0,,1527,,,,,
2172,CJ Marable,RB494,,1532.0,,1532,,,,,
2173,Darren Carrington,WR836,,1533.0,,1533,,,,,
2174,Lamar Miller,RB495,,1534.0,,1534,,,,,
2175,Noah Gindorff,TE417,,1536.0,,1536,,,,,
2176,Josh Hammond,WR837,,1540.0,,1540,,,,,
2177,Zach Terrell,QB271,BAL,1542.0,,1542,,,,,
2178,Jahwan Edwards,RB496,,1545.0,,1545,,,,,
