Rank,Player,POS,Team,AVG,Expert,Sleeper,ESPN,Yahoo,Underdog,CBS,FFPC
1,Jahmyr Gibbs,RB1,DET,1.0,1,1,1,1,1,1,1
2,Bijan Robinson,RB2,ATL,2.0,2,2,2,2,2,2,2
3,Ja'Marr Chase,WR1,CIN,3.0,3,3,3,3,3,3,3
4,Puka Nacua,WR2,LAR,4.2,4,4,4,4,4,5,4
6,Jaxon Smith-Njigba,WR3,SEA,6.0,6,6,6,8,5,6,5
6,Christian McCaffrey,RB3,SF,6.3,6,5,7,6,6,7,7
7,Amon-Ra St. Brown,WR4,DET,7.7,7,8,8,7,7,8,8
9,Jonathan Taylor,RB4,IND,6.3,9,7,5,5,8,4,9
10,James Cook,RB5,BUF,9.5,10,10,9,9,10,9,10
10,CeeDee Lamb,WR5,DAL,11.2,10,9,11,11,9,14,13
11,Justin Jefferson,WR6,MIN,12.3,11,11,12,13,11,15,12
12,Chase Brown,RB6,CIN,13.2,12,15,14,14,14,11,11
14,Devon Achane,RB7,MIA,13.7,14,12,10,15,18,10,17
14,Saquon Barkley,RB8,PHI,13.7,14,13,15,10,12,13,19
14,Omarion Hampton,RB9,LAC,15.8,14,16,13,16,15,17,18
15,Kenneth Walker,RB10,KC,16.7,15,19,25,12,13,16,15
17,Ashton Jeanty,RB11,LV,17.0,17,14,18,21,16,19,14
20,Derrick Henry,RB12,BAL,17.2,20,20,16,17,17,12,21
20,Drake London,WR7,ATL,20.0,20,17,17,20,23,20,23
21,Brock Bowers,TE1,LV,19.3,21,23,22,19,20,26,6
21,A.J. Brown,WR8,NE,20.0,21,18,19,23,19,21,20
21,Malik Nabers,WR12,NYG,26.5,21,27,33,24,21,29,25
22,Nico Collins,WR9,HOU,22.8,22,25,23,18,22,25,24
25,George Pickens,WR10,DAL,24.7,25,24,28,22,24,22,28
25,Rashee Rice,WR13,KC,27.8,25,28,27,36,26,23,27
26,Chris Olave,WR11,NO,26.3,26,30,24,25,25,28,26
28,Trey McBride,TE2,ARI,24.2,28,22,20,31,29,27,16
29,Jeremiyah Love,RB13,ARI,27.0,29,26,21,28,28,30,29
29,Breece Hall,RB15,NYJ,32.0,29,33,30,30,30,39,30
31,Kyren Williams,RB14,LAR,29.3,31,29,32,27,31,24,33
31,DeVonta Smith,WR14,PHI,31.2,31,36,35,26,27,32,31
31,Javonte Williams,RB16,DAL,33.2,31,35,31,34,33,31,35
33,Zay Flowers,WR15,BAL,35.3,33,41,37,33,32,35,34
34,Jaylen Waddle,WR21,DEN,41.7,34,46,45,35,37,47,40
35,Tee Higgins,WR16,CIN,36.7,35,34,43,29,35,38,41
38,Ladd McConkey,WR17,LAC,38.3,38,38,40,40,34,41,37
39,Josh Allen,QB1,BUF,28.5,39,21,26,32,38,18,36
40,Travis Etienne,RB17,NO,39.0,40,44,34,41,40,33,42
40,Garrett Wilson,WR18,NYJ,39.3,40,45,29,38,39,46,39
40,Emeka Egbuka,WR19,TB,40.0,40,40,38,43,36,45,38
41,Colston Loveland,TE3,CHI,37.5,41,39,42,37,42,43,22
42,Tetairoa McMillan,WR20,CAR,40.3,42,37,36,39,41,44,45
44,D'Andre Swift,RB19,CHI,44.5,44,52,46,42,44,37,46
44,Bucky Irving,RB20,TB,48.2,44,42,49,51,52,42,53
45,Cam Skattebo,RB18,NYG,42.3,45,43,41,46,45,36,43
47,Quinshon Judkins,RB22,CLE,50.5,47,53,39,58,55,48,50
48,Luther Burden,WR22,CHI,51.3,48,54,60,44,43,60,47
48,Bhayshul Tuten,RB23,JAX,52.7,48,62,47,54,49,53,51
49,David Montgomery,RB21,HOU,50.2,49,49,50,57,47,50,48
49,Davante Adams,WR25,LAR,51.8,49,50,44,56,51,55,55
50,Jadarian Price,RB25,SEA,58.2,50,67,53,59,60,54,56
51,Jameson Williams,WR26,DET,54.8,51,58,54,52,50,56,59
53,Terry McLaurin,WR23,WAS,51.3,53,55,51,45,48,57,52
55,Lamar Jackson,QB2,BAL,49.7,55,32,48,50,58,40,70
55,Rome Odunze,WR27,CHI,57.8,55,64,56,49,59,61,58
56,Christian Watson,WR29,GB,62.5,56,70,75,53,57,66,54
58,Tyler Warren,TE4,IND,50.5,58,47,55,48,63,58,32
59,DJ Moore,WR24,BUF,51.7,59,57,52,47,53,52,49
59,TreVeyon Henderson,RB26,NE,61.0,59,56,59,64,61,65,61
60,Carnell Tate,WR32,TEN,69.7,60,66,61,73,62,87,69
60,Brian Thomas,WR33,JAX,76.8,60,73,95,72,64,84,73
63,Mike Evans,WR28,SF,60.0,63,61,62,60,54,63,60
63,Marvin Harrison,WR31,ARI,68.2,63,76,65,68,65,68,67
64,Parker Washington,WR30,JAX,65.2,64,75,76,55,56,72,57
64,Jaylen Warren,RB28,PIT,71.3,64,72,74,69,69,76,68
66,Rhamondre Stevenson,RB27,NE,68.8,66,81,63,62,67,69,71
69,Drake Maye,QB3,NE,59.8,69,48,58,61,66,51,75
70,Joe Burrow,QB4,CIN,62.8,70,51,64,63,68,49,82
70,Jayden Daniels,QB5,WAS,68.8,70,65,57,65,70,62,94
74,Jonathon Brooks,RB31,CAR,81.5,74,106,87,75,75,80,66
76,Caleb Williams,QB8,CHI,81.0,76,71,89,71,73,75,107
78,Tucker Kraft,TE6,GB,74.0,78,63,104,67,76,71,63
78,Chris Godwin,WR36,TB,87.7,78,95,97,83,85,89,77
78,MarShawn Lloyd,RB42,GB,119.3,78,173,79,84,136,125,119
79,Tony Pollard,RB29,TEN,76.7,79,84,67,82,77,74,76
81,Jalen Hurts,QB6,PHI,72.3,81,60,69,66,72,64,103
81,Michael Pittman,WR39,PIT,95.8,81,103,66,104,102,111,89
83,DK Metcalf,WR34,PIT,76.8,83,74,68,76,74,88,81
83,Jordan Addison,WR43,MIN,102.0,83,104,98,95,89,112,114
83,Makai Lemon,WR44,PHI,104.3,83,89,111,105,80,131,110
84,Quentin Johnston,WR40,LAC,97.3,84,113,120,91,71,97,92
86,Sam LaPorta,TE5,DET,72.0,86,59,81,70,90,67,65
86,J.K. Dobbins,RB32,DEN,91.5,86,94,101,85,95,83,91
86,RJ Harvey,RB34,DEN,93.7,86,80,109,110,88,90,85
87,Rico Dowdle,RB30,PIT,81.0,87,85,83,81,82,77,78
88,Trevor Lawrence,QB10,JAX,93.3,88,101,99,80,87,78,115
88,Stefon Diggs,WR42,WAS,100.0,88,109,88,92,94,113,104
89,Courtland Sutton,WR35,DEN,82.8,89,79,71,100,81,79,87
92,Harold Fannin,TE8,CLE,75.8,92,69,70,77,105,70,64
92,Justin Herbert,QB9,LAC,87.2,92,82,86,74,84,85,112
92,Michael Wilson,WR37,ARI,89.7,92,83,84,86,92,100,93
92,Jordan Mason,RB38,MIN,105.0,92,114,131,103,96,96,90
93,Alec Pierce,WR38,IND,94.5,93,99,93,98,93,86,98
94,Kyle Pitts,TE7,ATL,75.8,94,68,72,79,101,73,62
94,Chuba Hubbard,RB33,CAR,92.2,94,78,90,89,99,101,96
94,Jacory Croskey-Merritt,RB37,WAS,103.3,94,115,117,90,100,103,95
96,Dak Prescott,QB7,DAL,80.3,96,77,73,78,79,59,116
96,George Kittle,TE9,SF,86.7,96,86,78,88,114,82,72
97,Josh Downs,WR41,IND,98.7,97,110,105,87,83,119,88
98,KC Concepcion,WR49,CLE,115.2,98,121,133,99,111,118,109
99,Wan'Dale Robinson,WR45,TEN,105.0,99,116,80,112,116,109,97
99,Rachaad White,RB40,WAS,115.5,99,132,100,116,119,124,102
100,Blake Corum,RB35,LAR,96.0,100,102,112,93,86,104,79
100,Matthew Golden,WR47,GB,111.3,100,127,96,101,98,135,111
104,De'Zhaun Stribling,WR48,SF,114.5,104,138,123,94,109,115,108
106,Kenneth Gainwell,RB36,TB,98.5,106,112,77,114,110,95,83
107,Jayden Reed,WR46,GB,105.5,107,111,121,96,78,127,100
108,Brock Purdy,QB12,SF,108.2,108,123,102,97,103,92,132
108,Bo Nix,QB15,DEN,116.7,108,119,113,102,106,117,143
108,Jordyn Tyson,WR51,NO,123.5,108,93,169,129,91,154,105
109,Kyle Monangai,RB39,CHI,105.7,109,100,103,109,108,108,106
111,Xavier Worthy,WR53,KC,127.3,111,140,122,130,107,140,125
112,Jaxson Dart,QB11,NYG,104.5,112,91,85,106,104,106,135
113,Patrick Mahomes,QB13,KC,112.2,113,108,108,120,97,99,141
117,Matthew Stafford,QB14,LAR,112.3,117,96,115,113,113,91,146
117,Deebo Samuel,WR54,SF,131.8,117,129,132,150,128,128,124
119,Jared Goff,QB16,DET,125.3,119,134,129,118,112,107,152
120,Aaron Jones,RB41,MIN,116.8,120,125,92,125,126,116,117
121,Kyler Murray,QB17,MIN,132.5,121,158,116,115,115,137,154
123,Jakobi Meyers,WR50,JAX,118.7,123,120,94,126,121,129,122
124,Romeo Doubs,WR52,NE,127.2,124,133,125,124,118,136,127
126,Travis Kelce,TE10,KC,103.3,126,90,107,121,124,98,80
126,Jalen Coker,WR55,CAR,132.7,126,146,126,117,129,148,130
126,Denzel Boston,WR58,CLE,155.8,126,169,164,143,142,169,148
127,Mike Washington Jr.,RB47,LV,144.8,127,155,173,128,145,126,142
128,Chris Rodriguez,RB43,JAX,129.5,128,141,144,111,122,139,120
131,Jake Ferguson,TE14,DAL,119.3,131,98,114,146,137,122,99
132,Dalton Kincaid,TE12,BUF,107.7,132,87,127,107,120,121,84
132,Dallas Goedert,TE13,PHI,108.3,132,122,110,119,132,81,86
133,Woody Marks,RB44,HOU,138.2,133,159,135,131,138,138,128
134,Travis Hunter,WR59,JAX,159.0,134,166,91,174,163,,201
135,Baker Mayfield,QB18,TB,140.8,135,144,138,135,123,134,171
135,Keenan Allen,WR64,IND,171.3,135,197,155,145,152,181,198
136,Isaiah Likely,TE11,NYG,107.0,136,107,119,123,125,94,74
136,Jonah Coleman,RB49,DEN,145.3,136,170,137,142,141,156,126
138,Jordan Love,QB19,GB,144.7,138,149,156,122,117,149,175
139,Mark Andrews,TE15,BAL,123.5,139,128,124,134,134,120,101
139,Khalil Shakir,WR56,BUF,136.3,139,143,106,140,131,159,139
140,Rashid Shaheed,WR57,SEA,144.8,140,147,163,133,135,147,144
141,Tyler Allgeier,RB45,ARI,142.7,141,145,151,136,139,152,133
144,Keaton Mitchell,RB50,LAC,149.7,144,185,172,127,130,166,118
145,Josh Jacobs,RB24,GB,57.5,145,31,82,108,46,34,44
145,Tyler Shough,QB20,NO,149.7,145,188,128,138,127,153,164
145,Malik Willis,QB21,MIA,160.7,145,195,168,132,133,162,174
147,Juwan Johnson,TE16,NO,145.7,147,187,149,141,140,144,113
147,Tank Bigsby,RB51,PHI,158.7,147,178,178,137,151,172,136
154,Jalen McMillan,WR60,TB,165.2,154,211,136,153,157,,169
156,Brenton Strange,TE17,JAX,149.5,156,153,160,166,150,145,123
157,Chig Okonkwo,TE20,WAS,166.2,157,191,216,156,147,,121
159,Ja'Kobi Lane,WR63,BAL,170.0,159,156,199,172,148,167,178
160,Tre Tucker,WR62,LV,168.2,160,202,170,148,149,174,166
160,C.J. Stroud,QB24,HOU,186.0,160,205,200,165,146,164,236
161,Sam Darnold,QB22,SEA,168.7,161,160,201,151,143,146,211
161,Omar Cooper Jr.,WR72,NYJ,197.0,161,194,210,200,172,,209
163,Hunter Henry,TE18,NE,151.8,163,142,150,164,155,163,137
163,Daniel Jones,QB23,IND,169.7,163,203,140,163,144,160,208
164,Dylan Sampson,RB54,CLE,170.0,164,190,158,180,169,173,150
164,Kayshon Boutte,WR74,HOU,200.2,164,226,211,171,175,199,219
164,Kaleb Johnson,RB81,GB,279.6,164,220,280,210,385,,303
165,Isiah Pacheco,RB55,DET,170.2,165,186,145,178,196,157,159
167,Dalton Schultz,TE21,HOU,170.0,167,192,207,149,160,165,147
167,Cam Ward,QB25,TEN,211.0,167,245,219,179,161,,251
168,Chris Brooks,RB76,GB,262.5,168,,239,279,262,,270
170,T.J. Hockenson,TE23,MIN,172.3,170,163,153,212,168,193,145
170,Tyrone Tracy,RB57,NYG,179.5,170,168,244,221,162,142,140
170,Emmett Johnson,RB60,KC,193.0,170,209,240,167,183,196,163
171,Tyjae Spears,RB48,TEN,145.3,171,162,130,139,153,150,138
171,Brian Robinson,RB52,ATL,167.7,171,165,159,160,180,182,160
172,Kenyon Sadiq,TE22,NYJ,171.5,172,164,154,195,178,187,151
173,Zach Charbonnet,RB46,SEA,143.8,173,148,134,144,165,141,131
173,Terrance Ferguson,TE19,LAR,162.0,173,206,162,157,156,,129
173,Bryce Young,QB26,CAR,216.4,173,239,218,183,166,,276
176,Caleb Douglas,WR67,MIA,183.8,176,198,167,170,177,,207
176,Tre Harris,WR71,LAC,195.2,176,250,205,186,159,,176
179,Jalen Nailor,WR65,LV,177.8,179,184,171,177,154,211,170
179,Oronde Gadsden,TE25,LAC,198.2,179,131,291,216,198,,155
180,AJ Barner,TE24,SEA,188.3,180,183,217,182,174,201,173
182,Darnell Mooney,WR99,NYG,279.2,182,324,294,261,240,,277
184,Nicholas Singleton,RB62,TEN,214.0,184,210,250,205,213,,192
185,Malik Washington,WR70,MIA,192.6,185,176,224,209,173,,181
186,Kaytron Allen,RB70,WAS,233.6,186,278,277,204,222,,187
187,Alvin Kamara,RB53,NO,168.8,187,161,147,184,194,170,157
187,Braelon Allen,RB56,NYJ,176.3,187,204,174,161,179,178,162
187,Najee Harris,RB61,NYG,209.4,187,221,197,198,200,,231
191,Kaelon Black,RB59,SF,185.2,191,216,212,159,184,175,165
191,Tank Dell,WR68,HOU,189.8,191,180,139,252,190,189,189
191,Ryan Flournoy,WR73,DAL,197.0,191,251,208,162,170,,194
191,Cyrus Allen,WR78,KC,210.2,191,174,368,173,164,,172
191,Antonio Williams,WR89,WAS,242.8,191,261,252,236,226,,239
192,Sean Tucker,RB72,TB,245.8,192,302,245,243,218,,221
193,Ray Davis,RB58,BUF,182.8,193,230,179,152,186,,167
194,Calvin Ridley,WR85,TEN,229.7,194,335,157,254,203,194,235
195,Chris Bell,WR86,MIA,230.0,195,285,232,206,193,,234
198,Germie Bernard,WR87,PIT,235.4,198,249,204,264,206,,254
198,David Njoku,TE31,LAC,246.8,198,207,290,307,212,,218
198,Aaron Rodgers,QB29,PIT,250.4,198,244,269,249,181,,309
198,Devin Singletary,RB105,NYG,355.0,198,,510,276,296,,338
199,Zachariah Branch,WR79,ATL,211.2,199,208,209,213,201,,225
199,Gunnar Helm,TE27,TEN,213.4,199,258,215,218,199,,177
199,Brashard Smith,RB87,KC,290.4,199,235,226,350,331,,310
200,Jerry Jeudy,WR69,CLE,190.2,200,189,165,194,205,183,205
200,Jacoby Brissett,QB28,ARI,240.6,200,300,220,208,202,,273
202,Jauan Jennings,WR76,MIN,205.8,202,213,202,214,176,213,217
204,Isaac TeSlaa,WR88,DET,240.6,204,236,262,260,207,,238
205,Adonai Mitchell,WR66,NYJ,182.2,205,252,166,147,167,,179
205,Malachi Fields,WR80,NYG,211.8,205,223,203,224,187,,222
207,Greg Dulcich,TE26,MIA,208.3,207,248,258,191,188,209,156
207,Kimani Vidal,RB64,LAC,220.2,207,269,213,227,208,,184
207,Pat Freiermuth,TE29,PIT,230.4,207,281,206,282,195,,188
208,Demond Claiborne,RB71,MIN,239.2,208,296,266,202,242,,190
209,Troy Franklin,WR107,DEN,297.4,209,292,370,298,239,,288
210,Malik Davis,RB67,DAL,226.3,210,,225,211,221,,248
210,Geno Smith,QB31,NYJ,254.0,210,,267,248,189,,312
211,Cade Otton,TE28,TB,229.8,211,257,260,262,192,204,204
212,Pat Bryant,WR77,DEN,206.2,212,237,263,158,171,,202
212,Elijah Sarratt,WR117,BAL,313.4,212,246,411,303,249,,358
213,Ollie Gordon II,RB78,MIA,265.8,213,,221,280,298,,264
214,Jordan James,RB65,SF,224.4,214,,247,244,229,205,197
214,Elic Ayomanor,WR125,TEN,325.2,214,290,413,325,271,,327
215,Ted Hurst,WR90,TB,245.8,215,279,284,241,197,,228
215,Darius Slayton,WR98,NYG,276.8,215,,234,274,260,,339
216,Dontayvion Wicks,WR61,PHI,167.5,216,,176,154,158,,182
216,Eli Stowers,TE43,PHI,294.0,216,275,329,313,,,259
217,Keon Coleman,WR92,BUF,259.8,217,260,261,270,217,,291
217,Calvin Austin,WR180,NYG,452.0,217,,533,377,446,,
218,Fernando Mendoza,QB27,LV,232.8,218,182,268,240,191,,283
218,Luke McCaffrey,WR150,WAS,365.3,218,,425,324,333,,379
219,James Conner,RB73,ARI,247.5,219,259,306,229,248,214,229
219,Jack Bech,WR94,LV,262.6,219,272,274,234,246,,287
220,Jaylin Noel,WR75,HOU,205.6,220,215,161,190,204,,258
220,Chimere Dike,WR123,TEN,320.6,220,247,382,323,283,,368
221,Christian Kirk,WR134,SF,338.2,221,291,511,332,278,,279
222,Charlie Kolar,TE41,LAC,280.5,222,,390,258,209,,265
222,Ty Johnson,RB86,BUF,289.5,222,,223,339,300,,296
222,Jaydon Blue,RB108,,361.6,222,242,976,250,182,,158
223,Devaughn Vele,WR81,NO,215.2,223,280,177,192,185,,242
223,Seth McGowan,RB69,IND,231.5,223,,246,239,215,,226
223,Tez Johnson,WR154,TB,372.7,223,,416,401,301,,
224,Adam Randall,RB77,BAL,265.0,224,,305,256,254,,245
224,Bryce Lance,WR110,NO,302.3,224,,383,288,253,,285
225,Justice Hill,RB63,BAL,217.0,225,,198,255,219,,196
226,Kyle Williams,WR84,,227.0,226,,,,227,,
227,Samaje Perine,RB68,CIN,230.8,227,,222,246,223,,232
227,Tyquan Thornton,WR91,KC,252.0,227,,253,230,230,,295
227,Kendre Miller,RB75,NO,257.2,227,233,251,226,286,,290
227,Tory Horton,WR97,SEA,274.6,227,243,275,299,250,,306
227,Skyler Bell,WR120,BUF,315.0,227,,395,310,233,,322
228,Isaiah Davis,RB82,NYJ,280.0,228,,241,281,299,,299
228,Max Klare,TE59,LAR,369.8,228,320,331,494,381,,323
228,Cedric Tillman,WR395,,770.5,228,1398,859,395,430,,
230,Mike Gesicki,TE40,CIN,280.0,230,,292,316,232,,280
231,Rashod Bateman,WR83,BAL,222.8,231,256,175,222,214,,247
231,Tua Tagovailoa,QB34,ATL,292.8,231,265,296,295,241,,367
232,Eli Raridon,TE37,NE,271.8,232,,332,273,236,,246
232,DJ Giddens,RB79,IND,275.5,232,,278,284,269,,271
232,Andrei Iosivas,WR104,CIN,292.5,232,,271,320,237,,342
233,Cooper Kupp,WR82,SEA,222.2,233,200,227,235,216,200,255
233,George Holani,RB66,SEA,225.8,233,,243,220,234,,206
233,Isaac Guerendo,RB182,SF,621.0,233,,559,941,363,,
234,Evan Engram,TE32,DEN,255.8,234,,289,287,224,,223
235,Michael Penix,QB30,ATL,253.0,235,240,310,251,211,,
235,Emanuel Wilson,RB85,SEA,289.0,235,327,279,277,290,,272
237,Xavier Legette,WR100,CAR,281.5,237,,228,267,261,,370
238,Colby Parkinson,TE36,LAR,269.8,238,331,312,245,220,,241
238,Brandon Aiyuk,WR147,SF,358.8,238,330,518,341,294,,311
239,Kirk Cousins,QB36,LV,301.0,239,,302,309,238,,355
239,Hollywood Brown,WR138,PHI,344.7,239,,396,349,289,,
241,Jaylen Wright,RB74,MIA,255.8,241,317,214,271,247,,230
241,Deshaun Watson,QB32,CLE,282.3,241,,270,306,235,,318
241,Shedeur Sanders,QB33,CLE,290.4,241,264,301,305,231,,351
243,Mack Hollins,WR121,NE,317.3,243,,295,351,306,,
243,Devin Neal,RB111,NO,369.0,243,212,585,321,384,,343
244,LeQuint Allen,RB84,JAX,286.8,244,,242,330,307,,268
245,Jake Tonges,TE38,SF,273.8,245,289,311,301,255,,213
245,Trey Benson,RB96,ARI,326.8,245,340,309,327,339,,319
245,Konata Mumpfield,WR216,LAR,530.7,245,,419,828,345,,
246,Darnell Washington,TE45,PIT,300.0,246,,314,312,243,,331
246,Olamide Zaccheaus,WR156,ATL,377.3,246,,397,393,342,,
247,Darren Waller,TE30,CAR,239.0,247,,259,247,210,,240
247,Tyreek Hill,WR146,,358.8,247,234,685,353,244,,278
248,Carson Beck,QB35,ARI,295.3,248,,316,319,251,,
249,Theo Johnson,TE46,NYG,307.6,249,254,325,331,287,,341
251,Mason Taylor,TE39,NYJ,278.0,251,232,324,315,245,,274
253,Joshua Palmer,WR119,BUF,314.0,253,,371,292,279,,
253,Anthony Richardson,QB61,IND,519.3,253,,336,892,330,,
255,Michael Mayer,TE35,LV,266.8,255,,293,302,228,,244
259,J.J. McCarthy,QB37,MIN,312.0,259,231,315,398,304,,
259,Mac Jones,QB42,SF,347.3,259,,319,412,311,,
259,Jaylin Lane,WR195,WAS,490.7,259,,388,701,383,,
262,Justin Fields,QB38,KC,323.0,262,,317,357,295,,
264,Trevor Etienne,RB120,CAR,406.7,264,,574,328,318,,
266,Ty Simpson,QB57,LAR,483.5,266,293,334,975,332,,
268,Elijah Arroyo,TE42,SEA,290.5,268,,323,314,256,,269
270,Cole Kmet,TE47,CHI,321.5,270,,326,373,270,,317
270,Dawson Knox,TE49,BUF,330.8,270,,322,363,263,,375
272,Oscar Delp,TE55,NO,350.8,272,,429,322,319,,333
272,Dont'e Thornton Jr.,WR276,LV,631.0,272,,433,829,,,
273,Isaiah Bond,WR139,CLE,348.7,273,,392,338,316,,
273,Jarquez Hunter,RB128,MIA,427.6,273,284,977,297,273,,307
276,Ja'Tavion Sanders,TE61,CAR,375.0,276,,327,399,399,,
277,Zavion Thomas,WR128,CHI,331.5,277,,389,346,257,,334
279,DeMario Douglas,WR95,NE,266.0,279,,233,293,225,,313
281,Jalen Tolbert,WR122,MIA,319.3,281,,231,409,291,,346
282,Treylon Burks,WR124,WAS,325.0,282,,376,278,321,,
283,Kendrick Bourne,WR131,ARI,336.0,283,,372,344,292,,
283,Noah Gray,TE51,KC,345.5,283,,328,420,308,,326
284,Marvin Mims,WR106,DEN,294.8,284,224,264,337,288,,361
287,Emari Demercado,RB132,,442.3,287,,892,336,284,,257
289,Kyle Williams,WR114,NE,311.8,289,227,369,343,,,308
290,Justin Joly,TE112,,534.0,290,,1020,464,293,,359
291,Jahan Dotson,WR93,ATL,261.3,291,,229,232,252,,332
291,Jerome Ford,RB320,WAS,878.7,291,,824,726,1086,,
292,Tahj Brooks,RB89,CIN,305.3,292,,265,283,328,,345
292,Drew Allar,QB115,PIT,785.0,292,1819,448,969,325,,364
293,Noah Fant,TE64,NO,381.3,293,,391,367,386,,
294,Cade Klubnik,QB100,NYJ,728.0,294,,478,978,,,
295,Jaleel McLaughlin,RB170,DEN,577.5,295,,888,558,498,,366
296,Audric Estime,RB116,NO,389.8,296,268,560,374,357,,
297,Luke Musgrave,TE79,GB,444.0,297,,544,440,348,,
298,Will Shipley,RB138,PHI,472.8,298,,248,946,320,,377
299,Tutu Atwell,WR155,LAR,373.0,299,,400,437,282,,
300,Kareem Hunt,RB119,,405.0,300,,696,356,274,,294
303,Jameis Winston,QB62,NYG,520.7,303,,335,922,305,,
304,Tyler Higbee,TE52,LAR,346.7,304,,330,360,350,,
305,Marcus Mariota,QB47,WAS,425.7,305,,340,535,402,,
305,Jordan Whittington,WR186,LAR,469.5,305,,415,825,303,,335
310,Luke Schoonmaker,TE107,DAL,521.7,310,,404,699,462,,
311,Eli Heidenreich,RB146,PIT,496.0,311,,307,747,434,,
312,Brenen Thompson,WR126,LAC,328.3,312,,406,311,275,,321
316,Jawhar Jordan,RB150,,503.8,316,,925,335,395,,360
317,Savion Williams,WR132,GB,336.7,317,,380,345,285,,
320,Xavier Hutchinson,WR96,HOU,271.3,320,,230,294,259,,302
321,Kevin Coleman Jr.,WR157,MIA,380.5,321,,272,575,322,,353
323,KaVontae Turpin,WR116,DAL,313.3,323,,273,387,280,,
324,Kalif Raymond,WR144,CHI,357.3,324,,374,426,272,,
325,Joe Flacco,QB43,CIN,365.3,325,,318,390,388,,
326,Nick Westbrook-Ikhine,WR250,IND,603.7,326,,773,714,324,,
327,Ashton Dulin,WR148,IND,361.7,327,,398,318,369,,
331,Devontez Walker,WR152,BAL,366.7,331,,377,400,323,,
332,Dameon Pierce,RB214,,702.0,332,,810,930,366,,
337,Roman Wilson,WR141,PIT,354.3,337,,403,348,297,,369
338,Dyami Brown,WR171,WAS,414.3,338,,375,450,418,,
339,Greg Dortch,WR181,,452.7,339,,664,385,309,,
340,Demarcus Robinson,WR145,SF,357.5,340,,421,417,268,,324
341,Theo Wease Jr.,WR340,,700.3,341,,992,693,776,,340
342,Riley Leonard,QB83,IND,645.7,342,,451,1010,476,,
343,Mo Alie-Cox,TE108,IND,525.0,343,742,405,544,409,,
344,Gardner Minshew,QB138,ARI,874.5,344,1531,488,1024,455,,
345,DeAndre Hopkins,WR470,,849.3,345,,714,414,1420,,
346,Taysom Hill,TE91,,485.0,346,,653,370,432,,
347,Tyrod Taylor,QB107,GB,754.8,347,1289,453,804,473,,
348,JuJu Smith-Schuster,WR271,,625.0,348,,690,430,755,,
349,Zonovan Knight,RB97,ARI,330.0,349,,282,378,,,
350,Raheim Sanders,RB133,CLE,446.3,350,,590,329,420,,
,Brandon Aubrey,K1,DAL,123.4,,92,118,168,,105,134
,Houston Texans,DEF1,HOU,131.0,,97,141,155,,,
,Denver Broncos,DEF2,DEN,145.3,,118,143,175,,,
,Los Angeles Rams,DEF3,LAR,146.3,,88,182,169,,,
,Jason Myers,K2,SEA,153.6,,126,146,188,,123,185
,Cameron Dicker,K3,LAC,153.8,,117,142,187,,143,180
,Seattle Seahawks,DEF4,SEA,154.0,,105,181,176,,,
,Ka'imi Fairbairn,K4,HOU,155.4,,130,148,181,,132,186
,Philadelphia Eagles,DEF5,PHI,164.3,,124,184,185,,,
,New England Patriots,DEF6,NE,173.3,,137,186,197,,,
,Baltimore Ravens,DEF7,BAL,174.0,,136,183,203,,,
,Cam Little,K5,JAX,174.2,,135,192,193,,158,193
,Pittsburgh Steelers,DEF8,PIT,176.7,,151,180,199,,,
,Harrison Mevis,K6,LAR,188.8,,152,152,253,,184,203
,Jake Bates,K7,DET,189.6,,139,193,231,,171,214
,Detroit Lions,DEF9,DET,191.3,,154,187,233,,,
,Los Angeles Chargers,DEF10,LAC,198.7,,179,189,228,,,
,Will Reichard,K8,MIN,200.0,,171,196,207,,202,224
,Tyler Loop,K9,BAL,200.0,,177,194,201,,208,220
,Eddy Pineiro,K10,SF,201.2,,193,190,217,,191,215
,Jacksonville Jaguars,DEF11,JAX,205.7,,167,254,196,,,
,Minnesota Vikings,DEF12,MIN,212.7,,150,299,189,,,
,Harrison Butker,K11,KC,215.8,,175,191,275,,185,253
,Kansas City Chiefs,DEF13,KC,218.3,,229,188,238,,,
,Evan McPherson,K12,CIN,221.0,,181,256,219,,197,252
,Cairo Santos,K13,CHI,224.6,,253,195,215,,198,262
,Green Bay Packers,DEF14,GB,224.7,,201,236,237,,,
,Chris Boswell,K14,PIT,229.5,,157,237,268,,,256
,Chase McLaughlin,K15,TB,234.0,,228,238,265,,212,227
,Dallas Cowboys,DEF15,DAL,239.7,,199,297,223,,,
,Tampa Bay Buccaneers,DEF16,TB,253.0,,255,235,269,,,
,San Francisco 49ers,DEF17,SF,254.0,,217,286,259,,,
,Trey Smack,K16,GB,256.3,,214,287,263,,,261
,Eli Stowers,TE33,,258.0,,,,,258,,
,Andy Borregales,K17,NE,261.3,,172,350,286,,,237
,Ray Hamilton,TE34,,263.0,,263,,,,,
,Indianapolis Colts,DEF18,IND,264.0,,222,298,272,,,
,Buffalo Bills,DEF19,BUF,274.7,,218,364,242,,,
,De'Chavon Hayes,RB80,,276.0,,276,,,,,
,Wil Lutz,K18,DEN,279.4,,336,346,225,,215,275
,Cincinnati Bengals,DEF20,CIN,281.7,,288,300,257,,,
,Jonathan Williams,RB83,,282.0,,282,,,,,
,Kasey Closs,WR101,,283.0,,283,,,,,
,New Orleans Saints,DEF21,NO,283.3,,306,255,289,,,
,Cleveland Browns,DEF22,CLE,284.3,,368,185,300,,,
,Ezell Ruffin,WR102,,286.0,,286,,,,,
,Garett Maag,WR103,,287.0,,287,,,,,
,Chicago Bears,DEF23,CHI,291.3,,225,359,290,,,
,Adam Humphries,WR105,,294.0,,294,,,,,
,Erick All,TE44,CIN,294.8,,,313,317,267,,282
,Brelan Chancellor,WR108,,298.0,,298,,,,,
,Atlanta Falcons,DEF24,ATL,298.3,,241,363,291,,,
,Dorian Baker,WR109,,299.0,,299,,,,,
,New York Giants,DEF25,NYG,299.3,,274,358,266,,,
,Jake Elliott,K19,PHI,303.3,,219,344,347,,,
,Jalen Jackson,RB88,,304.0,,304,,,,,
,DeAndrew White,WR111,,307.0,,307,,,,,
,Malik Benson,WR112,LV,308.5,,,373,296,264,,301
,Chris Swain,RB90,,309.0,,309,,,,,
,Dimitri Stanley,WR113,,310.0,,310,,,,,
,Nick Folk,K20,ATL,310.8,,397,257,375,,188,337
,Ramon Jefferson,RB91,,311.0,,311,,,,,
,Tanner Gentry,WR115,,312.0,,312,,,,,
,D.J. Foster,RB92,,313.0,,313,,,,,
,Kalija Lipscomb,WR118,,314.0,,314,,,,,
,Jarveon Howard,RB93,,319.0,,319,,,,,
,Kenjon Barner,RB94,,322.0,,322,,,,,
,Lincoln Sefcik,TE48,,323.0,,323,,,,,
,Rodney Anderson,RB95,,326.0,,326,,,,,
,Cade Klubnik,QB39,,326.0,,,,,326,,
,Talik Keaton,WR127,,329.0,,329,,,,,
,Sione Vaki,RB98,DET,331.8,,,283,333,335,,376
,JJ Laap,WR129,,332.0,,332,,,,,
,Josh Adams,RB99,,333.0,,333,,,,,
,Marquez Stevenson,WR130,,334.0,,334,,,,,
,Casey Bauman,QB40,,337.0,,337,,,,,
,Gabe Marks,WR133,,338.0,,338,,,,,
,Jalen Williams,WR135,,339.0,,339,,,,,
,Carolina Panthers,DEF26,CAR,339.3,,273,361,384,,,
,Jonnu Smith,TE50,GB,340.7,,,384,362,276,,
,Marquis Young,RB100,,342.0,,342,,,,,
,Colbie Young,WR136,CIN,342.5,,,401,340,277,,352
,Ricky Collins,WR137,,343.0,,343,,,,,
,Kyle Lauletta,QB41,,346.0,,346,,,,,
,Jordan Leggett,TE53,,347.0,,347,,,,,
,Tennessee Titans,DEF27,TEN,347.0,,377,360,304,,,
,Frank Gore,RB101,,347.5,,,,,315,,380
,Matt Seybert,TE54,,348.0,,348,,,,,
,Calvin Tyler,RB102,,349.0,,349,,,,,
,Jalin Moore,RB103,,350.0,,350,,,,,
,Tyree Mayfield,TE56,,352.0,,352,,,,,
,Carson Meier,TE57,,353.0,,353,,,,,
,Jalen Hurd,WR140,,354.0,,354,,,,,
,Michael Dyer,RB104,,355.0,,355,,,,,
,Reggie White,WR142,,356.0,,356,,,,,
,Marlin Klein,TE58,HOU,356.0,,,460,308,327,,329
,Jamire Jordan,WR143,,357.0,,357,,,,,
,Matt Colburn,RB106,,358.0,,358,,,,,
,Trayone Gray,RB107,,360.0,,360,,,,,
,KeeSean Johnson,WR149,,362.0,,362,,,,,
,Matt Gay,K21,LV,363.0,,361,352,376,,,
,Trenton Cannon,RB109,,364.0,,364,,,,,
,DaVaris Daniels,WR151,,366.0,,366,,,,,
,Josh Rounds,RB110,,367.0,,367,,,,,
,Riley Patterson,K22,MIA,369.3,,369,351,388,,,
,Tony Brooks-James,RB112,,370.0,,370,,,,,
,Devin Gray,WR153,,371.0,,371,,,,,
,Josh Oliver,TE60,MIN,372.3,,,386,379,352,,
,Spencer Shrader,K23,IND,375.3,,504,288,355,,,354
,Tommy Tremble,TE62,CAR,376.7,,,333,404,393,,
,Michael Warren,RB113,DET,378.0,,378,,,,,
,Treyton Pickering,TE63,,379.0,,379,,,,,
,Daniel Carlson,K24,NO,380.5,,,345,416,,,
,Darius Davis,WR158,,381.0,,381,,,,,
,Alonzo Moore,WR159,,384.0,,384,,,,,
,Arizona Cardinals,DEF28,ARI,384.3,,380,366,407,,,
,John Metchie,WR160,CAR,384.5,,,531,406,317,,284
,Elijah Higgins,WR161,ARI,384.7,,,379,429,346,,
,Mike Thomas,WR162,,385.0,,385,,,,,
,Washington Commanders,DEF29,WAS,386.5,,,362,411,,,
,Miami Dolphins,DEF30,MIA,386.7,,413,367,380,,,
,Alfred Morris,RB114,,388.0,,388,,,,,
,Terrell Newby,RB115,,389.0,,389,,,,,
,Jahdae Walker,WR163,CHI,389.7,,,465,423,281,,
,Roschon Johnson,RB117,CHI,390.3,,,543,326,362,,330
,Las Vegas Raiders,DEF31,LV,391.0,,390,365,418,,,
,Leon Johnson,WR164,,392.0,,392,,,,,
,Osirus Mitchell,WR165,,395.0,,395,,,,,
,Daniel Bellinger,TE65,TEN,397.3,,,408,402,382,,
,Garrett Gilbert,QB44,,398.0,,398,,,,,
,Chad Ryland,K25,ARI,398.3,,469,355,371,,,
,Joey Slye,K26,TEN,398.3,,472,354,369,,,
,La'Damian Webb,RB118,,399.0,,399,,,,,
,Trevor Knight,QB45,,400.0,,400,,,,,
,C.J. Daniels,WR166,LAR,400.5,,,603,342,310,,347
,Cody Kessler,QB46,,401.0,,401,,,,,
,Ben Sinnott,TE66,WAS,401.0,,,409,425,398,,372
,Dakota Caton,WR167,,402.0,,402,,,,,
,Treveyon Pratt,WR168,,403.0,,403,,,,,
,JaQuan Hardy,RB121,,407.0,,407,,,,,
,KeAndre Lambert-Smith,WR169,LAC,407.0,,,427,,387,,
,Jayden Higgins,WR170,HOU,407.6,,196,573,364,689,,216
,Luke McNitt,RB122,,408.0,,408,,,,,
,Nate Boerkircher,TE67,JAX,410.7,,,424,479,329,,
,Robert Burns,RB123,,411.0,,411,,,,,
,Chris Smith,RB124,,415.0,,415,,,,,
,Andre Szmyt,K27,CLE,416.7,,459,356,435,,,
,Barion Brown,WR172,NO,416.8,,,430,627,266,,344
,Briley Moore,TE68,,417.0,,417,,,,,
,Will Kacmarek,TE69,MIA,417.5,,,381,525,379,,385
,Bryce Love,RB125,,418.0,,418,,,,,
,Dalton Crossan,RB126,,419.0,,419,,,,,
,Ryan Fitzgerald,K28,CAR,419.0,,465,353,439,,,
,T.J. Vasher,WR173,,421.0,,421,,,,,
,Austin Fort,TE70,,423.0,,423,,,,,
,Darius Jennings,WR174,,424.0,,424,,,,,
,Brian Brown,WR175,,425.0,,425,,,,,
,Tevin Coleman,RB127,,426.0,,426,,,,,
,Temarrick Hemingway,TE71,WAS,427.0,,427,,,,,
,Carson Wentz,QB48,MIN,427.7,,,513,365,405,,
,Jake Heaps,QB49,,428.0,,428,,,,,
,Devin Mahina,TE72,,429.0,,429,,,,,
,Jake Burt,TE73,,430.0,,430,,,,,
,Odell Beckham,WR176,NYG,431.8,,,412,730,265,,320
,Austin Hooper,TE74,ATL,432.0,,572,378,381,458,,371
,Marquez Clark,WR177,,434.0,,434,,,,,
,Spencer Rattler,QB50,NO,434.7,,,459,442,403,,
,Kyle Coleman,RB129,,435.0,,435,,,,,
,Blake Grupe,K29,,435.0,,,895,372,,180,293
,Michael Herzog,RB130,,436.0,,436,,,,,
,Ben Bryant,QB51,,437.0,,437,,,,,
,Andrew Peasley,QB52,,438.0,,438,,,,,
,Jeremiah Haydel,WR178,,439.0,,439,,,,,
,Tanner Koziol,TE75,JAX,439.7,,,454,474,391,,
,Tanner Hudson,TE76,CIN,440.3,,,402,397,522,,
,Sam Roush,TE77,CHI,441.7,,,464,471,390,,
,Devontae Jackson,RB131,,442.0,,442,,,,,
,Drew Sample,TE78,CIN,443.3,,,385,551,394,,
,Cade Peterson,QB53,,444.0,,444,,,,,
,Kai Forbath,K30,,447.0,,447,,,,,
,Hunter Thedford,TE80,,448.0,,448,,,,,
,Jelani Woods,TE81,NYJ,448.8,,301,532,513,449,,
,Tyler Bass,K31,BUF,449.3,,414,347,721,,,315
,Kevin Austin,WR179,NO,449.7,,,438,394,517,,
,John Lovett,RB134,,450.0,,450,,,,,
,Jonathan Kim,K32,,452.0,,452,,,,,
,RJ Maryland,TE82,GB,452.0,,,,452,,,
,Pokey Wilson,WR182,,454.0,,454,,,,,
,Tyrone Swoopes,TE83,,458.0,,458,,,,,
,New York Jets,DEF32,NYJ,458.7,,393,285,698,,,
,Dakereon Joyner,WR183,,460.0,,460,,,,,
,Marcus Tucker,WR184,,461.0,,461,,,,,
,Zach Ertz,TE84,,461.0,,,717,354,424,,349
,Jake Rudock,QB54,,463.0,,463,,,,,
,Marshaun Coprich,RB135,,464.0,,464,,,,,
,John Paddock,QB55,,466.0,,466,,,,,
,Elijah Holyfield,RB136,,467.0,,467,,,,,
,Matthew Hibner,TE85,BAL,468.0,,,468,,,,
,Lil'Jordan Humphrey,WR185,DEN,468.0,,,516,419,469,,
,Chase Roberts,WR187,LV,470.0,,470,,,,,
,Cade Stover,TE86,HOU,470.0,,,393,560,457,,
,Dylan McDuffie,RB137,,471.0,,471,,,,,
,Thayer Thomas,WR188,,471.5,,363,,,580,,
,John Bates,TE87,WAS,473.3,,,394,567,459,,
,Rysen John,TE88,,474.0,,474,,,,,
,Jalen Royals,WR189,KC,474.7,,,426,609,389,,
,Levern Jacobs,WR190,,475.0,,475,,,,,
,Emeka Emezie,WR191,,476.0,,476,,,,,
,C.J. Germany,WR192,,477.0,,477,,,,,
,DeSean Smith,TE89,,479.0,,479,,,,,
,Steven Montez,QB56,,480.0,,480,,,,,
,Jeremy Ruckert,TE90,NYJ,480.7,,,410,536,496,,
,Jam Miller,RB139,,481.5,,,308,784,471,,363
,Theo Riddick,RB140,,482.0,,383,,,581,,
,Kaylon Horton,WR193,,483.0,,483,,,,,
,Austin Ramesh,RB141,,484.0,,484,,,,,
,Jack Endries,TE92,CIN,485.3,,,609,503,344,,
,Kyle Juszczyk,RB142,SF,485.5,,,320,834,400,,388
,Austin Ekeler,RB143,,485.5,,,698,431,439,,374
,Deontez Alexander,WR194,,486.0,,486,,,,,
,Keith Towbridge,TE93,,487.0,,487,,,,,
,Jake Briningstool,TE94,KC,488.3,,527,,497,441,,
,Charlie Smyth,K33,NO,489.5,,373,1000,285,,,300
,Roman Hemby,RB144,,491.0,,,,776,341,,356
,Sam Rogers,RB145,,492.0,,492,,,,,
,James O'Shaughnessy,TE95,,493.0,,270,,,716,,
,Isaiah Williams,WR196,NYJ,493.7,,,399,733,349,,
,Bryce Williams,TE96,,494.0,,494,,,,,
,Mitchell Evans,TE97,CAR,494.7,,,578,422,484,,
,Derrick Dillon,WR197,,496.0,,496,,,,,
,Daniel Brown,TE98,,497.0,,497,,,,,
,Josh Cameron,WR198,JAX,497.0,,,458,690,343,,
,Trey Potts,RB147,,498.0,,498,,,,,
,Marshall Lang,TE99,MIN,498.0,,,,498,,,
,Jimmy Horn Jr.,WR199,CAR,498.3,,,417,727,351,,
,Phil Mafah,RB148,,498.5,,,980,334,364,,316
,Chad Hansen,WR200,,499.0,,499,,,,,
,Kaden Wetjen,WR201,PIT,499.3,,,490,640,368,,
,Spencer Ware,RB149,,501.0,,501,,,,,
,Bart Houston,QB58,,502.0,,502,,,,,
,Tim Semisch,TE100,,505.0,,505,,,,,
,Mason Pline,TE101,,505.3,,315,,523,678,,
,Austin Walter,RB151,,506.0,,506,,,,,
,Vinny Anthony II,WR202,,506.3,,,,570,587,,362
,Gabe Nabers,RB152,,507.0,,507,,,,,
,Jeremy Sprinkle,TE102,,508.0,,508,,,,,
,Hunter Long,TE103,ARI,508.7,,,475,408,643,,
,Coleman Owen,WR203,IND,509.0,,303,599,625,,,
,Allen Hurns,WR204,MIA,509.0,,509,,,,,
,Dylan Laube,RB153,LV,509.0,,,303,1008,360,,365
,De'Quan Hampton,WR205,,510.0,,510,,,,,
,Ko Kieft,TE104,TB,510.7,,,455,530,547,,
,Jake Moody,K34,,511.0,,449,853,361,,,381
,JJ Galbreath,TE105,IND,511.5,,515,,508,,,
,William Thompson,QB59,,514.0,,514,,,,,
,Skyler Howard,QB60,SEA,516.0,,516,,,,,
,Dominic Zvada,K35,NYG,516.3,,478,348,861,,,378
,David Sills,WR206,TB,516.5,,537,530,534,465,,
,Mark McNamee,K36,,517.0,,517,,,,,
,Ian Thomas,TE106,LV,518.7,,,476,539,541,,
,Caleb Shudak,K37,,519.0,,519,,,,,
,Malachi Corley,WR207,CLE,520.0,,297,437,839,507,,
,Daniel Williams,WR208,,520.0,,520,,,,,
,Jon Hilliman,RB154,,522.0,,522,,,,,
,Darius Cooper,WR209,PHI,522.7,,,471,732,365,,
,Garrett Scantling,WR210,ATL,524.0,,524,,,,,
,Luke Lundy,RB155,,526.0,,526,,,,,
,Dan Arnold,TE109,,528.0,,528,,,,,
,Reggie Virgil,WR211,ARI,528.0,,,480,638,466,,
,Travis Toivonen,WR212,,529.0,,529,,,,,
,Bryce Pierre,TE110,,529.0,,,,529,,,
,Reggie Brown,WR213,,530.0,,530,,,,,
,Dont'e Thornton,WR214,LV,530.0,,,,,530,,
,Gary Jennings,WR215,LAC,530.5,,473,,588,,,
,Martavis Bryant,WR217,,531.0,,531,,,,,
,Jason Sanders,K38,NYJ,531.0,,,357,705,,,
,Younghoe Koo,K39,,532.0,,456,704,436,,,
,Stephen Anderson,TE111,,533.0,,365,,,701,,
,Alex Tanney,QB63,,535.0,,535,,,,,
,C.J. Uzomah,TE113,,536.0,,295,651,,662,,
,Sam Brown,WR218,,536.5,,267,,,806,,
,Jackson Hawes,TE114,BUF,536.5,,937,407,410,392,,
,Ricky Pearsall,WR219,SF,536.8,,305,557,359,1171,,292
,Mike Boone,RB156,,537.0,,579,692,,340,,
,Germone Hopper,WR220,,538.0,,538,,,,,
,Demetrius Wilson,WR221,,540.0,,540,,,,,
,Ryan Izzo,TE115,,541.0,,541,,,,,
,Mitch Mathews,WR222,,543.0,,543,,,,,
,Jordan Watkins,WR223,SF,543.0,,,579,680,370,,
,Nick Kallerup,TE116,SEA,543.5,,,596,491,,,
,Ross Martin,K40,,544.0,,544,,,,,
,Sterling Shepard,WR224,,544.0,,703,711,391,371,,
,Davis Mills,QB64,HOU,544.0,,,474,835,480,,387
,Josh Babicz,TE117,,545.0,,545,,,,,
,Reggie Brown,TE118,,546.0,,546,,,,,
,Amara Darboh,WR225,,547.0,,547,,,,,
,J'Mari Taylor,RB157,JAX,547.5,,,,783,312,,
,Maxx Williams,TE119,,548.0,,548,,,,,
,Drew Estrada,WR226,,549.0,,549,,,,,
,AJ Dillon,RB158,CAR,549.0,,,519,910,442,,325
,Brevyn Spann-Ford,TE120,DAL,549.3,,,447,805,396,,
,Jacob Saylors,RB159,DET,549.7,,,249,949,451,,
,Mitch Van Vooren,WR227,DAL,551.0,,636,,466,,,
,Chris Brazzell II,WR228,CAR,551.8,,532,602,695,378,,
,Ben Sims,TE121,MIA,551.8,,631,436,545,595,,
,Travis Fulgham,WR229,,552.0,,552,,,,,
,Robert Henry Jr.,RB160,,552.3,,755,,782,336,,336
,Jake Roh,TE122,,553.0,,553,,,,,
,Joe Mixon,RB161,,554.0,,238,684,383,911,,
,Justin Tukes,TE123,,554.0,,554,,,,,
,Jacob Cowing,WR230,SF,554.3,,,443,798,422,,
,Rasheen Ali,RB162,BAL,555.7,,,276,938,453,,
,Matt Colburn,RB163,,560.0,,560,,,,,
,Efton Chism,WR231,NE,560.7,,,446,815,421,,
,Dillon Mitchell,WR232,,561.0,,561,,,,,
,Devron Harper,WR233,,563.0,,563,,,,,
,Tim Patrick,WR234,NYJ,563.5,,825,512,428,489,,
,Brandon Brown-Dukes,RB164,,565.0,,565,,,,,
,Kayron Lynch-Adams,RB165,,565.5,,525,,,606,,
,Deion Burks,WR235,IND,565.5,,,,661,470,,
,Tyler Badie,RB166,DEN,566.7,,,304,895,501,,
,Ben Koyack,TE124,,567.0,,567,,,,,
,Jeremy McNichols,RB167,WAS,568.7,,,508,707,491,,
,Michael Colubiale,TE125,,569.0,,569,,,,,
,Sam Schnee,WR236,,570.0,,570,,,,,
,Arian Smith,WR237,NYJ,570.8,,396,493,885,509,,
,Brandon Polk,WR238,,571.0,,571,,,,,
,Michael Trigg,TE126,DAL,571.3,,325,1023,481,456,,
,Devlin Hodges,QB65,,573.0,,573,,,,,
,Tommy DeVito,QB66,NE,573.0,,,339,973,407,,
,Malcolm Brown,RB168,,574.0,,308,,,840,,
,Kenyan Drake,RB169,,574.0,,491,,,657,,
,Mitch Leidner,QB67,,574.0,,574,,,,,
,Steven Scheu,TE127,,575.0,,575,,,,,
,Jake McGee,TE128,,577.0,,577,,,,,
,Jaren Kanak,TE129,TEN,577.3,,747,606,496,460,,
,Samson Evans,RB171,,578.0,,578,,,,,
,Caleb Lohner,TE130,DEN,579.3,,,583,520,635,,
,Jacob Breeland,TE131,,580.0,,580,,,,,
,Kendrick Law,WR239,DET,580.3,,,605,577,559,,
,Jordan Moore,WR240,CIN,581.0,,485,,687,571,,
,Caleb Huntley,RB172,,582.0,,,,,582,,
,Isaiah Hodgins,WR241,,582.7,,,764,540,444,,
,Derek Carr,QB68,,584.5,,,715,,454,,
,Luke Farrell,TE132,SF,585.5,,675,462,713,492,,
,Kyric McGowan,WR242,,586.0,,,,,586,,
,Tyson Bagent,QB69,CHI,586.3,,,341,1014,404,,
,Cole Burgess,WR243,PIT,586.5,,589,,584,,,
,Dae'quan Wright,TE133,,587.3,,405,,521,836,,
,Paxton Lynch,QB70,,588.0,,588,,,,,
,Tanner McKee,QB71,PHI,588.7,,,343,1017,406,,
,Chase Roberts,WR244,,589.0,,,,663,515,,
,Hale Hentges,TE134,,592.0,,592,,,,,
,Taywan Taylor,WR245,,593.0,,593,,,,,
,Trinidad Chambliss,QB72,,593.0,,,,,593,,
,Ahmad Fulwood,WR246,,594.0,,594,,,,,
,Aaron Parker,WR247,,595.0,,595,,,,,
,Clyde Edwards-Helaire,RB173,,596.5,,,743,,450,,
,Jeremiah Webb,WR248,NE,598.5,,628,,569,,,
,Chris Thompson,RB174,,599.0,,599,,,,,
,Antonio Gibson,RB175,,600.0,,,750,433,617,,
,John Hoyland,K41,,601.0,,601,,,,,
,Xavier Jones,RB176,,602.0,,602,,,,,
,Dontae Fleming,WR249,MIN,602.7,,757,,613,438,,
,Cole Hunt,TE135,,604.0,,604,,,,,
,Scotty Washington,WR251,,604.0,,,,,604,,
,Jarrett Stidham,QB73,DEN,604.7,,,338,997,479,,
,Bryan Thompson,WR252,,605.0,,597,,,613,,
,Jack Heneghan,QB74,,605.0,,605,,,,,
,Aldrick Rosas,K42,,606.0,,606,,,,,
,Khalil Herbert,RB177,SF,606.0,,,789,931,376,,328
,Shae Wyatt,WR253,,607.0,,607,,,,,
,Deion Burks (Duplicate),WR254,,607.0,,,607,,,,
,Xavier Johnson,WR255,CIN,610.0,,633,,587,,,
,Earnest Edwards,WR256,,611.0,,611,,,,,
,Tyler Huntley,QB75,BAL,611.0,,,467,891,475,,
,Jacques Patrick,RB178,,611.0,,,,,611,,
,Nikola Kalinic,TE136,CHI,611.3,,534,542,470,899,,
,Harvey Binford,WR257,,612.0,,612,,,,,
,Russell Gage,WR258,,612.0,,,630,,594,,
,Quinn Ewers,QB76,JAX,612.7,,,452,908,478,,
,Tyree Jackson,TE137,,613.0,,482,731,480,759,,
,Raphael Leonard,WR259,,613.0,,613,,,,,
,Blake Whiteheart,TE138,CLE,613.7,,,435,874,532,,
,Quintin Morris,TE139,JAX,613.7,,,540,796,505,,
,David Fales,QB77,,614.0,,614,,,,,
,KJ Hamler,WR260,,614.0,,,,,614,,
,Tyler Johnson,WR261,DAL,614.8,,762,752,427,518,,
,Ronald Jones,RB179,,616.5,,673,,,560,,
,Foster Moreau,TE140,HOU,616.8,,1090,420,547,410,,
,J.J. Taylor,RB180,,617.0,,341,767,,743,,
,Tre Stewart,RB181,,617.0,,521,,767,563,,
,Anthony Ratliff-Williams,WR262,,617.0,,617,,,,,
,Johnny Mundt,TE141,PHI,617.3,,386,479,715,889,,
,Daniel George,WR263,,618.0,,618,,,,,
,Kisean Johnson,WR264,GB,619.0,,,,619,,,
,Jordan Akins,TE142,,619.7,,619,625,,615,,
,Savon Scarver,WR265,,620.0,,620,,,,,
,Ben DiNucci,QB78,,621.0,,,,,621,,
,Milton Wright,WR266,,622.0,,622,,,,,
,Noah Brown,WR267,,622.8,,1046,621,447,377,,
,Praise Olatoke,WR268,,623.0,,623,,,,,
,Leroy Watson,TE143,,623.0,,,,,623,,
,Brittain Brown,RB183,CHI,623.7,,,538,743,590,,
,Luke Floriea,WR269,,624.0,,,,624,,,
,Nate Adkins,TE144,DEN,624.5,,997,422,554,525,,
,Dalevon Campbell,WR270,,625.0,,,600,650,,,
,Jakeem Grant,WR272,,625.0,,,,,625,,
,Myles Price,WR273,MIN,625.3,,,497,934,445,,
,Julius Chestnut,RB184,TEN,625.7,,,539,1004,334,,
,Tip Reiman,TE145,ARI,627.3,,,558,837,487,,
,Eric Frohnapfel,TE146,,629.0,,629,,,,,
,Dillon Gabriel,QB79,CLE,629.3,,,575,954,359,,
,Ryan Willis,QB80,,630.0,,630,,,,,
,Easop Winston,WR274,,630.0,,,,,630,,
,Xavier Smith,WR275,LAR,630.3,,786,441,827,467,,
,Kaden Smith,TE147,,631.0,,,,,631,,
,Marquez Valdes-Scantling,WR277,,631.3,,1018,705,448,354,,
,Devin Culp,TE148,TB,632.0,,626,928,462,512,,
,Joe Milton,QB81,DAL,632.0,,,563,1019,314,,
,Ronnie Rivers,RB185,LAR,632.3,,,541,943,413,,
,Justin Johnson,TE149,,633.5,,445,,,822,,
,John Michael Gyllenborg,TE150,KC,633.7,,928,,509,464,,
,Simi Fehoko,WR278,ARI,633.7,,,526,928,447,,
,Deante' Gray,WR279,,634.0,,634,,,,,
,James Washington,WR280,,634.5,,637,,,632,,
,Freddie Stevenson,RB186,,635.0,,635,,,,,
,Deshaun Fenwick,RB187,,637.0,,,,,637,,
,Taylen Green,QB82,CLE,637.7,,,608,958,347,,
,Jamaal Pritchett,WR281,NYJ,638.0,,462,,626,826,,
,Jalen Simmons,RB188,,638.0,,638,,,,,
,Andrew Ogletree,TE151,IND,638.0,,,463,813,,,
,Nick Williams,WR282,DEN,638.0,,,,,638,,
,Van Jefferson,WR283,,638.3,,867,754,421,511,,
,Nick Muse,TE152,,638.3,,,826,493,596,,
,Kelvin McKnight,WR284,,639.0,,639,,,,,
,E.J. Jenkins,TE153,PHI,639.0,,,569,472,876,,
,Bryson Green,WR285,,639.0,,,,639,,,
,Derius Davis,WR286,LAC,639.3,,,440,927,551,,
,Devontres Dukes,WR287,,640.0,,640,,,,,
,Chris Manhertz,TE154,NYG,640.0,,983,489,542,546,,
,Kearis Jackson,WR288,,641.0,,374,900,,649,,
,Moritz Bohringer,TE155,,641.0,,641,,,,,
,Payne Durham,TE156,TB,641.5,,805,428,830,503,,
,Devin Carter,WR289,,642.0,,642,,,,,
,Zach Mathis,WR290,,643.0,,643,,,,,
,Kendal Thompson,WR291,,644.0,,644,,,,,
,John Jiles,WR292,,644.0,,,,644,,,
,David Moore,WR293,CAR,645.8,,831,673,546,533,,
,Tanner Morgan,QB84,,646.0,,,,,646,,
,Kyle Sloter,QB85,,647.0,,647,,,,,
,Trey Lance,QB86,LAC,647.0,,,449,1020,472,,
,Martez Carter,RB189,,648.0,,648,,,,,
,Donald Parham,TE157,,649.0,,,742,531,674,,
,Antwane Wells Jr.,WR294,,649.0,,,,649,,,
,Eric Dungey,QB87,,650.0,,650,,,,,
,Kevin Harris,RB190,,651.0,,,,,651,,
,Lucas Scott,RB191,,651.5,,568,,735,,,
,Moochie Dixon,WR295,,652.0,,652,,,,,
,Kylen Granson,TE158,TEN,652.0,,699,525,847,537,,
,Samson Nacua,WR296,,652.0,,,,,652,,
,C.J. Conrad,TE159,,653.0,,653,,,,,
,Eli Pancol,WR297,IND,653.0,,,,623,683,,
,Kenny Bell,WR298,,654.0,,654,,,,,
,LaJohntay Wester,WR299,BAL,654.7,,,498,921,545,,
,Zane Gonzalez,K43,,655.5,,,953,358,,,
,Billy Brown,TE160,,656.0,,656,,,,,
,Micah Bernard,RB192,,656.0,,,,,656,,
,Feleipe Franks,TE161,CAR,656.7,,,528,893,549,,
,Durham Smythe,TE162,BAL,656.8,,878,414,842,493,,
,Artavis Scott,WR300,,657.0,,657,,,,,
,Qadir Ismail,WR301,CHI,657.0,,781,,533,,,
,Ben Yurosek,TE163,MIN,659.0,,,593,844,540,,
,Phillip Dorsett,WR302,LV,659.3,,,648,633,697,,
,Mario Williams,WR303,,659.5,,,,605,714,,
,Mitchell Trubisky,QB88,TEN,659.7,,,486,1011,482,,
,Ventell Bryant,WR304,,660.0,,660,,,,,
,Nikko Remigio,WR305,KC,660.3,,,500,929,552,,
,Mathieu Severance,RB193,,661.0,,661,,,,,
,Devin Duvernay,WR306,ARI,661.3,,,499,932,553,,
,Jake Bobo,WR307,SEA,661.7,,,552,897,536,,
,Austin Mack,WR308,,663.0,,,,,663,,
,Samori Toure,WR309,,663.3,,372,829,596,856,,
,Ryan Griffin,TE164,,664.0,,670,658,,,,
,Jimmy Holiday,WR310,KC,664.0,,802,598,592,,,
,Chris Moore,WR311,,664.0,,,620,553,819,,
,Eric Saubert,TE165,SEA,664.3,,832,470,832,523,,
,Elijah Marks,WR312,,665.0,,665,,,,,
,Sean McKeon,TE166,IND,666.3,,,770,512,717,,
,Shawn Poindexter,WR313,,667.0,,667,,,,,
,Nelson Agholor,WR314,,667.0,,,710,,624,,
,Raleigh Webb,WR315,,667.0,,,,,667,,
,Jeshaun Jones,WR316,MIN,668.0,,387,601,620,1064,,
,Jalen Milroe,QB89,SEA,668.3,,,576,1028,401,,
,Mason Rudolph,QB90,PIT,669.3,,,507,1016,485,,
,Pete Guerriero,RB194,,670.0,,676,,,664,,
,Davis Allen,TE167,LAR,670.0,,1317,418,424,521,,
,Makai Polk,WR317,,671.0,,394,,,948,,
,Austin Seibert,K44,,671.0,,,671,,,,
,Mitchell Tinsley,WR318,,671.0,,,896,446,,,
,Will Howard,QB91,PIT,671.3,,,587,964,463,,
,Andy Dalton,QB92,PHI,671.7,,,514,1018,483,,
,Le'Veon Moss,RB195,,675.0,,,,741,609,,
,Zack Kuntz,TE168,DAL,675.3,,,870,495,661,,
,Thomas Fidone II,TE169,NYG,676.8,,489,581,453,1184,,
,KJ Hill,WR319,LAC,677.0,,677,,,,,
,Salvon Ahmed,RB196,CHI,677.0,,1108,768,751,375,,383
,Nyheim Hines,RB197,,677.0,,,677,,,,
,Dezmon Patmon,WR320,,677.0,,,,,677,,
,Kye Robichaux,RB198,,677.5,,610,,745,,,
,Reggie Bonnafon,RB199,,678.0,,678,,,,,
,Micky Crum,TE170,,679.0,,679,,,,,
,Irvin Charles,WR321,SEA,679.0,,,551,807,,,
,Luke Drzewiecki,K45,,679.5,,495,,864,,,
,Eric McAlister,WR322,,680.0,,,,,680,,
,Gunner Olszewski,WR323,NYG,680.3,,,517,820,704,,
,Melvin Gordon,RB200,,680.5,,557,,,804,,
,Ty Chandler,RB201,NO,680.7,,,536,821,685,,
,Jake Browning,QB93,,680.7,,,897,709,436,,
,Jawon Chisholm,RB202,,681.0,,681,,,,,
,Charles McClelland,RB203,,682.0,,682,,,,,
,Sage Surratt,TE171,,683.0,,344,,,1022,,
,Jadakis Bonds,WR324,,683.0,,683,,,,,
,Dare Ogunbowale,RB204,,684.0,,,642,916,494,,
,Michael Gallup,WR325,,684.0,,,,,684,,
,Max Mang,TE172,,685.0,,685,,,,,
,Brian Vogler,TE173,,686.0,,686,,,,,
,Drake Dabney,TE174,GB,686.3,,542,1017,500,,,
,Paul Richardson,WR326,,687.0,,,,,687,,
,Treyton Welch,TE175,NO,687.3,,722,594,465,968,,
,Chris Freeman,K46,,687.5,,513,,862,,,
,Mason Tipton,WR327,NO,688.0,,672,565,840,675,,
,Adam Choice,RB205,,688.0,,688,,,,,
,Pharaoh Brown,TE176,,688.0,,,738,555,771,,
,Justin Hardy,WR328,,689.0,,689,,,,,
,Derrick Gore,RB206,,690.0,,662,,,718,,
,Jordan Reed,TE177,,690.0,,690,,,,,
,Maurice Alexander,WR329,CHI,690.0,,,851,597,622,,
,Cade York,K47,,691.0,,468,811,794,,,
,Gerald Everett,TE178,,691.0,,768,672,,633,,
,Tyrell Shavers,WR330,BUF,691.0,,1211,571,444,538,,
,DJ Chark,WR331,,691.0,,,691,,,,
,Marcus Yarns,RB207,,691.0,,,,,691,,
,Caullin Lacy,WR332,,692.0,,583,,612,881,,
,Cam Camper,WR333,NYJ,692.0,,,,686,698,,
,Jordan Hudson,WR334,,692.0,,,,691,693,,
,Marcedes Lewis,TE179,,694.5,,1026,654,458,640,,
,Key'Shawn Smith,WR335,,695.0,,695,,,,,
,Dallen Bentley,TE180,DEN,695.0,,,614,477,994,,
,Stone Smartt,TE181,PHI,695.0,,,850,711,524,,
,Hassan Hall,RB208,,695.0,,,,,695,,
,Montrell Johnson,RB209,,695.5,,,,773,618,,
,Devin Lucien,WR336,,696.0,,696,,,,,
,Armani Rogers,TE182,,696.0,,,,,696,,
,Jake Funk,RB210,,697.0,,615,,,779,,
,Brenden Rice,WR337,,697.3,,345,921,689,834,,
,Joshua Simon,TE183,,697.3,,585,,483,1024,,
,Ameer Abdullah,RB211,JAX,697.5,,934,509,818,529,,
,Senorise Perry,RB212,,698.0,,698,,,,,
,Adam Trautman,TE184,DEN,698.0,,1595,387,413,397,,
,Montorie Foster,WR338,SEA,698.8,,1172,616,634,373,,
,Tay Martin,WR339,DET,699.0,,756,439,581,1020,,
,Jeff Driskel,QB94,,699.5,,616,641,962,579,,
,Stephen Sullivan,TE185,,699.7,,998,763,,338,,
,Kameron Johnson,WR341,TB,700.5,,,492,909,,,
,Cole Herdman,TE186,,701.0,,701,,,,,
,Jordan Johnson,RB213,,702.0,,702,,,,,
,Zamir White,RB215,,702.2,,1031,813,903,416,,348
,Mac Dalena,WR342,,702.3,,646,,591,870,,
,Cornelius Johnson,WR343,,703.8,,376,926,656,857,,
,Ryan Finley,QB95,,705.0,,705,,,,,
,Geoff Swaim,TE187,,705.5,,,699,,712,,
,Bilal Powell,RB216,,706.0,,706,,,,,
,Jamaal Williams,RB217,,706.0,,,706,,706,,
,John David Moore,RB218,,707.0,,707,,,,,
,Shane Buechele,QB96,,707.5,,443,839,974,574,,
,Gabe Davis,WR344,,708.0,,651,758,405,1018,,
,Manny Wilkins,QB97,,709.0,,709,,,,,
,Amari Cooper,WR345,,709.0,,,709,,,,
,Demetric Felton,RB219,,709.0,,,,,709,,
,River Cracraft,WR346,,709.3,,,627,717,784,,
,British Brooks,RB220,HOU,709.5,,,495,924,,,
,Moliki Matavao,TE188,NO,710.0,,,584,510,1036,,
,Peyton Hendershot,TE189,,710.5,,,836,,585,,
,Damien Martinez,RB221,GB,710.7,,,985,736,411,,
,Brock Wright,TE190,DET,713.0,,1691,423,382,356,,
,Chosen Anderson,WR347,,713.0,,,713,,,,
,Aleva Hifo,WR348,,714.0,,714,,,,,
,Michael Jacobson,TE191,,714.5,,446,,,983,,
,Tarik Cohen,RB222,,715.0,,,,,715,,
,Jalin Conyers,TE192,,716.3,,441,,522,1186,,
,Troy Hairston,RB223,,716.5,,,842,,591,,
,Preston Williams,WR349,,718.0,,718,,,,,
,Matt Landers,WR350,,718.0,,870,,,566,,
,Justin Tucker,K48,,718.0,,,718,,,,
,Teagan Quitoriano,TE193,,718.3,,,821,506,828,,
,Elijah Cooks,WR351,,718.3,,,899,590,666,,
,Avery Williams,RB224,,718.5,,,792,,645,,
,Brandon Powell,WR352,,719.0,,,622,,816,,
,Diontae Spencer,WR353,,720.0,,720,,,,,
,Keaontay Ingram,RB225,,720.0,,,820,757,583,,
,Stephen Gosnell,WR354,,720.5,,859,,582,,,
,Garrett Walston,TE194,,721.0,,721,,,,,
,Greg Ward,WR355,,721.5,,581,,,862,,
,Will Ferrin,K49,,722.0,,587,,857,,,
,Lawrence Keys,WR356,,722.0,,,,643,801,,
,Tommy Sweeney,TE195,,722.0,,,,,722,,
,Brandin Cooks,WR357,,722.7,,,719,445,1004,,
,James Franklin,QB98,,723.0,,723,,,,,
,Peter Pujals,QB99,,724.0,,724,,,,,
,Messiah Swinson,TE196,GB,725.0,,451,,461,1263,,
,Jordan Mims,RB226,PHI,725.0,,621,906,808,565,,
,Jake Herslow,WR358,,725.0,,725,,,,,
,Dustin Hopkins,K50,,725.0,,,725,,,,
,Jerick McKinnon,RB227,,726.0,,,,,726,,
,Corey Kiner,RB228,NE,726.5,,664,589,881,772,,
,Lucas Krull,TE197,DEN,726.7,,,847,831,502,,
,Javess Blue,WR359,,727.0,,727,,,,,
,Jaelon Darden,WR360,,727.0,,836,788,,557,,
,Isaiah McKenzie,WR361,,727.0,,,,,727,,
,Qadree Ollison,RB229,,728.0,,708,,,748,,
,Antwan Goodley,WR362,,728.0,,728,,,,,
,Anthony McFarland,RB230,,729.0,,,,,729,,
,Tru Edwards,WR363,,729.5,,,,651,808,,
,Charlie Woerner,TE198,ATL,729.8,,1119,477,817,506,,
,Devin Smith,WR364,,730.0,,730,,,,,
,DeAndre Carter,WR365,,730.3,,,632,939,620,,
,Quali Conley,RB231,,730.5,,271,,,1190,,
,Penny Hart,WR366,,731.5,,700,,,763,,
,Carter Runyon,TE199,LV,732.0,,,592,872,,,
,Albert Okwuegbunam,TE200,,732.0,,,757,455,984,,
,Ben Mason,TE201,,732.0,,,,,732,,
,Dylan Cantrell,TE202,,733.0,,733,,,,,
,Teddy Bridgewater,QB101,,733.0,,,724,989,486,,
,Josh Reynolds,WR367,,733.3,,,650,434,1116,,
,Trevor Siemian,QB102,,733.5,,694,657,982,601,,
,McCallan Castles,TE203,GB,733.5,,,,489,978,,
,Tyler Goodson,RB232,,733.6,,1608,905,352,419,,384
,Jalen Richard,RB233,LV,734.0,,533,,,935,,
,Redford Jones,K51,,734.0,,734,,,,,
,Tyler Lockett,WR368,,734.3,,,707,438,1058,,
,Colton Dowell,WR369,,735.0,,382,882,602,1074,,
,Josiah Deguara,TE204,,735.7,,,755,797,655,,
,Jalen Virgil,WR370,,736.3,,,837,580,792,,
,Bauer Sharp,TE205,TB,736.5,,857,610,456,1023,,
,Payton Thorne,QB103,,737.0,,,,,737,,
,Eric Wallace,TE206,,739.0,,739,,,,,
,Cole Turner,TE207,MIA,739.3,,590,535,515,1317,,
,Jeff Smith,WR371,,739.5,,649,,,830,,
,Anthony Firkser,TE208,,739.8,,1005,634,564,756,,
,Hayden Rucci,TE209,SF,740.3,,,1009,487,725,,
,Kenny Golladay,WR372,,742.0,,,,,742,,
,Drew Stevens,K52,WAS,743.0,,1017,349,863,,,
,Brock Lampe,RB234,SEA,743.5,,738,,749,,,
,Eric Tomlinson,TE210,,743.7,,716,633,,882,,
,Taylor Bertolet,K53,,744.0,,744,,,,,
,Noah Cain,RB235,,744.0,,,,,744,,
,Quez Watkins,WR373,PHI,744.7,,,759,611,864,,
,D'Vonte Price,RB236,,745.0,,745,,,,,
,Brayden Willis,TE211,SF,745.0,,,549,899,787,,
,Jalin Hyatt,WR374,,745.0,,,858,898,842,,382
,Jackson Meeks,WR375,DET,745.8,,1532,450,549,452,,
,Michael Woods,WR376,DEN,746.8,,735,823,718,711,,
,Zander Horvath,RB237,,747.0,,,,,747,,
,Kenneth Harper,RB238,,748.0,,748,,,,,
,Kenny Pickett,QB104,CAR,748.0,,,456,1023,765,,
,Deion Hankins,RB239,,748.0,,,,748,,,
,Elijah Dotson,RB240,,749.0,,453,889,,905,,
,Anthony Jones,RB241,,749.0,,749,,,,,
,Carlos Washington,RB242,MIA,749.8,,375,963,789,872,,
,D'Ernest Johnson,RB243,,749.8,,608,734,947,710,,
,D.J. Montgomery,WR377,IND,750.0,,1123,529,629,719,,
,Julian Hicks,WR378,,751.0,,823,,679,,,
,Rocky Lombardi,QB105,,751.0,,,,,751,,
,Josh Johnson,QB106,,751.3,,775,729,1013,488,,
,Joseph Ngata,WR379,,752.0,,559,887,,810,,
,Luke Lachey,TE212,,752.0,,584,981,488,955,,
,Cyrus Holder,WR380,,752.0,,752,,,,,
,Juwann Winfree,WR381,,752.0,,,,574,930,,
,Dede Westbrook,WR382,,752.0,,,,,752,,
,ShunDerrick Powell,RB244,,753.0,,,,753,,,
,Austin Watkins,WR383,,753.5,,410,,,1097,,
,Matt Bryant,K54,,754.0,,754,,,,,
,Nick Chubb,RB245,,755.0,,,687,386,1192,,
,Will Levis,QB108,,756.3,,,855,940,474,,
,Isaac Rex,TE213,,756.5,,704,,,809,,
,DJ Turner,WR384,,757.3,,,834,703,735,,
,Jarius Wright,WR385,,758.0,,758,,,,,
,Brandon Allen,QB109,,758.0,,,640,993,641,,
,Clive Walford,TE214,,758.5,,760,,,757,,
,Zack Annexstad,QB110,,759.0,,693,,,825,,
,Shaq Roland,WR386,CHI,759.0,,759,,,,,
,Princeton Fant,TE215,DAL,760.7,,,553,507,1222,,
,Phillip Lindsay,RB246,,762.0,,,,,762,,
,Jalen Reagor,WR387,MIA,763.0,,586,745,722,999,,
,Brevin Jordan,TE216,,763.3,,1209,790,527,527,,
,Seydou Traore,TE217,MIA,763.3,,1412,611,526,504,,
,Cornell Powell,WR388,,763.7,,318,,595,1378,,
,Chase Allen,TE218,,764.0,,764,,,,,
,Zay Jones,WR389,,764.8,,1134,694,552,679,,
,Caden Davis,K55,,765.0,,539,991,,,,
,Jordan Smallwood,WR390,,765.0,,765,,,,,
,Zach Pascal,WR391,,765.3,,879,623,,794,,
,Kyle McCord,QB111,MIA,765.3,,,482,963,851,,
,Mitchell Wilcox,TE219,,766.0,,,799,,733,,
,KhaDarel Hodge,WR392,SF,766.3,,,644,906,749,,
,Justin Stockton,RB247,,767.0,,767,,,,,
,Josh Cuevas,TE220,BAL,767.0,,1784,469,460,355,,
,Jaydn Ott,RB248,,769.0,,1062,,755,490,,
,Anthony Miller,WR393,,769.7,,266,970,,1073,,
,Patrick Murtagh,TE221,,770.0,,770,,,,,
,Duke Williams,WR394,,770.0,,,,,770,,
,Trey Sermon,RB249,ATL,770.3,,1189,520,800,572,,
,Jordan Travis,QB112,,770.5,,,934,,607,,
,Ryan Coe,K56,,771.0,,771,,,,,
,Jamal Haynes,RB250,,771.0,,,,771,,,
,Gavin Bartholomew,TE222,MIN,771.8,,1394,577,517,599,,
,Lamar Jordan,QB113,,772.0,,772,,,,,
,Karel Hamilton,WR396,,773.0,,773,,,,,
,Hunter Luepke,RB251,DAL,773.0,,1378,321,894,499,,
,Zaire Mitchell-Paden,TE223,,773.3,,,1007,484,829,,
,Xavier Weaver,WR397,ARI,773.8,,1174,567,846,508,,
,Thomas Odukoya,TE224,,774.0,,,951,,597,,
,Joe Reed,WR398,,774.0,,,,,774,,
,Chris Collier,RB252,LV,775.3,,,572,850,904,,
,Kaden Prather,WR399,GB,775.3,,,984,692,650,,
,Quintez Cephus,WR400,,776.0,,844,,,708,,
,MyCole Pruitt,TE225,,776.3,,359,643,,1327,,
,Patrick Ricard,RB253,NYG,776.3,,,487,951,891,,
,Joe Royer,TE226,CLE,776.5,,1598,604,524,380,,
,Royce Freeman,RB254,,777.0,,671,,,883,,
,Tyler Conklin,TE227,,777.3,,1506,638,415,550,,
,Eric Gray,RB255,NYG,777.3,,,866,838,628,,
,Christian Sims,TE228,,779.0,,779,,,,,
,Matthew Wright,K57,,779.0,,,779,,,,
,Anthony Tyus,RB256,CAR,779.3,,820,,738,780,,
,Logan Woodside,QB114,,781.0,,404,,,1158,,
,Trenton Irwin,WR401,SF,781.0,,655,741,799,929,,
,O.J. Howard,TE229,,781.0,,,,,781,,
,Noah Thomas,WR402,CIN,781.7,,1170,,662,513,,
,Zach Heins,TE230,,782.0,,782,,,,,
,Jason Huntley,RB257,,783.0,,,,,783,,
,Ray-Ray McCloud,WR403,CHI,783.3,,,505,563,1282,,
,Alex Armah,RB258,,784.5,,420,,,1149,,
,Jalen Cropper,WR404,,784.5,,,965,604,,,
,Ethan Sanchez,K58,,785.0,,712,,858,,,
,Brady Russell,TE231,SEA,785.0,,1065,554,945,576,,
,Je'Quan Burton,WR405,,786.0,,666,,,906,,
,Dylan Drummond,WR406,,787.0,,328,914,871,1035,,
,Beau Corrales,WR407,,787.0,,787,,,,,
,Chris Conley,WR408,,787.5,,,708,,867,,
,Cam Worthy,WR409,,788.0,,788,,,,,
,Ben Sauls,K59,NYG,789.0,,493,1015,859,,,
,Patrick Carr,RB259,,789.0,,789,,,,,
,Damien Harris,RB260,,789.0,,1241,,,337,,
,Cole Payton,QB116,PHI,789.0,,,613,965,,,
,Keilan Robinson,RB261,,789.0,,,930,,648,,
,Michael Bandy,WR410,DEN,789.7,,,803,700,866,,
,Corey Acosta,K60,,790.0,,790,,,,,
,Mason Kinsey,WR411,,790.7,,,805,902,665,,
,Jordan Ellis,RB262,,791.0,,791,,,,,
,Robbie Ouzts,TE232,SEA,791.3,,924,586,697,958,,
,Mike White,QB117,,792.3,,1291,646,,440,,
,Grant Calcaterra,TE233,PHI,792.5,,1631,534,537,468,,
,Mark Walton,RB263,,793.0,,793,,,,,
,Trace McSorley,QB118,,793.0,,,,,793,,
,A.J. Ouellette,RB264,,794.0,,794,,,,,
,Sam Pitz,TE234,,794.0,,883,,,705,,
,Cam Grandy,TE235,CIN,794.0,,887,964,548,777,,
,Robert Tonyan,TE236,PIT,794.0,,1655,504,469,548,,
,Xavier Restrepo,WR412,TEN,794.3,,1493,588,568,528,,
,Stephen Carlson,TE237,CHI,794.3,,,735,519,1129,,
,John FitzPatrick,TE238,,795.0,,821,822,702,835,,
,Jared Wayne,WR413,HOU,795.5,,1584,570,603,425,,
,Josh Whyle,TE239,GB,795.5,,1765,461,541,415,,
,Dante Miller,RB265,,795.7,,668,939,780,,,
,Darrius Shepherd,WR414,,796.0,,796,,,,,
,Shawn Bowman,TE240,,796.0,,1088,,504,,,
,Tre Nixon,WR415,,796.0,,,,,796,,
,Chris Blair,WR416,ATL,796.5,,1050,556,664,916,,
,Laquon Treadwell,WR417,IND,796.8,,1136,431,917,703,,
,Shaq Davis,WR418,,797.0,,797,,,,,
,Graham Mertz,QB119,HOU,797.5,,729,580,987,894,,
,Dante Pettis,WR419,,797.8,,1070,683,812,626,,
,Alexander Hollins,WR420,,798.0,,798,,,,,
,Richie James,WR421,,798.0,,,,,798,,
,Jadon Janke,WR422,,798.5,,809,,,788,,
,Kristian Wilkerson,WR423,,798.8,,659,778,665,1093,,
,Julian Hill,TE241,NE,799.8,,1415,550,708,526,,
,Anthony Gould,WR424,IND,800.7,,,922,937,543,,
,Jordan Franks,TE242,,801.0,,801,,,,,
,Giovanni Ricci,TE243,,801.3,,818,800,,786,,
,Sam Howell,QB120,DAL,801.3,,,342,979,1083,,
,Lawrence Cager,TE244,,801.7,,,776,516,1113,,
,Ramel Keyton,WR425,,802.3,,316,946,,1145,,
,Carson Steele,RB266,,802.5,,1012,943,826,429,,
,Ke'Shawn Vaughn,RB267,,802.7,,889,746,,773,,
,Sincere McCormick,RB268,SF,803.0,,,952,565,892,,
,DeMeer Blankumsee,WR426,,803.0,,,,,803,,
,Joel Wilson,TE245,,803.3,,512,,485,1413,,
,Jamal Agnew,WR427,,803.5,,,619,,988,,
,Kendall Milton,RB269,CIN,803.8,,440,962,752,1061,,
,Craig Reynolds,RB270,,804.8,,1160,739,953,367,,
,Sy Barnett,WR428,,806.0,,806,,,,,
,Josh Johnson,RB271,,806.0,,,806,,,,
,Adam Prentice,RB272,DEN,806.7,,,442,950,1028,,
,Jason Vander Laan,TE246,,807.0,,807,,,,,
,Kyle Allen,QB121,BUF,807.3,,1373,481,967,408,,
,Quincy Skinner,WR429,NYJ,807.5,,946,,669,,,
,Equanimeous St. Brown,WR430,,807.5,,,669,,946,,
,Marchie Murdock,WR431,,808.0,,808,,,,,
,Daewood Davis,WR432,,808.5,,596,,,1021,,
,Shedrick Jackson,WR433,LV,809.0,,855,903,676,802,,
,Emmanuel Henderson Jr,WR434,,809.3,,,1022,666,740,,
,Raheem Mostert,RB273,,809.5,,,666,875,1347,,350
,Tyrie Cleveland,WR435,,811.0,,,,,811,,
,Brett Maher,K61,,812.0,,812,,,,,
,Blake Bell,TE247,,812.0,,,,,812,,
,Haynes King,QB122,CAR,813.7,,,617,980,844,,
,Cephus Johnson,WR436,,814.0,,811,,,817,,
,Jake Verity,K62,,814.0,,814,,,,,
,Chris Hilton Jr.,WR437,,814.0,,885,,637,920,,
,John Kelly,RB274,,814.0,,,661,,967,,
,J. Michael Sturdivant,WR438,,814.3,,1609,618,658,372,,
,John Robinson-Woodgett,RB275,,815.0,,815,,,,,
,Cam Sims,WR439,,815.0,,,,,815,,
,Trey Palmer,WR440,NO,815.7,,,877,720,850,,
,De'Mornay Pierson-El,WR441,,816.0,,816,,,,,
,DJ Rogers,TE248,DAL,816.5,,,,459,1174,,
,Keleki Latu,TE249,BUF,816.8,,1143,595,490,1039,,
,Jashaun Corbin,RB276,DAL,817.0,,,,779,855,,
,Roc Taylor,WR442,,820.0,,,,615,1025,,
,Michael Carter,RB277,,820.3,,1636,780,368,497,,
,Holton Ahlers,QB123,,820.5,,1072,,,569,,
,Hunter Bryant,TE250,,821.0,,,,,821,,
,Chase Cota,WR443,,821.5,,750,893,,,,
,Andy Janovich,RB278,,822.0,,822,,,,,
,Chase Cota,WR444,,822.0,,899,,,745,,
,Connor Heyward,TE251,LV,822.3,,1583,444,904,358,,
,Zach Davidson,TE252,,822.3,,1058,793,,616,,
,Terion Stewart,RB279,,822.3,,1081,,786,600,,
,Andrew Beck,TE253,NYJ,822.5,,939,472,890,989,,
,Colson Yankoff,TE254,WAS,823.0,,,566,887,1016,,
,Ainias Smith,WR445,,823.0,,,927,561,981,,
,Courtney Jackson,WR446,,824.0,,1077,,571,,,
,Irv Smith,TE255,,824.0,,1145,680,,647,,
,Cody Schrader,RB280,DEN,824.0,,,950,768,754,,
,Jaylon Moore,WR447,,824.5,,968,,,681,,
,Elijah McGuire,RB281,KC,826.0,,826,,,,,
,Ke'Shawn Williams,WR448,CIN,826.7,,1066,496,918,,,
,Mark Vital,TE256,,827.0,,827,,,,,
,Raheem Blackshear,RB282,,827.7,,,841,845,797,,
,Tejhaun Palmer,WR449,NE,827.7,,,932,585,966,,
,Racey McMath,WR450,,828.0,,687,,,969,,
,Tim Jones,WR451,JAX,829.0,,1124,835,793,564,,
,Dean Connors,RB283,,829.0,,1384,,742,361,,
,Jason Moore,WR452,,830.0,,830,,,,,
,Casey Washington,WR453,CAR,830.0,,,924,719,847,,
,Greg Bell,RB284,,831.0,,,,,831,,
,JaMycal Hasty,RB285,NE,831.3,,979,766,814,766,,
,Malik Heath,WR454,ATL,831.8,,1079,891,566,791,,
,Deon Jackson,RB286,,832.0,,,,,832,,
,Jordan Byrd,WR455,,833.0,,833,,,,,
,Dalvin Cook,RB287,,833.0,,1044,686,,769,,
,Carl Tucker,TE257,,834.0,,834,,,,,
,Erik Ezukanma,WR456,PHI,834.5,,490,818,657,1373,,
,Darius Bradwell,RB288,,835.0,,835,,,,,
,C.J. Ham,RB289,,835.0,,,629,,1041,,
,Jalon Calhoun,WR457,,835.5,,907,,,764,,
,Deonte Harty,WR458,,836.5,,,733,,940,,
,Ben Skowronek,WR459,PIT,837.0,,1402,491,901,554,,
,Jacoby Jones,WR460,,837.7,,900,1012,601,,,
,David Martin-Robinson,TE258,TEN,837.7,,,568,836,1109,,
,Corey Davis,WR461,,838.0,,719,,,957,,
,Chris Evans,RB290,,838.0,,,,,838,,
,Trey Burton,TE259,,839.0,,,,,839,,
,Kene Nwangwu,RB291,NYJ,839.7,,,281,919,1319,,
,James Gilbert,RB292,,840.0,,840,,,,,
,Trent Taylor,WR462,,840.3,,732,631,594,1404,,
,Stetson Bennett,QB124,LAR,840.3,,,545,966,1010,,
,Austin Proehl,WR463,,841.0,,841,,,,,
,Tylan Wallace,WR464,CLE,841.0,,1430,524,876,534,,
,Keandre Lambert-Smith (duplicate),WR465,LAC,841.0,,,,841,,,
,Dalton Keene,TE260,,842.5,,455,,,1230,,
,Reid Sinnett,QB125,,843.0,,,,,843,,
,Jermaine Burton,WR466,,843.3,,873,916,,741,,
,Jordan Waters,RB293,LAR,844.5,,,,763,926,,
,Robert Turbin,RB294,,845.0,,845,,,,,
,Tai Felton,WR467,MIN,845.0,,1721,457,900,302,,
,Austin Jones,RB295,,845.0,,,,,845,,
,Camren McDonald,TE261,,846.0,,846,,,,,
,Robert Burns,RB296,CHI,847.0,,422,,,1272,,
,James Butler,RB297,,847.0,,847,,,,,
,Lance Mason,TE262,,847.3,,1624,,457,461,,
,Thyrick Pitts,WR468,,847.5,,1025,,,670,,
,Eno Benjamin,RB298,,848.0,,412,,,1284,,
,Ricky Seale,RB299,,849.0,,849,,,,,
,Cedrick Wilson,WR469,,849.3,,969,636,879,913,,
,Hendon Hooker,QB126,,849.3,,,856,985,707,,
,Ryan Tannehill,QB127,,849.5,,971,,,728,,
,CJ Dippre,TE263,,849.8,,951,1005,451,992,,
,Spencer Brown,RB300,,850.5,,902,,,799,,
,Artavis Pierce,RB301,,851.0,,851,,,,,
,Kansei Matsuzawa,K63,LV,851.0,,,,851,,,
,John Wolford,QB128,,851.3,,915,769,968,753,,
,Jalen Walthall,WR471,,852.0,,692,,636,1228,,
,Garrett Groshek,RB302,,852.0,,852,,,,,
,Kobe Hudson,WR472,,852.0,,,,,852,,
,Jalon Daniels,QB129,TB,852.3,,1304,337,1000,768,,
,Xavier Gipson,WR473,NYG,852.8,,751,898,948,814,,
,Dominik Eberle,K64,,853.0,,853,,,,,
,Kelly Akharaiyi,WR474,,853.0,,,,,853,,
,Parris Campbell,WR475,,853.8,,817,678,704,1216,,
,Blake Watson,RB303,,854.0,,433,940,774,1269,,
,Connor Neighbors,RB304,,854.0,,854,,,,,
,Kentrel Bullock,RB305,CIN,855.5,,945,,766,,,
,Kenny Stills,WR476,,856.0,,856,,,,,
,Frank Gore Jr.,RB306,,856.5,,,967,746,,,
,Garrett Nussmeier,QB130,KC,856.8,,1406,612,972,437,,
,Matt Corral,QB131,,858.0,,,,,858,,
,Trevontae Hights,WR477,,860.0,,860,,,,,
,Paul Geelen,K65,,860.0,,,,860,,,
,Chester Rogers,WR478,,861.0,,,,,861,,
,Xavier Guillory,WR479,,862.0,,837,,586,1163,,
,Davis Webb,QB132,,862.0,,862,,,,,
,Mik'Quan Deane,TE264,,863.0,,863,,,,,
,Gee Scott,TE265,,863.5,,,,674,1053,,
,CJ Donaldson,RB307,NO,863.7,,625,,791,1175,,
,Johnny Wilson,WR480,PHI,863.7,,,564,731,1296,,
,Cody White,WR481,SEA,863.8,,1356,797,802,500,,
,Dareke Young,WR482,LV,863.8,,1502,502,920,531,,
,Darrin Hall,RB308,,864.0,,864,,,,,
,Bub Means,WR483,,864.0,,1657,923,449,427,,
,Ihmir Smith-Marsette,WR484,,864.8,,731,791,801,1136,,
,Peewee Jarrett,QB133,,865.0,,865,,,,,
,Dion Lewis,RB309,,866.0,,866,,,,,
,Josh Williams,RB310,TB,866.0,,1256,998,775,435,,
,Sammis Reyes,TE266,,866.5,,1080,,,653,,
,Michael Burton,RB311,CLE,867.7,,,445,816,1342,,
,Ryan Switzer,WR485,,868.0,,868,,,,,
,John Ross,WR486,,868.0,,,975,,761,,
,Drew Plitt,QB134,,868.0,,,,,868,,
,Leonard Fournette,RB312,,869.0,,1315,,,423,,
,Dylan Parham,TE267,,869.0,,,,,869,,
,John Rhys Plumlee,QB135,,869.5,,1141,,598,,,
,Nick Mullens,QB136,,869.5,,1312,656,1029,481,,
,Tyshaun James,WR487,,871.0,,871,,,,,
,Skylar Thompson,QB137,BAL,871.0,,,537,998,1078,,
,Tahj Washington,WR488,PHI,871.3,,,931,672,1011,,
,Jalen Greene,WR489,,872.0,,872,,,,,
,Cody Thompson,WR490,,872.3,,766,808,,1043,,
,Neal Johnson,TE268,,872.5,,1045,,,700,,
,Tyler Boyd,WR491,,872.7,,903,703,,1012,,
,Kevin White,WR492,,873.0,,598,,,1148,,
,Chase Edmonds,RB313,,873.3,,838,689,770,1196,,
,Baylor Cupp,TE269,,873.7,,1167,968,486,,,
,Quayvon Hicks,RB314,,874.0,,874,,,,,
,Tanner Brown,K66,NO,874.5,,,883,866,,,
,Braxton Berrios,WR493,,874.8,,1696,494,883,426,,
,Jabari Small,RB315,DET,875.0,,674,,739,1212,,
,Gage Larvadain,WR494,,875.0,,740,997,888,,,
,James Robinson,RB316,,875.0,,1152,,,598,,
,Curtis Samuel,WR495,,875.3,,1668,693,556,584,,
,Johnathan Lloyd,WR496,,876.0,,876,,,,,
,Harrison Bryant,TE270,,876.0,,1030,756,869,849,,
,Jalen Brooks,WR497,ARI,876.0,,1698,503,889,414,,
,Hakeem Butler,TE271,,876.5,,,,681,1072,,
,Gus Edwards,RB317,,876.7,,1270,701,,659,,
,Gary Brightwell,RB318,CIN,877.0,,795,787,754,1172,,
,Mike Williams,WR498,,877.0,,803,702,,1126,,
,K.J. Osborn,WR499,,877.0,,,761,710,1160,,
,Miles Sanders,RB319,,877.8,,1052,675,396,1388,,
,Rashard Higgins,WR500,,879.0,,850,,,908,,
,Travis Benjamin,WR501,,880.0,,880,,,,,
,Rashod Owens,WR502,,880.5,,432,,,1329,,
,K.J. Costello,QB139,,881.0,,881,,,,,
,Carter Bradley,QB140,JAX,881.7,,321,,970,1354,,
,Jeff Wilson,RB321,,882.3,,1202,663,,782,,
,Keelan Doss,WR503,,883.0,,1097,,,669,,
,Chip Trayanum,RB322,,883.0,,,,760,1006,,
,Will Dissly,TE272,,883.3,,1173,688,432,1240,,
,Tucker Fisk,TE273,,883.7,,,902,849,900,,
,Jha'Quan Jackson,WR504,TB,884.5,,416,929,810,1383,,
,Will Sheppard,WR505,GB,884.5,,1382,,617,1153,,386
,Lucas Havrisik,K67,,885.0,,,915,855,,,
,Cole Fotheringham,TE274,,885.0,,,,,885,,
,Jason Brownlee,WR506,,885.7,,,885,653,1119,,
,Brandon McManus,K68,,886.0,,1570,722,366,,,
,Brenden Bates,TE275,,886.3,,,949,724,986,,
,Trestan Ebner,RB323,,887.5,,488,,,1287,,
,Marvin Jones,WR507,,887.5,,1205,,,570,,
,J.J. Arcega-Whiteside,TE276,,888.0,,888,,,,,
,Tyler Davis,TE277,,888.0,,,,,888,,
,Josh Pederson,TE278,,888.5,,391,,,1386,,
,Nate Carter,RB324,,888.5,,,996,781,,,
,Kaden Davis,WR508,CHI,889.7,,,959,683,1027,,
,Cam Johnson,WR509,,890.0,,890,,,,,
,Skyy Moore,WR510,GB,890.0,,1629,501,886,544,,
,Tanner Conner,TE279,NYG,890.0,,,838,729,1103,,
,John Franklin,WR511,,891.0,,891,,,,,
,Malik Flowers,WR512,,891.5,,566,,,1217,,
,Kenny Yeboah,TE280,,891.5,,1153,795,538,1080,,
,Malik Cunningham,QB141,DET,892.3,,1420,894,647,608,,
,L.J. Scott,RB325,,893.0,,893,,,,,
,Trishton Jackson,WR513,,893.0,,,771,,1015,,
,Daylen Baldwin,WR514,,893.0,,,,,893,,
,Jaheim Bell,TE281,,893.7,,,933,557,1191,,
,Donovan Edwards,RB326,,894.3,,944,990,772,871,,
,Jack Podlesny,K69,,895.0,,895,,,,,
,Drew Lock,QB142,SEA,895.8,,1720,484,936,443,,
,Jack Stoll,TE282,,896.8,,962,801,811,1013,,
,Sal Cannella,TE283,,898.3,,1404,1002,463,724,,
,Chris Oladokun,QB143,,900.0,,,830,990,880,,
,Quentin Skinner,WR515,,900.5,,828,1011,607,1156,,
,Brandon Johnson,WR516,LV,900.8,,1038,849,618,1098,,
,Jimmy Graham,TE284,,901.0,,901,,,,,
,Tim Boyle,QB144,,901.7,,697,665,,1343,,
,Dan Chisena,WR517,,902.0,,930,772,728,1178,,
,Collin Johnson,WR518,,902.0,,,760,,1044,,
,Darrell Henderson,RB327,,902.5,,1111,,,694,,
,David Bell,WR519,,903.0,,1034,816,,859,,
,David Blough,QB145,,903.5,,1178,,,629,,
,Joe Bacci,RB328,,904.0,,904,,,,,
,Rodney Williams,TE285,,904.0,,,904,,,,
,Danny Gray,WR520,PHI,904.8,,963,817,646,1193,,
,Sony Michel,RB329,,905.0,,905,,,,,
,Aaron Anderson,WR521,,905.0,,1491,,621,603,,
,Robert Woods,WR522,,905.5,,,721,,1090,,
,Zach Wilson,QB146,NO,905.7,,,522,1026,1169,,
,Xazavian Valladay,RB330,,906.0,,800,901,,1017,,
,Damon Hazelton,WR523,,906.0,,906,,,,,
,Jared Wiley,TE286,KC,906.0,,1529,561,467,1067,,
,Pierre Strong,RB331,GB,906.5,,1586,819,809,412,,
,J.P. Holtz,TE287,,907.0,,,,,907,,
,Bailey Gaither,WR524,,907.5,,1020,,,795,,
,Richard Rodgers,TE288,,908.5,,1071,,,746,,
,Emani Bailey,RB332,,909.0,,,,,909,,
,Matthew Slater,WR525,,909.5,,536,,,1283,,
,Isaiah Winstead,WR526,,909.5,,,,631,1188,,
,LeVante Bellamy,RB333,,910.0,,910,,,,,
,James Proche,WR527,,910.0,,,762,884,1084,,
,CJ Verdell,RB334,,911.0,,911,,,,,
,Ryan Miller,WR528,MIA,911.3,,1103,555,873,1114,,
,Joshua Karty,K70,,911.7,,1425,918,392,,,
,Mark Weisman,RB335,,912.0,,912,,,,,
,Brandon Smith,WR529,PIT,912.0,,1151,831,652,1014,,
,Terrell Jennings,RB336,,912.0,,,954,870,,,
,Blake Sims,QB147,,913.0,,913,,,,,
,Gerrid Doaks,RB337,,913.0,,1113,,,713,,
,A.T. Perry,WR530,,914.0,,763,881,573,1439,,
,Steven Sims,WR531,,914.0,,,732,,1096,,
,Davion Davis,WR532,,914.0,,,,,914,,
,Terrell Bynum,WR533,,914.3,,409,911,,1423,,
,Brennan Presley,WR534,LAR,914.5,,1164,1018,616,860,,
,James Mitchell,TE289,CAR,915.0,,,827,478,1440,,
,Jordan Murray,TE290,,915.0,,,,,915,,
,Desmond Reid,RB338,,915.7,,1220,,737,790,,
,Brayden Lenius,TE291,,916.0,,916,,,,,
,Hunter Renfrow,WR535,,916.8,,1738,649,403,877,,
,Taquan Mizzell,RB339,NYG,917.0,,917,,,,,
,Patrick Herbert,TE292,JAX,917.5,,,,502,1333,,
,Lucky Jackson,WR536,,917.7,,1388,,694,671,,
,Ricky White,WR537,SEA,917.8,,1508,983,645,535,,
,John Copenhaver,TE293,,918.0,,,,,918,,
,George Aston,RB340,,919.0,,919,,,,,
,Justyn Ross,WR538,,919.0,,938,832,,987,,
,Ja'Quinden Jackson,RB341,PHI,919.0,,,,759,1079,,
,Travis Vokolek,TE294,ARI,919.7,,,909,476,1374,,
,Joshua Dobbs,QB148,DET,920.0,,1712,466,1025,477,,
,Ellis Merriweather,RB342,,920.5,,,907,,934,,
,Shane Zylstra,TE295,,920.7,,,802,532,1428,,
,Dalyn Dawkins,RB343,,921.0,,921,,,,,
,TD Ayo-Durojaiye,RB344,,922.0,,922,,,,,
,Jalen Wydermyer,TE296,,922.0,,,,,922,,
,Matt Prater,K71,,923.0,,1652,728,389,,,
,Jacob Kibodi,RB345,,923.0,,,972,,874,,
,Kendric Pryor,WR539,CIN,923.7,,,840,642,1289,,
,Nick Nash,WR540,,923.7,,,988,600,1183,,
,Alec Ingold,RB346,LAC,923.8,,1337,432,933,993,,
,Deontay Burnett,WR541,,925.0,,431,,,1419,,
,J.J. Nelson,WR542,,925.0,,925,,,,,
,Connor Bazelak,QB149,,925.5,,848,,1003,,,
,JaVonta Payton,WR543,,926.0,,926,,,,,
,Julian Williams,WR544,,927.0,,927,,,,,
,Maddux Trujillo,K72,,927.0,,1000,,854,,,
,Eric Rivers,WR545,TB,927.3,,1758,,671,353,,
,Desmond Ridder,QB150,,927.7,,,814,1009,960,,
,Justice Shelton-Mosley,WR546,,929.0,,929,,,,,
,Cordarrelle Patterson,RB347,,929.0,,1214,652,,921,,
,Denzel Mims,WR547,,929.7,,1042,,660,1087,,
,Troy Fumagalli,TE297,,930.0,,810,,,1050,,
,Beaux Collins,WR548,ATL,930.3,,1556,591,882,692,,
,D'Onta Foreman,RB348,,931.3,,1029,695,,1070,,
,Hunter Dekkers,QB151,,931.5,,908,,955,,,
,Marcus Simms,WR549,,932.0,,932,,,,,
,Deuce Vaughn,RB349,,932.0,,,852,823,1121,,
,Jerjuan Newton,WR550,,932.0,,,,,932,,
,Rahsul Faison,RB350,,933.0,,,,,933,,
,Max Brosmer,QB152,MIN,933.3,,,597,1022,1181,,
,DeWayne McBride,RB351,,935.5,,,880,,991,,
,Josh Kelly,WR551,,936.3,,897,,576,1336,,
,Allen Robinson,WR552,,936.3,,1001,716,,1092,,
,Cameron Latu,TE298,PHI,936.8,,1470,860,878,539,,
,Tyler Scott,WR553,,937.3,,,869,803,1140,,
,JaQuae Jackson,WR554,LAC,938.0,,,,641,1235,,
,Nick Vannett,TE299,SEA,938.8,,1381,626,441,1307,,
,Nsimba Webster,WR555,,939.0,,,,,939,,
,Jamari Thrash,WR556,CLE,939.7,,,562,868,1389,,
,Alize Mack,TE300,,940.0,,940,,,,,
,Junior Bergen,WR557,NYJ,940.3,,1474,987,579,721,,
,Alex Ellis,TE301,,941.0,,941,,,,,
,Snoop Conner,RB352,,941.0,,,,,941,,
,Justin Watson,WR558,,941.5,,1754,628,696,688,,
,Michael Wiley,RB353,,942.0,,624,944,758,1442,,
,Brian Lewerke,QB153,,942.0,,942,,,,,
,Alex Erickson,WR559,,942.7,,1011,635,,1182,,
,P.J. Walker,QB154,,943.0,,,,,943,,
,DeVante Parker,WR560,,946.5,,627,,,1266,,
,Patrick Laird,RB354,,947.0,,1074,,,820,,
,Ayir Asante,WR561,,947.0,,,,,947,,
,Jack Westover,TE302,NE,947.5,,984,969,913,924,,
,Andrew Armstrong,WR562,,947.5,,,,589,1306,,
,Case Keenum,QB155,CHI,947.8,,1328,515,977,971,,
,Ryan Griffin,QB156,,948.0,,948,,,,,
,Caden Prieskorn,TE303,,948.0,,1400,,482,962,,
,Lew Nichols,RB355,PIT,948.3,,,867,765,1213,,
,Evan Hull,RB356,,948.7,,,864,923,1059,,
,Drake Stoops,WR563,,949.0,,564,,,1334,,
,Chandler Cox,RB357,,949.0,,949,,,,,
,Kurtis Rourke,QB157,SF,949.0,,1051,582,976,1187,,
,Lewis Bond,WR564,,949.0,,1540,1021,608,627,,
,Nathaniel Peat,RB358,,949.0,,,,,949,,
,Jesper Horsted,TE304,,950.0,,,,,950,,
,Mecole Hardman,WR565,,950.3,,1192,668,712,1229,,
,Taiwan Jones,RB359,,951.0,,,,,951,,
,Xavier Ubosi,WR566,,952.0,,952,,,,,
,Jaelen Gill,WR567,,953.0,,953,,,,,
,Lance McCutcheon,WR568,,953.0,,,,673,1233,,
,Ricky Seals-Jones,TE305,,953.0,,,,,953,,
,Tyler Mabry,TE306,,954.5,,1102,807,,,,
,Jordan Scarlett,RB360,MIA,956.0,,956,,,,,
,Parker Romo,K73,,956.0,,,956,,,,
,Dillon Bell,WR569,MIN,956.0,,,,668,1244,,
,Joseph Parker,WR570,,957.0,,957,,,,,
,Ryan Jones,TE307,,957.5,,715,,,1200,,
,Tim Cook,RB361,,958.0,,958,,,,,
,Dennis Houston,WR571,TB,958.3,,,848,675,1352,,
,Rodney Smith,RB362,,958.5,,1218,,,699,,
,Mark Redman,TE308,GB,958.5,,,,518,1399,,
,Damien Caffrey,TE309,,959.0,,959,,,,,
,Sam Pinckney,WR572,,959.0,,,,,959,,
,Willie Snead,WR573,,959.5,,582,,,1337,,
,Terrace Marshall,WR574,,960.5,,1238,782,734,1088,,
,Austin Allen,TE310,,961.0,,884,,,1038,,
,Bernhard Seikovits,TE311,,963.0,,,,,963,,
,Tre'Shaun Harrison,WR575,,963.5,,555,,,1372,,
,Chandler Brayboy,WR576,JAX,963.8,,1229,993,614,1019,,
,Khari Blasingame,RB363,,964.0,,780,736,,1376,,
,Dexter Williams,RB364,,964.0,,964,,,,,
,Randall Cobb,WR577,,964.0,,,,,964,,
,Hassan Haskins,RB365,,964.3,,,812,944,1137,,
,Parker Hesse,TE312,,964.5,,,798,,1131,,
,Elijah Moore,WR578,PHI,964.8,,1825,521,543,970,,
,J.J. Koski,WR579,,965.0,,965,,,,,
,Easton Stick,QB158,IND,965.5,,894,662,986,1320,,
,Malik Knowles,WR580,,966.0,,591,,,1341,,
,Mike DiLiello,QB159,,966.0,,966,,,,,
,Jaylen Johnson,WR581,,966.0,,,966,,,,
,Israel Abanikanda,RB366,DAL,966.7,,,865,778,1257,,
,Riley Ridley,WR582,,967.0,,967,,,,,
,Tyler Kroft,TE313,,967.5,,829,,,1106,,
,Thomas Yassmin,TE314,GB,967.7,,1006,,528,1369,,
,Tanner Taula,TE315,,968.0,,691,,,1245,,
,Diontae Johnson,WR583,,968.0,,1185,679,,1040,,
,Anthony Brown,QB160,,968.5,,,846,,1091,,
,Rivaldo Fairweather,TE316,,968.7,,1604,,475,827,,
,Reggie Gilliam,RB367,NE,968.7,,,485,1006,1415,,
,Bryan Edwards,WR584,,970.0,,970,,,,,
,Trent Sherfield,WR585,,971.0,,1813,624,905,542,,
,Ross Dwelley,TE317,,972.0,,842,637,,1437,,
,Marcus Riley,WR586,,973.0,,973,,,,,
,John Stephens,TE318,,973.0,,,941,,1005,,
,Jermaine Jackson,WR587,,973.0,,,973,,,,
,Dax Milne,WR588,,973.0,,,,,973,,
,Dominic Lovett,WR589,,973.3,,858,986,659,1390,,
,Marcus Cooper,RB368,,974.0,,974,,,,,
,Benny Snell,RB369,,974.0,,1148,,,800,,
,Jesse Matthews,WR590,,975.0,,,,,975,,
,N'Keal Harry,WR591,,975.5,,886,,,1065,,
,David Wells,TE319,,976.0,,,,,976,,
,Blake Bortles,QB161,NO,977.0,,977,,,,,
,Chris Hogan,WR592,,978.0,,978,,,,,
,Brycen Tremayne,WR593,CAR,978.0,,1495,483,833,1101,,
,Britain Covey,WR594,PHI,979.3,,,843,915,1180,,
,Joaquin Davis,WR595,,979.5,,1311,,648,,,
,Micah Simon,WR596,CAR,980.0,,980,,,,,
,Noah Whittington,RB370,,980.0,,1263,,787,890,,
,La'Michael Pettway,TE320,,980.0,,,,,980,,
,Matt Ammendola,K74,,981.0,,981,,,,,
,DJ Uiagalelei,QB162,,981.0,,,,981,,,
,Clayton Tune,QB163,,981.7,,,878,1015,1052,,
,Alex McNulty,K75,,982.0,,982,,,,,
,Bryce Oliver,WR597,,982.0,,1265,958,723,,,
,Chris Pierce,TE321,,982.0,,,,,982,,
,Dayton Wade,WR598,,982.5,,,,677,1288,,
,Jermaine Terry,TE322,,983.0,,1455,,511,,,
,Jonathan Ward,RB371,,983.0,,,774,843,1332,,
,Bryce Ford-Wheaton,WR599,,983.3,,,945,806,1199,,
,Tarik Black,WR600,,983.5,,,,670,1297,,
,Henry Pearson,RB372,,984.0,,1060,908,,,,
,Stephen Gostkowski,K76,,985.0,,985,,,,,
,Monte Pottebaum,RB373,,986.0,,986,,,,,
,Hal Presley,WR601,,986.5,,,,606,1367,,
,Kalel Mullings,RB374,,986.8,,1684,979,764,520,,
,Gabriel Plascencia,K77,,987.0,,1109,,865,,,
,Sam Wiglusz,WR602,,987.5,,761,,,1214,,
,Javon McKinley,WR603,,988.0,,988,,,,,
,Jordan Matthews,TE323,,988.3,,1093,667,,1205,,
,Dorian Thompson-Robinson,QB164,,988.3,,1362,873,,730,,
,Jermar Jefferson,RB375,MIN,988.5,,1240,523,777,1414,,
,Isaiah Neyor,WR604,,989.0,,1490,989,654,823,,
,Dan Villari,TE324,,989.3,,1524,,499,945,,
,Ja'Quan Gardner,RB376,,990.0,,990,,,,,
,Jaren Hall,QB165,,990.0,,,876,,1104,,
,Dymere Miller,WR605,,990.0,,,,,990,,
,Jay Lee,WR606,,991.0,,991,,,,,
,Daijun Edwards,RB377,,991.0,,1296,,,686,,
,Griffin Hebert,TE325,,992.0,,918,,,1066,,
,John Ursua,WR607,,992.0,,992,,,,,
,Tyler Eifert,TE326,,993.0,,993,,,,,
,Landon Rice,TE327,,994.0,,994,,,,,
,Jude McAtamney,K78,,995.0,,1016,974,,,,
,Zach Gentry,TE328,,995.0,,,,,995,,
,Marcus Rosemy-Jacksaint,WR608,,996.0,,669,,,1323,,
,Jared Rice,TE329,,996.0,,996,,,,,
,Cooper Rush,QB166,ATL,996.8,,1581,506,1021,879,,
,Tony Jones,RB378,,997.0,,,775,,1219,,
,Stanley Morgan,WR609,,998.0,,,,,998,,
,Shelton Gibson,WR610,,999.0,,999,,,,,
,T.J. Luther,WR611,,999.0,,1135,,,863,,
,Phillip Brooks,WR612,,999.0,,1421,,,577,,
,Alexander Mattison,RB379,,999.8,,1710,682,443,1164,,
,De'Anthony Thomas,WR613,,1000.0,,1433,,,567,,
,Jakob Johnson,RB380,,1000.5,,,737,,1264,,
,Freddie Swain,WR614,,1000.5,,,,706,1295,,
,Jacob Warren,TE330,,1001.0,,711,,,1291,,
,Andre Roberts,WR615,,1001.0,,,,,1001,,
,Justin Shorter,WR616,LV,1002.0,,1802,546,550,1110,,
,Tre Watson,TE331,,1002.5,,1537,,468,,,
,Jahmal Banks,WR617,,1003.0,,1352,,,654,,
,Marquez Callaway,WR618,,1003.5,,,765,,1242,,
,Hunter Kampmoyer,TE332,,1004.0,,1004,,,,,
,Jaret Patterson,RB381,,1004.0,,1518,794,562,1142,,
,Bailey Zappe,QB167,,1004.0,,,825,983,1204,,
,Kendall Blanton,TE333,,1006.5,,1435,,,578,,
,Joshua Cephus,WR619,,1006.7,,,961,635,1424,,
,BJ Baylor,RB382,,1007.0,,1007,,,,,
,Tony Brown,WR620,,1007.5,,,777,,1238,,
,Philip Rivers,QB168,,1008.0,,,1008,,,,
,Reggie Begelton,WR621,,1009.0,,1009,,,,,
,Jonathan Mingo,WR622,DAL,1009.8,,1822,473,907,837,,
,Javon Leake,RB383,,1010.0,,1010,,,,,
,Bo Melton,WR623,GB,1010.3,,1749,434,848,,,
,Nick Bowers,TE334,,1010.5,,784,,,1237,,
,D.J. Williams,RB384,,1010.7,,875,960,,1197,,
,Patrick Taylor,RB385,,1012.0,,1459,804,725,1060,,
,Changa Hodge,WR624,,1013.0,,1013,,,,,
,Leonard Taylor,TE335,,1013.0,,1407,,,619,,
,Marquise Goodwin,WR625,,1013.5,,1154,,,873,,
,Godwin Igwebuike,RB386,,1014.0,,753,,,1275,,
,Harold Spears,TE336,,1015.0,,1015,,,,,
,Zach Evans,RB387,,1015.0,,,854,,1176,,
,Ezekiel Elliott,RB388,,1016.7,,1714,700,,636,,
,Luke Grimm,WR626,,1017.0,,,,684,1350,,
,Zavier Scott,WR627,MIN,1017.5,,1728,999,824,519,,
,Ethan Garbers,QB169,,1018.0,,783,,,1253,,
,Adrian Coxson,WR628,,1019.0,,1019,,,,,
,Dee Eskridge,WR629,,1019.7,,,783,914,1362,,
,Sean Clifford,QB170,CIN,1020.7,,,862,992,1208,,
,Jakobie Keeney-James,WR630,,1020.8,,1830,1003,578,672,,
,Austin Trammell,WR631,JAX,1021.0,,1287,845,877,1075,,
,Miller Forristall,TE337,,1022.5,,877,,,1168,,
,Laviska Shenault,WR632,,1022.5,,,751,,1294,,
,Charlie Jones,WR633,,1022.7,,,863,926,1279,,
,Mike Bercovici,QB171,,1023.0,,1023,,,,,
,Malik Turner,WR634,SF,1023.0,,1619,639,610,1224,,
,Montrell Washington,WR635,,1023.8,,1548,828,572,1147,,
,Isaiah Coulter,WR636,,1024.0,,1024,,,,,
,Aidan O'Connell,QB172,LV,1024.5,,1331,548,942,1277,,
,TJ Harden,RB389,,1025.0,,,,769,1281,,
,Owen Wright,RB390,,1026.0,,1831,910,761,602,,
,DeeJay Dallas,RB391,JAX,1026.3,,1525,753,952,875,,
,Matt Barkley,QB173,,1026.5,,1155,,,898,,
,Bryson Nesbit,TE338,MIN,1027.3,,1207,,473,1402,,
,Keilahn Harris,WR637,,1028.5,,1027,,,1030,,
,Andre Baccellia,WR638,,1028.5,,1541,844,896,833,,
,Isaiah Wooden,WR639,,1028.5,,,,682,1375,,
,Dontrell Hilliard,RB392,,1029.0,,,,,1029,,
,Zack Moss,RB393,,1030.5,,,747,,1314,,
,Bryant Koback,RB394,,1031.0,,1389,,,673,,
,Jalen Guyton,WR640,,1031.5,,804,,,1259,,
,Khalan Laborn,RB395,,1031.5,,1008,,,1055,,
,Darrynton Evans,RB396,,1031.5,,,748,,1315,,
,Fred Trevillion,WR641,,1032.0,,1032,,,,,
,Xavier Grimble,TE339,,1032.0,,,,,1032,,
,Johnny Lumpkin,TE340,,1032.5,,892,,,1173,,
,Kairee Robinson,RB397,,1033.0,,1033,,,,,
,Jacolby George,WR642,,1033.0,,1057,,,1009,,
,Dai'Jean Dixon,WR643,,1033.0,,1094,,,972,,
,Dillon Johnson,RB398,,1034.0,,1190,,,878,,
,Kevin Shaa,WR644,,1035.0,,1035,,,,,
,Da'Quan Felton,WR645,NYJ,1035.0,,1171,,688,1246,,
,Taylor Heinicke,QB174,,1035.7,,1321,645,,1141,,
,Malik Williams,RB399,,1037.0,,1037,,,,,
,Kelvin Harmon,WR646,,1037.0,,,,,1037,,
,Jamal Robinson,WR647,,1039.0,,1039,,,,,
,Napoleon Maxwell,RB400,,1040.0,,1040,,,,,
,SaRodorick Thompson,RB401,,1040.3,,1469,913,,739,,
,David Porter,WR648,,1041.0,,1041,,,,,
,Lan Larison,RB402,NE,1041.0,,,994,785,1344,,
,Jacob Hollister,TE341,,1041.5,,1235,,,848,,
,Grant DuBose,WR649,,1041.5,,,868,,1215,,
,Allen Lazard,WR650,,1042.7,,1745,647,,736,,
,TJ Sheffield,WR651,,1043.0,,1043,,,,,
,Tanner McLachlan,TE342,,1045.0,,1793,937,514,936,,
,Johnny Johnson,WR652,,1045.0,,,,,1045,,
,Ramiz Ahmed,K79,,1047.0,,1047,,,,,
,Josh Ali,WR653,,1047.0,,,,,1047,,
,Trayveon Williams,RB403,,1047.8,,1603,655,925,1008,,
,Tom Kennedy,WR654,,1048.8,,1224,740,880,1351,,
,Ryan Santoso,K80,,1049.0,,1049,,,,,
,Sam Ehlinger,QB175,DEN,1050.8,,1385,527,991,1300,,
,Ja'Seem Reed,WR655,CAR,1051.5,,1510,,593,,,
,Tyrone Broden,WR656,,1051.7,,1301,,622,1232,,
,Will Grier,QB176,,1053.5,,,,984,1123,,
,Bennie Fowler,WR657,,1054.0,,1054,,,,,
,Darion Clark,TE343,,1055.0,,1055,,,,,
,Jerome Kapp,WR658,,1056.0,,1056,,,,,
,Alfonzo Graham,RB404,,1056.0,,,,,1056,,
,Jody Fortson,TE344,,1057.0,,,796,,1318,,
,Mark Gronowski,QB177,,1057.5,,,,971,1144,,
,Devin Asiasi,TE345,,1058.0,,777,,,1339,,
,Deven Thompkins,WR659,LV,1058.3,,1807,833,911,682,,
,DeShon Williams,TE346,,1059.0,,1059,,,,,
,Ronnie Bell,WR660,,1059.5,,1638,874,795,931,,
,Aaron Shampklin,RB405,,1060.0,,,955,,1165,,
,Ian Bunting,TE347,,1061.0,,1061,,,,,
,Joshua Kelley,RB406,,1061.0,,1795,749,,639,,
,Rodrigo Blankenship,K81,,1063.0,,1063,,,,,
,Traeshon Holden,WR661,,1063.0,,,,678,1448,,
,Adrian Martinez,QB178,,1063.8,,1053,1019,960,1223,,
,Thomas Hennigan,WR662,,1064.0,,1064,,,,,
,Tanner Mordecai,QB179,,1067.0,,975,,,1159,,
,Kedon Slovis,QB180,,1067.0,,1359,1006,961,942,,
,Sam Ficken,K82,,1068.0,,1068,,,,,
,Slade Bolden,WR663,,1068.0,,,,,1068,,
,Collin Schlee,QB181,,1069.0,,1069,,,,,
,Brian Hill,RB407,,1069.0,,,,,1069,,
,Brady Cook,QB182,NYJ,1071.0,,,1001,1005,1207,,
,Zach Horton,TE348,,1072.7,,1700,1013,505,,,
,Nathan Rourke,QB183,,1073.0,,,912,,1234,,
,Ian Book,QB184,,1073.5,,1513,,,634,,
,Jason Bean,QB185,,1074.0,,1330,,,818,,
,Austin Appleby,QB186,,1075.0,,1075,,,,,
,Zakhari Franklin,WR664,,1075.0,,1577,,,573,,
,Greg Zuerlein,K83,,1077.0,,1428,726,,,,
,C.J. Beathard,QB187,,1077.0,,,,,1077,,
,Ahmani Marshall,RB408,,1077.5,,,,790,1365,,
,Damion Willis,WR665,,1078.0,,1078,,,,,
,AJ Henning,WR666,MIA,1078.3,,1637,615,628,1433,,
,Jaray Jenkins,WR667,,1079.0,,778,,,1380,,
,DeAndre Washington,RB409,,1081.0,,1377,,,785,,
,Izaiah Gathings,TE349,,1081.0,,,,,1081,,
,Antoine Green,WR668,,1082.7,,1463,875,,910,,
,Mike Strachan,WR669,,1083.0,,1083,,,,,
,Bud Sasser,WR670,,1084.0,,1084,,,,,
,Adam Thielen,WR671,,1084.3,,1413,723,,1117,,
,Xavier Turner,RB410,,1085.0,,1085,,,,,
,Daurice Fountain,WR672,,1085.5,,869,,,1302,,
,Steven Wroblewski,TE350,,1086.0,,1086,,,,,
,Mike Davis,RB411,,1087.0,,1087,,,,,
,Will Mallory,TE351,IND,1087.8,,1804,547,559,1441,,
,Dylan Soehner,TE352,,1089.0,,1089,,,,,
,Keith Smith,RB412,,1089.0,,,,,1089,,
,Eldridge Massington,WR673,NO,1091.0,,1091,,,,,
,Boston Scott,RB413,,1091.5,,1591,,,592,,
,Henry Poggi,RB414,,1092.0,,1092,,,,,
,Jacardia Wright,RB415,SEA,1092.0,,1522,1014,740,,,
,Devon Allen,WR674,,1092.5,,1260,,,925,,
,Brett Rypien,QB188,,1092.8,,1361,659,956,1395,,
,Ja'Corey Brooks,WR675,,1094.8,,1520,995,685,1179,,
,Sawyer Robertson,QB189,,1095.5,,,,996,1195,,
,Blake Proehl,WR676,,1096.0,,1096,,,,,
,Cam Akers,RB416,,1097.7,,1228,744,,1321,,
,Justin Jackson,RB417,,1098.0,,1098,,,,,
,Travis Homer,RB418,PIT,1098.5,,1756,670,1007,961,,
,Taylor Grimes,WR677,,1099.0,,1099,,,,,
,Shi Smith,WR678,,1099.0,,,,,1099,,
,Brandon Bolden,RB419,,1099.5,,1048,,,1151,,
,Josiah Price,TE353,,1100.0,,1100,,,,,
,Ty Montgomery,RB420,,1100.0,,,,,1100,,
,Adam Shaheen,TE354,,1100.5,,785,,,1416,,
,Stevie Scott,RB421,,1101.0,,1101,,,,,
,Darrel Williams,RB422,,1102.0,,,,,1102,,
,Giles Jackson,WR679,,1103.0,,1546,,,660,,
,Jake Haener,QB190,,1103.8,,1251,872,1012,1280,,
,Nate Wieting,TE355,,1104.0,,1104,,,,,
,Jack Plummer,QB191,,1104.0,,1322,,,886,,
,Tyreik McAllister,RB423,,1104.5,,,947,,1262,,
,Justin Sinz,TE356,,1105.0,,1105,,,,,
,Mason Fairchild,TE357,,1106.0,,961,,,1251,,
,M.J. McFarland,TE358,,1107.0,,1107,,,,,
,Kevin Rader,TE359,,1108.0,,,,,1108,,
,Jarvis Landry,WR680,,1108.5,,861,,,1356,,
,JP Richardson,WR681,,1109.7,,1335,,583,1411,,
,Barrett Burns,TE360,BAL,1110.0,,1110,,,,,
,Andy Isabella,WR682,,1111.0,,909,,,1313,,
,Jaydon Mickens,WR683,,1111.0,,,,,1111,,
,Cary Angeline,TE361,,1112.0,,1112,,,,,
,Matt Breida,RB424,,1112.5,,1191,,,1034,,
,Kyle Trask,QB192,,1112.8,,1471,784,994,1202,,
,Larry Rountree,RB425,,1113.0,,1106,,,1120,,
,Eric Ebron,TE362,PIT,1113.0,,1163,,,1063,,
,Jesse James,TE363,,1114.0,,1073,,,1155,,
,Warren Jackson,WR684,,1114.0,,1114,,,,,
,Seth Williams,WR685,,1114.0,,1249,,,979,,
,Colin Thompson,TE364,,1115.0,,1115,,,,,
,Harrison Wallace III,WR686,,1116.3,,1660,,632,1057,,
,Marquise Williams,QB193,,1117.0,,1117,,,,,
,Sam Sloman,K84,,1118.0,,1118,,,,,
,Donte Moncrief,WR687,,1120.0,,1120,,,,,
,La'Mical Perine,RB426,,1121.0,,1022,,,1220,,
,Garrett Dickerson,TE365,,1121.0,,1121,,,,,
,Devin Leary,QB194,,1121.0,,1526,935,,902,,
,Zimari Manning,WR688,,1122.0,,1122,,,,,
,Ja'Lynn Polk,WR689,,1122.0,,1654,917,716,1201,,
,Jake Luton,QB195,,1122.0,,,,,1122,,
,Ulysses Bentley,RB427,,1122.8,,1487,1016,762,1226,,
,Trinity Benson,WR690,,1124.0,,,,,1124,,
,Tyler Hoppes,TE366,,1125.0,,1125,,,,,
,Diego Pavia,QB196,,1125.0,,,,995,1255,,
,C.J. Saunders,WR691,,1125.0,,,,,1125,,
,Josh Caldwell,RB428,,1126.0,,1126,,,,,
,Myles Gaskin,RB429,,1126.7,,1699,674,,1007,,
,Hajj-Malik Williams,QB197,,1127.0,,1127,,,,,
,Sam Hartman,QB198,,1127.7,,1319,,957,1107,,
,Alex Wesley,WR692,,1128.0,,1128,,,,,
,Lee Smith,TE367,ATL,1128.5,,1450,,,807,,
,Dalen Cambre,WR693,NYG,1128.8,,1635,1004,655,1221,,
,Ross Travis,TE368,,1129.0,,1129,,,,,
,Tre' McKitty,TE369,,1129.3,,1757,,492,1139,,
,Marcell Ateman,WR694,,1130.0,,,,,1130,,
,Chris Coleman,WR695,,1131.0,,1131,,,,,
,Ronnie Brown,RB430,,1132.0,,1132,,,,,
,Devine Ozigbo,RB431,,1132.0,,1596,,,668,,
,John Samuel Shenker,TE370,,1133.3,,1286,971,,1143,,
,Ra'Shaun Henry,WR696,,1136.5,,947,,,1326,,
,Kevin Foelsch,TE371,,1137.0,,1137,,,,,
,Trey Quinn,WR697,,1137.0,,1146,,,1128,,
,Jase McClellan,RB432,,1138.0,,,919,,1357,,
,Alex McGough,QB199,,1138.5,,1349,,,928,,
,Jerry Lovelocke,QB200,,1140.0,,1140,,,,,
,Elijah Mitchell,RB433,,1141.0,,1717,786,788,1273,,
,Kole Taylor,TE372,,1141.5,,1298,,,985,,
,Will Ratelle,RB434,,1142.0,,1142,,,,,
,Braxton Burmeister,WR698,,1144.0,,1144,,,,,
,Erik Krommenhoek,TE373,,1145.5,,1294,,,997,,
,Chris Myarick,TE374,LV,1145.7,,1562,,454,1421,,
,Dominique Dafney,TE375,,1146.0,,,,,1146,,
,Christian Blake,WR699,,1147.0,,1147,,,,,
,Lynn Bowden,WR700,,1148.0,,1234,,,1062,,
,Jibri Blount,TE376,,1149.0,,1149,,,,,
,Jason Cabinda,RB435,,1149.0,,1379,,,919,,
,Laith Marjan,K85,,1149.0,,1442,,856,,,
,Chris Carson,RB436,,1149.0,,1622,,,676,,
,Trevon Bradford,WR701,,1150.0,,1150,,,,,
,Velus Jones,WR702,SEA,1151.0,,1732,809,912,,,
,Josh Doctson,WR703,,1154.0,,,,,1154,,
,Terry Godwin,WR704,,1156.0,,1156,,,,,
,Cam Miller,QB201,MIA,1156.3,,1386,982,999,1258,,
,Max Duggan,QB202,,1156.5,,,879,,1434,,
,Braydon Johnson,WR705,,1157.0,,1157,,,,,
,Austin Stogner,TE377,,1157.0,,1473,,,841,,
,Daniel Arias,WR706,,1157.0,,1501,,,813,,
,Miles Boykin,WR707,,1157.0,,,,,1157,,
,Luis Perez,QB203,,1158.0,,1704,,,612,,
,Rakim Jarrett,WR708,,1158.0,,,890,,1426,,
,Abram Smith,RB437,,1160.5,,1475,,,846,,
,Jimmy Garoppolo,QB204,,1160.5,,1628,720,1027,1267,,
,Jeff Cotton,WR709,,1161.0,,1161,,,,,
,Isaiah Spiller,RB438,,1161.0,,,,,1161,,
,Trevon Grimes,WR710,,1162.0,,1162,,,,,
,Kwamie Lassiter,WR711,,1162.0,,,,,1162,,
,Kadarius Toney,WR712,,1163.0,,1623,781,,1085,,
,Nick Ralston,RB439,,1165.0,,1165,,,,,
,Cole Beasley,WR713,,1166.0,,,,,1166,,
,Blaine Gabbert,QB205,,1167.0,,,,,1167,,
,Jalen Morton,QB206,IND,1168.0,,1168,,,,,
,Jonathan Adams,WR714,,1169.0,,1169,,,,,
,Mason Shipley,K86,,1169.0,,1485,,853,,,
,Duece Watts,WR715,,1170.0,,1751,,,589,,
,Frank Darby,WR716,,1170.0,,,,,1170,,
,Scotty Miller,WR717,,1170.5,,1790,660,822,1410,,
,Anders Carlson,K87,,1173.0,,1489,857,,,,
,Russell Wilson,QB207,,1173.0,,1748,727,792,1425,,
,Kahale Warring,TE378,,1174.0,,1198,,,1150,,
,Neil Pau'u,WR718,,1175.0,,1175,,,,,
,Matt Bushman,TE379,,1175.5,,1236,,,1115,,
,Johnny Stanton,RB440,,1176.0,,1176,,,,,
,Marcelias Sutton,RB441,,1177.0,,1177,,,,,
,Terique Owens,WR719,,1177.0,,,,,1177,,
,Alex Bachman,WR720,LAR,1178.8,,1438,957,935,1385,,
,Derrick Willies,WR721,,1179.0,,1179,,,,,
,Aaron Fuller,WR722,,1180.0,,1180,,,,,
,Dallin Holker,TE380,,1180.0,,,942,,1418,,
,Bug Howard,TE381,,1181.0,,1181,,,,,
,Lorenzo Lingard,RB442,,1181.0,,1410,,,952,,
,Ed Lee,WR723,,1182.0,,1182,,,,,
,Dontay Demus,WR724,,1182.5,,1002,,,1363,,
,Emanuel Hall,WR725,,1183.0,,1183,,,,,
,Dresser Winn,QB208,,1183.0,,1261,,,1105,,
,Josh Lambo,K88,,1184.0,,1184,,,,,
,Nathan Carter,RB443,,1185.0,,1809,,,561,,
,Jacob Harris,WR726,,1185.0,,,,,1185,,
,Da'Mari Scott,WR727,,1186.0,,1186,,,,,
,Kody Case,WR728,,1187.0,,1187,,,,,
,Krishawn Hogan,WR729,,1188.0,,1188,,,,,
,Kenny McIntosh,RB444,,1188.5,,1617,871,819,1447,,
,Garrett Greene,QB209,TB,1189.0,,1711,,667,,,
,Amar Johnson,RB445,LAC,1189.3,,1814,1010,744,,,
,Amari Rodgers,WR730,,1190.5,,1028,,,1353,,
,Lenny Krieg,K89,,1191.0,,1530,,852,,,
,AJ McCarron,QB210,,1191.0,,1824,,,558,,
,Mohamed Ibrahim,RB446,,1192.0,,1778,886,,912,,
,Jeff Caldwell,WR731,KC,1192.7,,1552,,599,1427,,
,DeAngelo Hardy,WR732,,1193.0,,943,,,1443,,
,Nick Easley,WR733,,1193.0,,1193,,,,,
,Ty Fryfogle,WR734,,1194.0,,1194,,,,,
,Jake Kumerow,WR735,,1194.0,,,,,1194,,
,Jjay Mcafee,TE382,,1195.0,,1195,,,,,
,Jacob Sirmon,QB211,,1196.0,,1196,,,,,
,Deneric Prince,RB447,,1196.3,,1713,884,750,1438,,
,Keshawn Hill,RB448,,1199.0,,1199,,,,,
,Oliver Martin,WR736,,1200.0,,1200,,,,,
,Javon Baker,WR737,,1200.0,,1376,920,,1304,,
,Ian Wheeler,RB449,,1200.5,,1645,,756,,,
,James McCourt,K90,,1201.0,,1201,,,,,
,Romello Brinson,WR738,,1202.0,,1774,,630,,,
,Cam Sutton,TE383,,1203.0,,1203,,,,,
,Gavin Hardison,QB212,,1203.0,,1254,,,1152,,
,Brevin Easton,WR739,,1203.0,,,,,1203,,
,Thaddeus Moss,TE384,,1203.5,,972,,,1435,,
,Charles Scarff,TE385,,1204.0,,1204,,,,,
,Colin Jeter,TE386,,1206.0,,1206,,,,,
,Silas Bolden,WR740,,1206.0,,,,,1206,,
,C.J. Worton,WR741,,1208.0,,1208,,,,,
,Christopher Dunn,K91,,1209.0,,1557,861,,,,
,Dwayne Washington,RB450,,1209.5,,1014,,,1405,,
,Luke Altmyer,QB213,,1209.5,,,,988,1431,,
,Bryant Mitchell,WR742,,1210.0,,1210,,,,,
,Jaxon Janke,WR743,,1210.0,,1387,,,1033,,
,Tyrion Davis-Price,RB451,,1211.3,,1770,815,,1049,,
,Wayne Gallman,RB452,,1211.5,,987,,,1436,,
,Graham Gano,K92,,1211.5,,1693,730,,,,
,Riley Neal,QB214,,1212.0,,1212,,,,,
,Cole Murphy,K93,,1213.0,,1213,,,,,
,Lake McRee,TE387,PIT,1213.3,,1829,,501,1310,,
,Sean Riley,WR744,,1216.0,,1216,,,,,
,Taylor Elgersma,QB215,,1216.0,,1627,,,805,,
,Wayne Taulapapa,RB453,,1217.0,,1217,,,,,
,Dez Fitzpatrick,WR745,,1218.0,,1630,785,,1239,,
,Nate Noel,RB454,,1218.0,,,,,1218,,
,Jacob Eason,QB216,,1220.0,,1544,,,896,,
,B.T. Potter,K94,TB,1220.0,,1573,,867,,,
,Dres Anderson,WR746,,1221.0,,1221,,,,,
,Kobe McCrary,RB455,,1222.0,,1222,,,,,
,Josh Ferguson,RB456,,1223.0,,1223,,,,,
,Seth Henigan,QB217,,1223.0,,,,1002,1444,,
,Reggie Diggs,WR747,,1226.0,,1226,,,,,
,Scooter Harrington,TE388,,1227.0,,1227,,,,,
,Isaiah Ford,WR748,,1227.0,,,,,1227,,
,Brian Hoyer,QB218,,1228.5,,1592,,,865,,
,Nathan Peterman,QB219,,1228.7,,1729,,1001,956,,
,Riley Sharp,TE389,,1230.0,,1230,,,,,
,Corey Coleman,WR749,,1232.0,,1232,,,,,
,Garrett Celek,TE390,,1233.0,,1233,,,,,
,Jack Doyle,TE391,IND,1236.0,,,,,1236,,
,Robbie Gould,K95,,1237.0,,1237,,,,,
,Travon McMillian,RB457,,1239.0,,1239,,,,,
,Brandon Dillon,TE392,,1239.5,,1542,,,937,,
,Greg Joseph,K96,,1241.0,,1801,681,,,,
,Cade Johnson,WR750,,1241.5,,1272,,,1211,,
,Tayvion Robinson,WR751,,1242.5,,1601,,,884,,
,Jaylen Samuels,RB458,,1243.0,,1243,,,,,
,Julio Jones,WR752,,1243.0,,,,,1243,,
,Jeret Smith,WR753,,1244.0,,1244,,,,,
,Jamison Crowder,WR754,,1244.3,,1683,712,,1338,,
,Trevon Clark,WR755,,1245.0,,1245,,,,,
,Jared Cook,TE393,,1246.0,,1246,,,,,
,Derek Wright,WR756,,1246.5,,1283,,,1210,,
,Alex Smith,QB220,,1247.0,,1247,,,,,
,Trevon Wesco,TE394,,1247.0,,1727,,,767,,
,Isaiah Washington,WR757,,1247.0,,,,,1247,,
,Michael Badgley,K97,,1247.5,,1798,697,,,,
,Joe Walker,WR758,,1248.0,,1248,,,,,
,Damien Williams,RB459,,1248.0,,,,,1248,,
,Hayden Hatten,WR759,,1249.0,,,,,1249,,
,Marlon Mack,RB460,,1250.0,,1725,,,775,,
,Jordan Wilkins,RB461,,1250.0,,,,,1250,,
,Anthony Torres,TE395,,1252.0,,1252,,,,,
,Antony Auclair,TE396,,1253.0,,1253,,,,,
,Hayden Hurst,TE397,,1253.3,,1783,676,,1301,,
,Darius Prince,WR760,,1255.0,,1255,,,,,
,Rashaad Penny,RB462,,1256.0,,1130,,,1382,,
,Malcolm Perry,WR761,,1256.0,,,,,1256,,
,E.J. Perry,QB221,,1260.0,,,,,1260,,
,D'Eriq King,QB222,,1262.0,,1262,,,,,
,Anthony Boone,QB223,,1264.0,,1264,,,,,
,Dorian Singer,WR762,,1265.0,,,,,1265,,
,Kellen Mond,QB224,,1265.5,,1707,,,824,,
,Sean Mannion,QB225,,1266.5,,1744,,,789,,
,Nate Becker,TE398,,1267.0,,1267,,,,,
,Jacob Dolegala,QB226,,1268.0,,1268,,,,,
,Donovan Peoples-Jones,WR763,,1268.0,,,,,1268,,
,Demetris Robertson,WR764,,1269.0,,1269,,,,,
,Chase Claypool,WR765,,1269.0,,1467,,,1071,,
,Aaron Lacombe,WR766,,1271.0,,1271,,,,,
,Elijah Collins,RB463,,1271.0,,,,,1271,,
,Jerod Evans,QB227,,1274.0,,1274,,,,,
,Matt Sokol,TE399,,1274.0,,,,,1274,,
,Matt Schaub,QB228,,1275.0,,1275,,,,,
,Ronald Awatt,RB464,,1276.0,,1276,,,,,
,Ethan Fernea,WR767,,1276.0,,,,,1276,,
,Jalen Camp,WR768,,1276.5,,1242,,,1311,,
,Nate Sudfeld,QB229,,1276.5,,1803,,,750,,
,DaMarkus Lodge,WR769,,1277.0,,1277,,,,,
,Austin Reed,QB230,,1277.0,,1480,,959,1392,,
,Corey Clement,RB465,,1277.0,,1816,,,738,,
,Taryn Christion,QB231,,1278.0,,1278,,,,,
,Pharoh Cooper,WR770,,1278.0,,,,,1278,,
,Cody Latimer,WR771,,1279.0,,1273,,,1285,,
,B.J. Emmons,RB466,,1279.0,,1279,,,,,
,Da'Ron Brown,WR772,,1280.0,,1280,,,,,
,Kalen Ballage,RB467,,1280.0,,1371,,,1189,,
,Darwin Thompson,RB468,,1281.0,,1281,,,,,
,Jerell Adams,TE400,,1282.0,,1282,,,,,
,Phillip Andersen,K98,,1284.0,,1284,,,,,
,Branden Mack,WR773,,1288.0,,1288,,,,,
,Josh Rosen,QB232,,1290.0,,1290,,,,,
,Braylon Sanders,WR774,,1290.0,,,,,1290,,
,Darrell Daniels,TE401,,1290.5,,1329,,,1252,,
,Jaden Shirden,RB469,,1292.0,,,,,1292,,
,Colt McCoy,QB233,,1293.0,,1293,,,,,
,Luke Stocker,TE402,,1293.0,,,,,1293,,
,Isaiah McKoy,WR775,,1295.0,,1295,,,,,
,Evan Berry,WR776,,1297.0,,1297,,,,,
,Matthew Trickett,K99,,1299.0,,1299,,,,,
,Tory Carter,RB470,,1300.0,,1300,,,,,
,Nate McCrary,RB471,,1300.5,,1823,,,778,,
,Durron Neal,WR777,,1302.0,,1302,,,,,
,Gerald Holmes,RB472,,1303.0,,1303,,,,,
,Rodney Adams,WR778,,1303.0,,,,,1303,,
,Blake Haubeil,K100,,1305.0,,1305,,,,,
,Pooka Williams,RB473,,1305.5,,1266,,,1345,,
,Nick Bawden,RB474,,1306.0,,1306,,,,,
,Tyler Hoosman,RB475,,1307.0,,1307,,,,,
,Aca'Cedric Ware,RB476,,1308.0,,1308,,,,,
,Logan Thomas,TE403,,1308.0,,,,,1308,,
,Keith Kirkwood,WR779,,1309.0,,1259,,,1359,,
,Ben Ellefson,TE404,,1309.0,,1309,,,,,
,Dylan Leonard,TE405,,1310.0,,1310,,,,,
,Emory Jones,QB234,,1310.5,,1257,,,1364,,
,Michael Ezeike,TE406,,1311.5,,1658,,,965,,
,Papi White,WR780,,1313.0,,1313,,,,,
,Kenny Lawler,WR781,,1314.0,,1314,,,,,
,Jarvion Franklin,RB477,,1316.0,,1316,,,,,
,David Durden,WR782,,1316.0,,,,,1316,,
,Jimmy Williams,WR783,,1318.0,,1318,,,,,
,Drew Anderson,QB235,,1320.0,,1320,,,,,
,Jermaine Kearse,WR784,,1323.0,,1323,,,,,
,Alex Barnes,RB478,,1324.0,,1324,,,,,
,Sean Ryan,WR785,,1325.0,,,,,1325,,
,Brycen Hopkins,TE407,,1325.5,,1285,,,1366,,
,Kahlil Lewis,WR786,,1326.0,,1326,,,,,
,Jake Fromm,QB236,,1331.0,,1363,,,1299,,
,Cole Payton,QB237,,1331.0,,,,,1331,,
,Cole Beck,WR787,,1332.0,,1332,,,,,
,Derrius Guice,RB479,,1333.0,,1333,,,,,
,Johnny King,WR788,,1334.0,,1334,,,,,
,Ty'Son Williams,RB480,,1335.0,,,,,1335,,
,Mike Harley,WR789,,1337.5,,1679,,,996,,
,Henry Litwin,WR790,,1338.0,,1338,,,,,
,Ricky Person,RB481,,1340.0,,,,,1340,,
,Jordan Thomas,TE408,,1342.0,,1342,,,,,
,Malik Henry,WR791,,1343.0,,1343,,,,,
,Austin Aune,QB238,,1345.0,,1345,,,,,
,John Baron,K101,,1346.0,,1346,,,,,
,Michael Pratt,QB239,,1346.7,,1755,936,,1349,,
,Randy Bullock,K102,,1347.0,,1347,,,,,
,Elliott Fry,K103,,1350.0,,1350,,,,,
,Byron Pringle,WR792,,1350.5,,1392,,,1309,,
,Deon Cain,WR793,,1350.5,,1647,,,1054,,
,Jimmy Bell,TE409,,1351.0,,1351,,,,,
,Khalil Tate,WR794,,1353.0,,1353,,,,,
,Michael Thomas,WR795,,1353.5,,1661,,,1046,,
,Alex Larson,TE410,,1354.0,,1354,,,,,
,Algernon Brown,RB482,,1355.0,,1355,,,,,
,Tommy Hudson,TE411,,1355.0,,1479,,,1231,,
,Brayden Narveson,K104,,1355.0,,1762,948,,,,
,Tulu Griffin,WR796,,1355.0,,,,,1355,,
,Danny Etling,QB240,,1357.0,,1357,,,,,
,Jacob Copeland,WR797,,1358.0,,,,,1358,,
,Vance McDonald,TE412,,1360.0,,1360,,,,,
,Jamoi Mayes,WR798,,1360.0,,,,,1360,,
,Charleston Rambo,WR799,,1361.0,,,,,1361,,
,Dillon Stoner,WR800,,1364.0,,1364,,,,,
,Louis Rees-Zammit,RB483,,1364.5,,1791,938,,,,
,Tavonn Salter,WR801,,1366.0,,1366,,,,,
,Jaaron Hayek,WR802,,1368.0,,1368,,,,,
,Jalen White,RB484,,1368.0,,,,,1368,,
,Jaylen Smith,WR803,,1369.0,,1369,,,,,
,Austin Duke,WR804,,1370.0,,1370,,,,,
,Malik Taylor,WR805,,1370.0,,,,,1370,,
,Tommy Mellott,QB241,,1370.3,,1740,978,,1393,,
,Stevo Klotz,TE413,,1371.0,,1739,,,1003,,
,Siaosi Mariner,WR806,,1372.0,,1372,,,,,
,Christian Wade,RB485,,1372.0,,1662,,,1082,,
,Mathew Sexton,WR807,,1373.0,,1340,,,1406,,
,Alex Hale,K105,,1374.0,,1374,,,,,
,Johnathon Johnson,WR808,,1375.0,,1375,,,,,
,K.J. Maye,WR809,,1380.0,,1380,,,,,
,Monaray Baldwin,WR810,,1381.0,,,,,1381,,
,Ahmarean Brown,WR811,,1383.0,,1383,,,,,
,Curtis Hodges,TE414,,1384.0,,,,,1384,,
,Jerome Cunningham,TE415,,1390.0,,1390,,,,,
,William Fuller,WR812,,1391.0,,1391,,,,,
,Tre'Quan Smith,WR813,,1391.0,,,,,1391,,
,Kyle Philips,WR814,,1391.5,,1478,,,1305,,
,Jay Ajayi,RB486,,1393.0,,1393,,,,,
,Jaquarii Roberson,WR815,,1395.0,,1395,,,,,
,Taj McGowan,RB487,,1397.0,,1397,,,,,
,Tyler Kahmann,WR816,,1400.0,,,,,1400,,
,Graham Adomitis,TE416,,1401.0,,1401,,,,,
,Blake Jarwin,TE417,,1401.5,,1772,,,1031,,
,Kazmeir Allen,WR817,,1402.0,,1458,,,1346,,
,Chad Williams,WR818,,1403.0,,1403,,,,,
,Duke Johnson,RB488,,1403.0,,1476,,,1330,,
,Noah Togiai,TE418,,1403.0,,,,,1403,,
,David Marvin,K106,,1405.0,,1405,,,,,
,Marvin Hall,WR819,,1407.0,,,,,1407,,
,Lincoln Victor,WR820,,1408.0,,1408,,,,,
,Landon Parker,WR821,,1408.0,,,,,1408,,
,Tristan Vizcaino,K107,,1409.0,,1409,,,,,
,Anthony Schwartz,WR822,,1409.0,,,,,1409,,
,Robert Griffin,QB242,,1411.0,,1411,,,,,
,Aidan Robbins,RB489,,1411.0,,1687,,,1135,,
,Robert Lewis,WR823,,1412.0,,,,,1412,,
,Chris Blewitt,K108,,1414.0,,1414,,,,,
,Aeneas Dennis,QB243,,1417.0,,1417,,,,,
,Trey Knox,TE419,,1417.0,,,,,1417,,
,Collin Hill,QB244,,1418.0,,1418,,,,,
,Cullen Gillaspia,RB490,,1419.0,,1419,,,,,
,Latavius Murray,RB491,,1421.5,,1709,,,1134,,
,A.J. Green,WR824,,1422.0,,1422,,,,,
,Nick Boyle,TE420,,1422.0,,,,,1422,,
,Bronson Rechsteiner,RB492,,1423.0,,1423,,,,,
,Jordan Bly,WR825,,1424.0,,1424,,,,,
,Mike Meyer,K109,,1426.0,,1426,,,,,
,Bobby Holly,RB493,,1427.0,,1427,,,,,
,Sammy Watkins,WR826,,1428.5,,1559,,,1298,,
,Kenji Bahar,QB245,,1429.0,,1429,,,,,
,Damiere Byrd,WR827,,1429.0,,,,,1429,,
,Jelani Baker,WR828,,1431.0,,1431,,,,,
,Alec Holler,TE421,,1432.0,,1432,,,,,
,Elijhah Badger,WR829,,1432.0,,,,,1432,,
,Jake Coker,QB246,,1434.0,,1434,,,,,
,Sean Modster,WR830,,1436.0,,1436,,,,,
,Julian Allen,RB494,,1439.0,,1439,,,,,
,Aaron Dykes,RB495,,1441.0,,1441,,,,,
,Nolan Henderson,QB247,,1443.0,,1443,,,,,
,Chad Kelly,QB248,,1444.0,,1444,,,,,
,Matt LaCosse,TE422,NE,1445.0,,,,,1445,,
,Chad Beebe,WR831,,1446.0,,1446,,,,,
,Breshad Perriman,WR832,,1446.0,,,,,1446,,
,Trent Pennix,TE423,,1446.5,,1775,,,1118,,
,Derek Watt,RB496,,1448.0,,1448,,,,,
,Joe Webb,QB249,,1449.0,,1449,,,,,
,Noah Rauschenberg,K110,,1451.0,,1451,,,,,
,Camden Lewis,K111,,1453.0,,1453,,,,,
,Jack Sorenson,WR833,,1454.0,,1454,,,,,
,Tim DeMorat,QB250,,1456.0,,1456,,,,,
,Brett Gabbert,QB251,,1457.0,,1457,,,,,
,Wilton Speight,QB252,,1461.0,,1461,,,,,
,Clayton Thorson,QB253,NYG,1465.0,,1465,,,,,
,Larry Rose,RB497,,1466.0,,1466,,,,,
,Jamie Newman,QB254,,1468.0,,1468,,,,,
,Justin Hall,WR834,,1471.0,,1512,,,1430,,
,Maurice Ffrench,WR835,,1472.0,,1472,,,,,
,John Brown,WR836,,1477.0,,1477,,,,,
,Mason Crosby,K112,,1481.0,,1481,,,,,
,Jack Colletto,RB498,,1481.5,,1702,,,1261,,
,Brandon Shippen,WR837,,1482.0,,1482,,,,,
,Joel Stave,QB255,,1483.0,,1483,,,,,
,Rhett Ellison,TE424,,1484.0,,1484,,,,,
,Taylor Russolino,K113,,1486.0,,1486,,,,,
,Ahmad Wagner,WR838,,1488.0,,1488,,,,,
,Kai Locksley,WR839,,1492.0,,1492,,,,,
,Marcus Peterson,WR840,,1494.0,,1494,,,,,
,Matt Fleming,WR841,,1496.0,,1496,,,,,
,Tim Wilson,WR842,,1497.0,,1497,,,,,
,Jalen McCleskey,WR843,,1498.0,,1498,,,,,
,Travell Harris,WR844,,1499.0,,1499,,,,,
,Aaron Peck,TE425,,1500.0,,1500,,,,,
,Demario Richard,RB499,,1503.0,,1503,,,,,
,Quinn Nordin,K114,,1504.0,,1504,,,,,
,Nick Eubanks,TE426,,1507.0,,1507,,,,,
,Giovani Bernard,RB500,,1509.0,,1509,,,,,
,Jacob Huesman,QB256,,1511.0,,1511,,,,,
,Jalen Wayne,WR845,,1512.5,,1648,,,1377,,
,Ryan Succop,K115,,1514.0,,1514,,,,,
,Brett Hundley,QB257,,1515.0,,1515,,,,,
,Connor Slomka,RB501,,1516.0,,1516,,,,,
,Bisi Johnson,WR846,,1519.0,,1519,,,,,
,Nico Evans,RB502,,1521.0,,1521,,,,,
,Bryce Perkins,QB258,,1523.0,,1523,,,,,
,Jackson Harris,TE427,,1527.0,,1527,,,,,
,Brennan Eagles,WR847,,1528.0,,1528,,,,,
,Bobo Wilson,WR848,,1533.0,,1533,,,,,
,Calvin Jackson,WR849,,1534.0,,1534,,,,,
,John Matocha,QB259,,1535.0,,1535,,,,,
,Kyle Markway,TE428,,1536.0,,1536,,,,,
,Todd Gurley,RB503,,1538.0,,1538,,,,,
,Brian Cobbs,WR850,,1539.0,,1539,,,,,
,Charles Clay,TE429,,1543.0,,1543,,,,,
,Jordan Westerkamp,WR851,,1545.0,,1545,,,,,
,Jamal Pettigrew,TE430,,1547.0,,1547,,,,,
,Chris Streveler,QB260,,1549.0,,1549,,,,,
,Kyle Shurmur,QB261,,1550.0,,1550,,,,,
,Case Cookus,QB262,,1551.0,,1551,,,,,
,Detrich Clark,WR852,,1553.0,,1553,,,,,
,Tommy Stevens,QB263,NYG,1554.0,,1554,,,,,
,Alex Gray,TE431,,1555.0,,1555,,,,,
,John Hurst,WR853,,1558.0,,1558,,,,,
,Vincent Blanchard,K116,,1560.0,,1560,,,,,
,Austin MacGinnis,K117,,1561.0,,1561,,,,,
,Clayton Hatfield,K118,,1563.0,,1563,,,,,
,Kehinde Oginni Hassan,TE432,,1564.0,,1564,,,,,
,Mark Thompson,RB504,,1565.0,,1565,,,,,
,Ross Scheuerman,RB505,,1566.0,,1566,,,,,
,Malachi Jones,WR854,,1567.0,,1567,,,,,
,DeShone Kizer,QB264,,1568.0,,1568,,,,,
,Andrew Mevis,K119,,1571.0,,1571,,,,,
,Jerome Lane,WR855,,1572.0,,1572,,,,,
,Damarea Crockett,RB506,,1574.0,,1574,,,,,
,Ito Smith,RB507,DAL,1575.0,,1575,,,,,
,Mike Rigerman,TE433,,1576.0,,1576,,,,,
,Julian Fleming,WR856,,1578.0,,1578,,,,,
,Chris Herndon,TE434,,1578.0,,1808,,,1348,,
,Zion Bowens,WR857,,1579.0,,1579,,,,,
,Jerome Washington,TE435,,1580.0,,1580,,,,,
,Sandro Platzgummer,RB508,,1582.0,,1582,,,,,
,Michael Hiers,QB265,,1585.0,,1585,,,,,
,Romello Brooker,TE436,,1587.0,,1587,,,,,
,Terry Swanson,RB509,,1588.0,,1588,,,,,
,Ryan Fitzpatrick,QB266,,1590.0,,1590,,,,,
,Bo Scarbrough,RB510,,1593.0,,1593,,,,,
,RJ Mobley,WR858,,1594.0,,1594,,,,,
,Colton Theaker,K120,,1597.0,,1597,,,,,
,Jon Brown,K121,,1599.0,,1599,,,,,
,Landen Akers,WR859,,1600.0,,1600,,,,,
,Josh Imatorbhebhe,WR860,,1602.0,,1602,,,,,
,Dedrick Mills,RB511,,1605.0,,1605,,,,,
,Brandon Ross,RB512,,1606.0,,1606,,,,,
,Javon Wims,WR861,,1607.0,,1607,,,,,
,Valdez Showers,WR862,,1610.0,,1610,,,,,
,C.J. Prosise,RB513,,1611.0,,1611,,,,,
,Josh Gordon,WR863,,1612.0,,1612,,,,,
,Josh McCown,QB267,,1613.0,,1613,,,,,
,Sam Cotton,TE437,,1614.0,,1614,,,,,
,Kirk Merritt,WR864,,1614.0,,1827,,,1401,,
,Tre Harbison,RB514,,1615.0,,1615,,,,,
,Jamarius Way,WR865,,1618.0,,1618,,,,,
,Mike Glennon,QB268,,1620.0,,1620,,,,,
,Caleb Repp,TE438,,1621.0,,1621,,,,,
,JJ Molson,K122,,1625.0,,1625,,,,,
,Kyle Sheets,WR866,,1626.0,,1626,,,,,
,Kerrith Whyte,RB515,GB,1632.0,,1632,,,,,
,Malcolm Epps,TE439,,1633.0,,1633,,,,,
,Valentine Holmes,RB516,,1634.0,,1634,,,,,
,Chris Brown,WR867,,1639.0,,1639,,,,,
,Eli Stove,WR868,,1640.0,,1640,,,,,
,Dante Wright,WR869,,1641.0,,1641,,,,,
,Kekoa Crawford,WR870,,1642.0,,1642,,,,,
,T.J. Simmons,WR871,,1643.0,,1643,,,,,
,Devonta Freeman,RB517,,1644.0,,1644,,,,,
,Austin Wolf,WR872,,1646.0,,1646,,,,,
,Kamryn Pettway,RB518,,1650.0,,1650,,,,,
,Vyncint Smith,WR873,,1651.0,,1651,,,,,
,Tyre Brady,WR874,,1653.0,,1653,,,,,
,Adrian Killins,RB519,DEN,1656.0,,1656,,,,,
,Brandon Silvers,QB269,,1659.0,,1659,,,,,
,Jordan Ta'amu,QB270,,1663.0,,1663,,,,,
,Logan Stokes,TE440,,1664.0,,1664,,,,,
,Steven Stilianos,TE441,,1665.0,,1665,,,,,
,Devin Funchess,TE442,,1666.0,,1666,,,,,
,Auden Tate,WR875,,1667.0,,1667,,,,,
,Josh Harper,WR876,,1669.0,,1669,,,,,
,Justin Rohrwasser,K123,,1670.0,,1670,,,,,
,Mike Weber,RB520,,1671.0,,1671,,,,,
,Vincent Testaverde,QB271,,1672.0,,1672,,,,,
,Broc Rutter,QB272,,1673.0,,1673,,,,,
,Colby Suits,QB273,,1674.0,,1674,,,,,
,T.J. Linta,QB274,,1675.0,,1675,,,,,
,Antoine Wesley,WR877,,1676.0,,1676,,,,,
,Connor Jessop,QB275,,1677.0,,1677,,,,,
,Kennedy Brooks,RB521,,1678.0,,1678,,,,,
,Mikey Daniel,RB522,,1680.0,,1680,,,,,
,Sone Ntoh,RB523,,1681.0,,1681,,,,,
,Geor'Quarius Spivey,TE443,,1682.0,,1682,,,,,
,Mark Chapman,WR878,,1685.0,,1685,,,,,
,James Turner,K124,,1686.0,,1686,,,,,
,Taulia Tagovailoa,QB276,,1688.0,,1688,,,,,
,Chase Daniel,QB277,,1689.0,,1689,,,,,
,Luke Falk,QB278,,1690.0,,1690,,,,,
,Chad Henne,QB279,,1692.0,,1692,,,,,
,Jerreth Sterns,WR879,,1694.0,,1694,,,,,
,Roman Hemby,RB524,LV,1695.0,,1695,,,,,
,Connor Wedington,WR880,,1697.0,,1697,,,,,
,Devon Johnson,RB525,,1701.0,,1701,,,,,
,Shane Leatherbury,WR881,,1703.0,,1703,,,,,
,Jose Barbon,WR882,,1706.0,,1706,,,,,
,Tyrell Williams,WR883,,1708.0,,1708,,,,,
,Seth Green,TE444,,1715.0,,1715,,,,,
,Derek Carrier,TE445,,1716.0,,1716,,,,,
,Trey Wolff,K125,,1718.0,,1718,,,,,
,Chase Harrell,TE446,,1719.0,,1719,,,,,
,Armanti Foreman,WR884,,1722.0,,1722,,,,,
,Bryan Bennett,QB280,,1723.0,,1723,,,,,
,Tanner Morgan,QB281,,1726.0,,1726,,,,,
,Mike Johnson,WR885,,1730.0,,1730,,,,,
,Kalif Jackson,TE447,MIA,1733.0,,1733,,,,,
,Damore'ea Stringfellow,WR886,,1734.0,,1734,,,,,
,Gabe Brkic,K126,,1735.0,,1735,,,,,
,Travis Dye,RB526,,1741.0,,1741,,,,,
,Golden Tate,WR887,,1742.0,,1742,,,,,
,Joshua Lingenfelter,TE448,,1743.0,,1743,,,,,
,John Raine,TE449,,1746.0,,1746,,,,,
,Lachlan Pitts,TE450,,1747.0,,1747,,,,,
,Dan Vitale,RB527,,1750.0,,1750,,,,,
,Geronimo Allison,WR888,,1752.0,,1752,,,,,
,Ryan Nall,RB528,,1753.0,,1753,,,,,
,Nakia Griffin-Stewart,TE451,,1759.0,,1759,,,,,
,J.J. Jones,WR889,,1760.0,,1760,,,,,
,Benjamin Watson,TE452,,1761.0,,1761,,,,,
,Brian Riley,WR890,,1763.0,,1763,,,,,
,Nick Vogel,K127,,1766.0,,1766,,,,,
,Ted Ginn,WR891,,1767.0,,1767,,,,,
,Jordan Hudson,WR892,DAL,1768.0,,1768,,,,,
,Roosevelt Nix,RB529,,1769.0,,1769,,,,,
,Alex Kessman,K128,CAR,1771.0,,1771,,,,,
,Kawaan Baker,WR893,,1773.0,,1773,,,,,
,J.T. Barrett,QB282,,1776.0,,1776,,,,,
,Josh Love,QB283,,1777.0,,1777,,,,,
,C.J. Anderson,RB530,,1779.0,,1779,,,,,
,Bucky Hodges,TE453,,1780.0,,1780,,,,,
,Devon Bell,K129,,1781.0,,1781,,,,,
,Floyd Allen,WR894,,1782.0,,1782,,,,,
,DeSean Jackson,WR895,,1786.0,,1786,,,,,
,Emmanuel Sanders,WR896,,1787.0,,1787,,,,,
,Roland Rivers,QB284,,1788.0,,1788,,,,,
,Damoun Patterson,WR897,,1789.0,,1789,,,,,
,Mohamed Sanu,WR898,,1792.0,,1792,,,,,
,Devante Davis,WR899,,1794.0,,1794,,,,,
,Kenny Cook,WR900,,1796.0,,1796,,,,,
,Tyler Ferguson,QB285,,1799.0,,1799,,,,,
,Zach Zenner,RB531,,1800.0,,1800,,,,,
,Stephen Hauschka,K130,,1805.0,,1805,,,,,
,Tyler McCloskey,RB532,,1806.0,,1806,,,,,
,Zach Olstad,RB533,,1810.0,,1810,,,,,
,Valentino Ambrosio,K131,,1812.0,,1812,,,,,
,CJ Marable,RB534,,1815.0,,1815,,,,,
,Darren Carrington,WR901,,1817.0,,1817,,,,,
,Lamar Miller,RB535,,1818.0,,1818,,,,,
,Justin Manton,K132,,1820.0,,1820,,,,,
,Noah Gindorff,TE454,,1821.0,,1821,,,,,
,Josh Hammond,WR902,,1826.0,,1826,,,,,
,Zach Terrell,QB286,BAL,1828.0,,1828,,,,,
,Sefo Liufau,QB287,,1832.0,,1832,,,,,
,Jahwan Edwards,RB536,,1833.0,,1833,,,,,
