Rank,Player,POS,Team,AVG,Expert,Sleeper,ESPN,Yahoo,Underdog,CBS,FFPC
1,Jahmyr Gibbs,RB1,DET,1.0,1,1,1,1,1,1,1
2,Bijan Robinson,RB2,ATL,2.0,2,2,2,2,2,2,2
3,Ja'Marr Chase,WR1,CIN,3.0,3,3,3,3,3,3,3
4,Puka Nacua,WR2,LAR,4.0,4,4,4,4,4,4,4
5,Christian McCaffrey,RB3,SF,6.0,6,5,7,6,6,7,5
6,Jaxon Smith-Njigba,WR3,SEA,6.2,6,6,6,8,5,6,6
7,Jonathan Taylor,RB4,IND,6.5,9,7,5,5,8,5,9
8,Amon-Ra St. Brown,WR4,DET,7.7,7,8,8,7,7,8,8
9,James Cook,RB5,BUF,9.2,10,9,9,9,9,9,10
10,CeeDee Lamb,WR5,DAL,11.2,10,10,10,12,10,12,13
11,Justin Jefferson,WR6,MIN,12.2,11,11,11,13,11,15,12
12,Chase Brown,RB6,CIN,12.8,12,14,14,14,14,10,11
13,Saquon Barkley,RB7,PHI,13.2,14,12,15,10,12,13,17
14,Devon Achane,RB8,MIA,14.0,14,13,12,17,16,11,15
15,Omarion Hampton,RB9,LAC,16.0,14,15,13,16,17,17,18
16,Derrick Henry,RB10,BAL,16.5,19,18,16,15,15,14,21
17,Kenneth Walker,RB11,KC,16.8,15,19,28,11,13,16,14
18,Ashton Jeanty,RB12,LV,18.8,17,16,17,21,18,22,19
19,Brock Bowers,TE1,LV,19.3,21,23,22,19,20,25,7
20,A.J. Brown,WR7,NE,19.5,21,17,20,23,19,18,20
21,Drake London,WR8,ATL,20.7,20,20,18,20,23,20,23
22,Nico Collins,WR9,HOU,22.3,22,24,23,18,21,24,24
23,George Pickens,WR10,DAL,23.8,24,22,27,22,24,21,27
24,Trey McBride,TE2,ARI,25.3,28,25,21,34,28,28,16
25,Chris Olave,WR11,NO,26.0,26,30,24,24,25,27,26
26,Malik Nabers,WR12,NYG,26.8,22,26,33,25,22,30,25
27,Jeremiyah Love,RB13,ARI,27.8,28,28,19,28,30,33,29
28,Rashee Rice,WR13,KC,28.5,25,29,25,39,27,23,28
29,Kyren Williams,RB14,LAR,29.0,31,27,32,27,29,26,33
30,Josh Allen,QB1,BUF,29.2,39,21,26,35,37,19,37
31,DeVonta Smith,WR14,PHI,30.2,31,33,34,26,26,31,31
32,Javonte Williams,RB15,DAL,30.7,31,32,31,29,31,29,32
33,Breece Hall,RB16,NYJ,32.5,30,34,30,30,32,39,30
34,Zay Flowers,WR15,BAL,35.3,34,41,37,32,33,34,35
35,Tee Higgins,WR16,CIN,36.8,35,35,41,31,35,37,42
36,Colston Loveland,TE3,CHI,37.3,40,39,42,38,43,40,22
37,Ladd McConkey,WR17,LAC,37.5,38,36,40,41,34,38,36
38,Travis Etienne,RB17,NO,38.2,40,43,35,40,39,32,40
39,Garrett Wilson,WR18,NYJ,38.5,41,45,29,36,38,45,38
40,Tetairoa McMillan,WR19,CAR,39.5,43,37,36,37,41,42,44
41,Emeka Egbuka,WR20,TB,40.7,40,38,38,43,40,44,41
42,Jaylen Waddle,WR21,DEN,41.0,34,44,48,33,36,46,39
43,D'Andre Swift,RB18,CHI,43.2,44,51,46,42,42,35,43
44,Cam Skattebo,RB19,NYG,43.3,46,40,45,48,46,36,45
45,Bucky Irving,RB20,TB,47.2,43,42,49,50,49,43,50
46,DJ Moore,WR22,BUF,49.2,59,53,51,45,51,48,47
47,Lamar Jackson,QB2,BAL,49.3,55,31,43,53,59,41,69
48,Tyler Warren,TE4,IND,49.5,58,49,52,46,61,55,34
49,Quinshon Judkins,RB21,CLE,49.8,47,54,39,56,54,47,49
50,David Montgomery,RB22,HOU,50.5,48,47,57,57,45,49,48
51,Luther Burden,WR23,CHI,51.2,47,56,59,44,44,58,46
52,Davante Adams,WR24,LAR,51.8,48,50,44,55,52,53,57
53,Terry McLaurin,WR25,WAS,52.5,53,55,50,47,50,57,56
54,Bhayshul Tuten,RB23,JAX,53.2,49,61,47,58,48,54,51
55,Jameson Williams,WR26,DET,53.3,50,60,53,49,47,56,55
56,Jadarian Price,RB24,SEA,56.8,51,62,58,59,57,52,53
57,Rome Odunze,WR27,CHI,57.7,55,65,54,51,58,60,58
58,Drake Maye,QB3,NE,60.2,68,48,56,61,67,51,78
59,Christian Watson,WR28,GB,60.8,57,68,74,52,56,61,54
60,Mike Evans,WR29,SF,62.2,61,63,62,60,55,71,62
61,Parker Washington,WR30,JAX,62.5,63,73,76,54,53,67,52
62,TreVeyon Henderson,RB25,NE,63.0,64,59,60,65,62,69,63
63,Joe Burrow,QB4,CIN,63.5,69,52,64,64,68,50,83
64,Rhamondre Stevenson,RB26,NE,66.8,63,78,65,62,65,66,65
65,Marvin Harrison,WR31,ARI,68.2,63,76,63,68,64,68,70
66,Jayden Daniels,QB5,WAS,70.8,72,66,55,67,71,64,102
67,Sam LaPorta,TE5,DET,71.0,86,57,78,70,92,65,64
68,Jalen Hurts,QB6,PHI,71.0,81,58,66,63,72,62,105
69,Tucker Kraft,TE6,GB,71.2,77,64,92,66,76,70,59
70,Carnell Tate,WR32,TEN,71.3,59,69,61,74,63,89,72
71,Jaylen Warren,RB27,PIT,71.5,64,71,77,69,69,75,68
72,Harold Fannin,TE7,CLE,75.0,94,72,69,78,107,63,61
73,Kyle Pitts,TE8,ATL,75.2,94,67,70,79,101,74,60
74,Josh Jacobs,RB28,GB,76.3,114,46,81,126,60,79,66
75,Tony Pollard,RB29,TEN,76.3,78,84,68,81,78,72,75
76,DK Metcalf,WR33,PIT,77.5,85,75,71,76,73,90,80
77,Brian Thomas,WR34,JAX,78.3,60,74,97,73,66,84,76
78,Caleb Williams,QB7,CHI,80.7,77,70,87,72,74,73,108
79,Jonathon Brooks,RB30,CAR,81.3,76,99,83,77,75,87,67
80,Dak Prescott,QB8,DAL,81.7,96,77,75,83,81,59,115
81,Rico Dowdle,RB31,PIT,82.2,84,86,88,86,80,76,77
82,George Kittle,TE9,SF,83.3,96,82,72,87,111,77,71
83,Courtland Sutton,WR35,DEN,83.7,89,81,73,100,82,78,88
84,Chris Godwin,WR36,TB,86.5,76,93,104,82,79,88,73
85,Justin Herbert,QB9,LAC,87.0,93,83,84,75,84,82,114
86,Michael Wilson,WR37,ARI,90.0,92,87,85,90,91,97,90
87,J.K. Dobbins,RB32,DEN,92.0,87,92,100,85,97,86,92
88,Alec Pierce,WR38,IND,93.2,93,97,90,96,94,81,101
89,Trevor Lawrence,QB10,JAX,93.5,88,102,95,80,88,80,116
90,Chuba Hubbard,RB33,CAR,94.2,91,79,93,84,102,107,100
91,MarShawn Lloyd,RB34,GB,94.2,83,138,86,71,89,85,96
92,RJ Harvey,RB35,DEN,94.7,87,80,108,108,90,95,87
93,Blake Corum,RB36,LAR,94.7,97,100,111,92,85,101,79
94,Quentin Johnston,WR39,LAC,94.8,84,112,117,89,70,92,89
95,Michael Pittman,WR40,PIT,97.3,82,104,67,104,103,113,93
96,Kenneth Gainwell,RB37,TB,98.8,109,111,79,111,110,98,84
97,Stefon Diggs,WR41,WAS,100.5,89,107,89,97,95,111,104
98,Jordan Addison,WR42,MIN,101.7,83,101,105,95,87,109,113
99,Josh Downs,WR43,IND,101.7,97,114,106,88,86,122,94
100,Jordan Mason,RB38,MIN,102.2,92,109,129,103,93,93,86
101,Travis Kelce,TE10,KC,102.7,127,90,102,118,125,100,81
102,Jayden Reed,WR44,GB,103.0,107,108,119,94,77,123,97
103,Jacory Croskey-Merritt,RB39,WAS,103.2,93,115,118,91,98,102,95
104,Makai Lemon,WR45,PHI,105.2,83,91,115,102,83,128,112
105,Isaiah Likely,TE11,NYG,105.5,136,106,116,120,126,91,74
106,Dalton Kincaid,TE12,BUF,106.5,132,88,126,106,120,117,82
107,Dallas Goedert,TE13,PHI,106.7,132,119,107,116,130,83,85
108,Jaxson Dart,QB11,NYG,107.0,112,96,80,107,109,110,140
109,Wan'Dale Robinson,WR46,TEN,108.0,99,121,82,109,119,114,103
110,Kyle Monangai,RB40,CHI,109.0,109,105,101,110,115,112,111
111,De'Zhaun Stribling,WR47,SF,109.7,104,139,121,93,99,115,91
112,Brock Purdy,QB12,SF,109.8,108,122,98,101,104,99,135
113,Matthew Golden,WR48,GB,110.5,100,125,103,99,96,131,109
114,KC Concepcion,WR49,CLE,111.8,98,120,133,98,105,116,99
115,Matthew Stafford,QB13,LAR,112.7,117,94,113,115,114,94,146
116,Patrick Mahomes,QB14,KC,114.5,113,110,109,122,100,103,143
117,Bo Nix,QB15,DEN,116.8,110,116,112,105,106,120,142
118,Rachaad White,RB41,WAS,117.5,100,134,99,114,121,127,110
119,Aaron Jones,RB42,MIN,118.5,121,127,96,123,127,121,117
120,Jake Ferguson,TE14,DAL,120.0,131,98,114,146,139,125,98
121,Jakobi Meyers,WR50,JAX,121.8,123,129,94,127,123,130,128
122,Mark Andrews,TE15,BAL,124.0,139,126,120,135,138,119,106
123,Jared Goff,QB16,DET,125.0,119,131,131,117,112,108,151
124,Romeo Doubs,WR51,NE,125.5,123,132,124,121,118,132,126
125,Brandon Aubrey,K1,DAL,127.0,,89,154,153,,106,133
126,Houston Texans,DEF1,HOU,127.0,,95,136,150,,,
127,Xavier Worthy,WR52,KC,127.3,111,135,123,131,108,140,127
128,Chris Rodriguez,RB43,JAX,129.2,128,141,142,112,122,139,119
129,Jalen Coker,WR53,CAR,131.3,126,148,125,113,128,142,132
130,Mike Washington Jr.,RB44,LV,132.0,128,140,147,128,132,124,121
131,Kyler Murray,QB17,MIN,133.8,121,151,122,119,117,138,156
132,Jordyn Tyson,WR54,NO,134.0,109,113,170,129,113,157,122
133,Deebo Samuel,WR55,SF,134.2,116,130,130,154,131,129,131
134,Woody Marks,RB45,HOU,134.5,134,147,132,130,137,136,125
135,Khalil Shakir,WR56,BUF,138.2,140,145,110,139,133,161,141
136,Denver Broncos,DEF2,DEN,139.3,,117,138,163,,,
137,Juwan Johnson,TE16,NO,140.5,146,177,144,134,140,141,107
138,Tyler Allgeier,RB46,ARI,140.8,142,144,146,136,141,149,129
139,Los Angeles Rams,DEF3,LAR,141.3,,85,184,155,,,
140,Baker Mayfield,QB18,TB,141.5,133,143,140,137,124,137,168
141,Jonah Coleman,RB47,DEN,143.0,134,166,139,141,142,150,120
142,Rashid Shaheed,WR57,SEA,145.2,140,149,163,132,135,148,144
143,Tyjae Spears,RB48,TEN,145.3,167,165,127,140,153,151,136
144,Jordan Love,QB19,GB,145.5,138,162,160,125,116,144,166
145,Zach Charbonnet,RB49,SEA,147.8,178,153,137,148,166,145,138
146,Keaton Mitchell,RB50,LAC,148.8,145,184,151,124,136,174,124
147,Seattle Seahawks,DEF4,SEA,150.3,,103,183,165,,,
148,Tyler Shough,QB20,NO,150.3,146,183,128,143,129,155,164
149,Hunter Henry,TE17,NE,151.0,162,142,149,166,155,160,134
150,Ka'imi Fairbairn,K2,HOU,153.4,,128,157,168,,133,181
151,Jason Myers,K3,SEA,155.4,,124,156,188,,126,183
152,Cameron Dicker,K4,LAC,156.4,,118,155,178,,146,185
153,Tank Bigsby,RB51,PHI,157.7,146,181,174,138,151,163,139
154,Denzel Boston,WR58,CLE,157.8,127,171,164,144,147,173,148
155,Brenton Strange,TE18,JAX,158.5,155,161,198,174,152,143,123
156,Philadelphia Eagles,DEF5,PHI,159.7,,123,186,170,,,
157,Malik Willis,QB21,MIA,163.3,145,209,169,133,134,164,171
158,Tre Tucker,WR59,LV,163.7,161,203,171,142,146,162,158
159,Terrance Ferguson,TE19,LAR,164.3,173,207,162,151,150,198,118
160,Ja'Kobi Lane,WR60,BAL,164.5,160,160,201,161,145,167,153
161,Dontayvion Wicks,WR61,PHI,164.5,212,,177,152,156,,173
162,Dalton Schultz,TE20,HOU,165.2,167,179,210,149,157,159,137
163,Dylan Sampson,RB52,CLE,166.8,166,189,148,173,165,176,150
164,Baltimore Ravens,DEF6,BAL,167.3,,136,185,181,,,
165,Jalen McMillan,WR62,TB,167.6,155,210,134,160,162,,172
166,Brian Robinson,RB53,ATL,169.3,166,172,161,162,176,184,161
167,Travis Hunter,WR63,JAX,169.4,136,168,91,187,174,,227
168,Chig Okonkwo,TE21,WAS,169.4,158,191,219,158,149,,130
169,Keenan Allen,WR64,IND,169.8,135,201,152,147,154,185,180
170,Sam Darnold,QB22,SEA,171.2,161,163,203,156,144,152,209
171,Daniel Jones,QB23,IND,171.5,164,202,143,167,143,168,206
172,Cam Little,K5,JAX,173.2,,133,193,194,,154,192
173,T.J. Hockenson,TE22,MIN,173.7,171,164,150,215,169,199,145
174,New England Patriots,DEF7,NE,175.0,,137,188,200,,,
175,Kaelon Black,RB54,SF,175.5,181,195,200,169,171,166,152
176,Alvin Kamara,RB55,NO,175.8,191,167,145,191,202,181,169
177,Braelon Allen,RB56,NYJ,176.8,191,208,173,164,181,178,157
178,Kenyon Sadiq,TE23,NYJ,177.5,172,173,175,195,178,189,155
179,Pittsburgh Steelers,DEF8,PIT,178.3,,154,182,199,,,
180,Adonai Mitchell,WR65,NYJ,181.0,205,256,167,145,163,,174
181,Jalen Nailor,WR66,LV,181.5,179,182,172,186,160,214,175
182,Emmett Johnson,RB57,KC,181.8,159,206,241,157,159,179,149
183,Ray Davis,RB58,BUF,182.8,191,228,180,159,187,,160
184,Caleb Douglas,WR67,MIA,186.0,176,199,168,179,180,204,186
185,Isiah Pacheco,RB59,DET,188.0,176,192,141,197,231,169,198
186,AJ Barner,TE24,SEA,188.5,180,187,220,183,173,201,167
187,Jerry Jeudy,WR68,CLE,188.8,200,186,165,196,201,175,210
188,C.J. Stroud,QB24,HOU,189.0,160,204,202,175,148,171,234
189,Kayshon Boutte,WR69,HOU,189.3,163,197,213,177,164,191,194
190,Malik Washington,WR70,MIA,189.6,185,175,214,208,175,,176
191,Harrison Mevis,K6,LAR,190.8,,156,158,252,,187,201
192,Jake Bates,K7,DET,192.4,,146,194,235,,172,215
193,Eddy Pineiro,K8,SF,194.2,,188,159,220,,188,216
194,Detroit Lions,DEF9,DET,194.7,,158,189,237,,,
195,Tyrone Tracy,RB60,NYG,195.2,185,174,246,232,191,158,170
196,Tre Harris,WR71,LAC,195.8,177,253,207,184,158,,177
197,Los Angeles Chargers,DEF10,LAC,197.7,,169,191,233,,,
198,Omar Cooper Jr.,WR72,NYJ,199.0,161,193,212,192,179,,219
199,Ryan Flournoy,WR73,DAL,199.4,192,254,208,172,170,,193
200,Will Reichard,K9,MIN,200.4,,170,197,211,,203,221
201,Najee Harris,RB61,NYG,200.6,184,224,181,201,194,,203
202,Malik Davis,RB62,DAL,200.8,198,,228,176,185,,214
203,Tyler Loop,K10,BAL,202.0,,176,195,202,,211,226
204,Jacksonville Jaguars,DEF11,JAX,203.3,,157,255,198,,,
205,Samaje Perine,RB63,CIN,204.0,221,,153,230,213,,220
206,Pat Bryant,WR74,DEN,205.4,212,237,263,171,172,,184
207,Malachi Fields,WR75,NYG,206.8,205,220,205,225,182,,202
208,Jauan Jennings,WR76,MIN,207.2,202,213,204,207,184,212,223
209,Tank Dell,WR77,HOU,207.4,192,190,135,262,222,,228
210,Greg Dulcich,TE25,MIA,208.3,208,249,259,193,190,200,159
211,Oronde Gadsden,TE26,LAC,208.4,181,150,291,217,206,,178
212,Jaylin Noel,WR78,HOU,208.4,221,215,179,190,200,,258
213,Cyrus Allen,WR79,KC,211.2,191,178,369,180,167,,162
214,Harrison Butker,K11,KC,211.4,,159,192,277,,186,243
215,Justice Hill,RB64,BAL,213.5,229,,199,246,219,,190
216,Minnesota Vikings,DEF12,MIN,214.3,,155,299,189,,,
217,Cam Ward,QB25,TEN,215.4,167,250,222,185,161,,259
218,Zachariah Branch,WR80,ATL,216.6,200,211,211,212,205,,244
219,Bryce Young,QB26,CAR,217.0,173,235,221,182,168,,279
220,George Holani,RB65,SEA,217.5,224,,245,219,209,,197
221,Kansas City Chiefs,DEF13,KC,218.3,,226,190,239,,,
222,Evan McPherson,K12,CIN,219.4,,180,257,221,,190,249
223,Devaughn Vele,WR81,NO,219.4,224,303,178,205,186,,225
224,Kimani Vidal,RB66,LAC,220.0,203,290,215,213,203,,179
225,Cairo Santos,K13,CHI,222.0,,231,196,218,,202,263
226,Pat Freiermuth,TE27,PIT,222.0,207,304,209,216,193,,188
227,Cade Otton,TE28,TB,222.3,211,270,261,223,189,195,196
228,Seth McGowan,RB67,IND,223.5,223,,248,224,214,,208
229,Kaleb Johnson,RB68,GB,224.6,172,216,266,210,198,,233
230,Nicholas Singleton,RB69,TEN,225.8,184,236,267,204,218,,204
231,Cooper Kupp,WR82,SEA,226.2,233,198,226,263,215,209,246
232,Chris Bell,WR83,MIA,226.4,192,309,233,206,177,,207
233,Rashod Bateman,WR84,BAL,226.6,231,266,176,222,212,,257
234,Green Bay Packers,DEF14,GB,227.7,,205,238,240,,,
235,Gunnar Helm,TE29,TEN,227.8,199,271,218,264,199,,187
236,Fernando Mendoza,QB27,LV,230.4,218,185,269,214,196,,288
237,Chris Boswell,K14,PIT,231.3,,152,239,270,,,264
238,Jordan James,RB70,SF,231.4,222,,249,242,246,208,212
239,Kyle Williams,WR85,,233.0,227,,,,233,,
240,Chase McLaughlin,K15,TB,234.0,,222,240,269,,210,229
241,Chris Brooks,RB71,GB,234.0,177,,225,244,232,,235
242,Calvin Ridley,WR86,TEN,235.5,195,369,166,251,195,193,239
243,Germie Bernard,WR87,PIT,237.4,198,251,206,266,204,,260
244,Darren Waller,TE30,CAR,238.8,247,,260,248,211,,236
245,Dallas Cowboys,DEF15,DAL,241.0,,200,297,226,,,
246,Isaac TeSlaa,WR88,DET,243.2,205,238,262,254,208,,254
247,Jacoby Brissett,QB28,ARI,245.4,200,328,223,209,197,,270
248,Dan Light,TE31,,246.0,,246,,,,,
249,Ted Hurst,WR89,TB,247.4,216,302,284,241,192,,218
250,Antonio Williams,WR90,WAS,248.0,191,278,236,238,226,,262
251,Kaytron Allen,RB72,WAS,248.8,191,301,280,227,237,,199
252,Aaron Rodgers,QB29,PIT,249.8,198,245,270,249,183,,302
253,Trey Smack,K16,GB,250.8,,196,287,265,,,255
254,Demond Claiborne,RB73,MIN,251.2,210,323,278,203,239,,213
255,Geno Smith,QB30,NYJ,251.3,210,,268,245,188,,304
256,Kylin Hill,RB74,,252.0,,252,,,,,
257,San Francisco 49ers,DEF16,SF,253.3,,214,286,260,,,
258,Tyquan Thornton,WR91,KC,253.5,227,,253,231,225,,305
259,David Njoku,TE32,LAC,254.2,198,225,290,315,224,,217
260,Kendre Miller,RB75,NO,255.6,227,232,276,228,271,,271
261,Evan Engram,TE33,DEN,255.8,234,,289,286,217,,231
262,Jahan Dotson,WR92,ATL,256.8,293,,230,234,249,,314
263,Braylon Bell,WR93,,257.0,,257,,,,,
264,Chase Litton,QB31,,258.0,,258,,,,,
265,Tampa Bay Buccaneers,DEF17,TB,258.3,,265,237,273,,,
266,Devin Gardner,WR94,,259.0,,259,,,,,
267,Jaylen Wright,RB76,MIA,259.4,242,349,216,255,245,,232
268,Chris Tyree,WR95,,260.0,,260,,,,,
269,DeMario Douglas,WR96,NE,260.3,279,,234,293,223,,291
270,Sean Tucker,RB77,TB,260.6,199,330,247,253,236,,237
271,Josh Reese,WR97,,261.0,,261,,,,,
272,Matt Lengel,TE34,,262.0,,262,,,,,
273,Michael Mayer,TE35,LV,262.0,255,,293,288,229,,238
274,Keon Coleman,WR98,BUF,263.4,217,274,254,275,220,,294
275,Indianapolis Colts,DEF18,IND,263.7,,221,298,272,,,
276,Eli Stowers,TE36,,265.0,,,,,265,,
277,Dennis Parks,WR99,,267.0,,267,,,,,
278,Andy Borregales,K17,NE,267.3,,194,350,284,,,241
279,Jazz Ferguson,WR100,,268.0,,268,,,,,
280,Michael Penix,QB32,ATL,268.4,235,240,310,250,207,,335
281,James Conner,RB78,ARI,270.0,222,255,308,271,266,,250
282,Dalton Sturm,QB33,,272.0,,272,,,,,
283,Jack Bech,WR101,LV,272.0,220,294,274,236,264,,292
284,Gannon Sinclair,TE37,,273.0,,273,,,,,
285,Eli Raridon,TE38,NE,273.8,232,,333,274,243,,245
286,Buffalo Bills,DEF19,BUF,275.0,,218,364,243,,,
287,Xavier Hutchinson,WR102,HOU,275.5,320,,231,295,267,,309
288,Ollie Gordon II,RB79,MIA,276.5,216,,217,285,326,,278
289,David White,WR103,,277.0,,277,,,,,
290,Charlie Kolar,TE39,LAC,277.0,222,,391,259,210,,248
291,Colby Parkinson,TE40,LAR,277.2,238,364,312,247,221,,242
292,Tory Horton,WR104,SEA,278.8,227,244,275,297,253,,325
293,Mason Taylor,TE41,NYJ,279.0,251,230,324,314,251,,276
294,Mike Gesicki,TE42,CIN,279.3,230,,292,313,230,,282
295,Jake Tonges,TE43,SF,279.4,245,315,311,300,247,,224
296,Cody Chrest,WR105,,280.0,,280,,,,,
297,Peter LeBlanc,WR106,,281.0,,281,,,,,
298,Adam Randall,RB80,BAL,281.3,229,,307,256,297,,265
299,Ray Hamilton,TE44,,282.0,,282,,,,,
300,Brashard Smith,RB81,KC,283.0,214,234,227,335,309,,310
301,LeQuint Allen,RB82,JAX,283.3,251,,244,320,296,,273
302,Xavier Legette,WR107,CAR,285.5,237,,229,268,260,,385
303,Isaiah Davis,RB83,NYJ,285.8,232,,242,279,301,,321
304,Marcus Major,RB84,,286.0,,286,,,,,
305,Wil Lutz,K18,DEN,286.4,,370,346,229,,213,274
306,Cayleb Jones,WR108,,288.0,,288,,,,,
307,Deshaun Watson,QB34,CLE,288.3,241,,271,306,248,,328
308,Emari Demercado,RB85,DAL,288.8,287,,252,343,291,,269
309,Josh Magee,WR109,,289.0,,289,,,,,
310,Chicago Bears,DEF20,CHI,289.3,,219,359,290,,,
311,Cincinnati Bengals,DEF21,CIN,290.3,,314,300,257,,,
312,Ty Johnson,RB86,BUF,290.5,224,,224,333,289,,316
313,Albert Wilson,WR110,,291.0,,291,,,,,
314,Elijah Arroyo,TE45,SEA,291.5,268,,323,312,263,,268
315,Chris Warren,RB87,,292.0,,292,,,,,
316,Andrei Iosivas,WR111,CIN,292.5,232,,265,321,240,,344
317,Darnell Mooney,WR112,NYG,293.0,182,355,294,261,254,,301
318,Erick All,TE46,CIN,293.0,,,313,317,259,,283
319,Emanuel Wilson,RB88,SEA,293.2,233,360,251,258,313,,284
320,New Orleans Saints,DEF22,NO,293.7,,336,256,289,,,
321,Carson Beck,QB35,ARI,295.3,248,,316,318,252,,
322,Darius Slayton,WR113,,295.8,215,,235,298,288,,362
323,Kirk Cousins,QB36,LV,296.5,239,,302,308,227,,349
324,Cleveland Browns,DEF23,CLE,297.7,,404,187,302,,,
325,Shedeur Sanders,QB37,CLE,297.8,241,283,301,305,235,,365
326,Atlanta Falcons,DEF24,ATL,298.3,,241,363,291,,,
327,Marvin Mims,WR114,DEN,298.4,284,223,264,337,295,,373
328,Sewo Olonilua,RB89,,299.0,,299,,,,,
329,Darnell Washington,TE47,PIT,299.3,246,,314,311,250,,322
330,Tua Tagovailoa,QB38,ATL,299.6,231,284,296,294,255,,369
331,Thomas Ives,WR115,CHI,300.0,,300,,,,,
332,Tahj Brooks,RB90,CIN,300.0,292,,277,281,308,,334
333,Bryce Lance,WR116,NO,300.3,224,,381,287,256,,277
334,Eli Stowers,TE48,PHI,302.5,216,297,329,304,,,280
335,Sione Vaki,RB91,DET,303.5,,,282,328,293,,311
336,Blake Grupe,K19,NYJ,304.3,,,357,371,,183,306
337,Troy Franklin,WR117,DEN,304.4,209,318,371,299,238,,296
338,Jamel Johnson,WR118,,305.0,,305,,,,,
339,Kyle Williams,WR119,NE,306.0,289,227,370,329,,,298
340,Kasey Closs,WR120,,306.0,,306,,,,,
341,DJ Giddens,RB92,IND,306.8,235,,281,282,364,,300
342,New York Giants,DEF25,NYG,307.0,,296,358,267,,,
343,Wyatt Houston,TE49,CAR,307.0,,307,,,,,
344,Theo Johnson,TE50,NYG,308.8,249,264,325,334,278,,343
345,KaVontae Turpin,WR121,DAL,309.3,323,,273,387,268,,
346,Ezell Ruffin,WR122,,310.0,,310,,,,,
347,Skyler Bell,WR123,BUF,310.5,228,,396,309,234,,303
348,Garett Maag,WR124,,311.0,,311,,,,,
349,Zavion Thomas,WR125,CHI,312.0,277,,390,345,216,,297
350,Tony Jones,WR126,,313.0,,313,,,,,
351,Joshua Palmer,WR127,BUF,313.7,253,,372,292,277,,
352,Malik Benson,WR128,LV,314.8,,,368,296,280,,315
353,Cade Klubnik,QB39,,315.0,,,,,315,,
354,Jake Elliott,K20,PHI,316.3,,217,344,347,,,357
355,Elijah Sarratt,WR129,BAL,317.4,213,247,411,301,257,,371
356,Adam Humphries,WR130,,320.0,,320,,,,,
357,Cole Kmet,TE51,CHI,320.0,270,,326,372,262,,320
358,Anthony Dable,WR131,,321.0,,321,,,,,
359,Dawson Knox,TE52,BUF,321.5,270,,322,362,261,,341
360,Treylon Burks,WR132,WAS,322.7,282,,376,278,314,,
361,Jalen Tolbert,WR133,MIA,323.5,281,,232,410,276,,376
362,Dorian Baker,WR134,,326.0,,326,,,,,
363,Gehrig Dieter,WR135,,327.0,,327,,,,,
364,Chimere Dike,WR136,TEN,327.2,220,248,387,322,290,,389
365,Justin Fields,QB40,KC,327.3,262,,317,355,310,,
366,Spencer Shrader,K21,IND,328.6,,549,288,354,,180,272
367,Kendrick Bourne,WR137,ARI,331.7,297,,373,348,274,,
368,Jalen Jackson,RB93,,332.0,,332,,,,,
369,Elic Ayomanor,WR138,TEN,332.8,214,316,414,323,281,,330
370,Jalen Sample,WR139,,333.0,,333,,,,,
371,Brenen Thompson,WR140,LAC,333.3,312,,406,310,286,,331
372,Mack Hollins,WR141,NE,333.8,243,,295,361,311,,368
373,Anthony Grant,RB94,,337.0,,337,,,,,
374,Rashard Davis,WR142,,339.0,,339,,,,,
375,Roschon Johnson,RB95,CHI,339.3,177,,543,280,244,,290
376,Colbie Young,WR143,CIN,339.8,,,401,339,282,,337
377,Chris Swain,RB96,,340.0,,340,,,,,
378,Zonovan Knight,RB97,ARI,340.0,349,,303,377,,,
379,Dimitri Stanley,WR144,,341.0,,341,,,,,
380,Tyler Higbee,TE53,LAR,341.5,304,,330,358,331,,347
381,Mason Schreck,TE54,,343.0,,343,,,,,
382,Hollywood Brown,WR145,PHI,343.3,239,,395,349,279,,350
383,Tanner Gentry,WR146,,344.0,,344,,,,,
384,Jonnu Smith,TE55,GB,344.5,,,384,360,275,,359
385,D.J. Foster,RB98,,345.0,,345,,,,,
386,Marlin Klein,TE56,HOU,345.8,,,460,307,292,,324
387,J.J. McCarthy,QB41,MIN,346.0,259,229,315,398,411,,377
388,Kalija Lipscomb,WR147,,346.0,,346,,,,,
389,Carolina Panthers,DEF26,CAR,346.7,,295,361,384,,,
390,Noah Gray,TE57,KC,347.0,283,,328,421,294,,345
391,Kalif Raymond,WR148,CHI,348.0,324,,374,350,272,,396
392,Joe Flacco,QB42,CIN,348.3,325,,318,390,337,,
393,Roman Wilson,WR149,PIT,348.7,337,,402,346,298,,
394,Mac Jones,QB43,SF,349.3,259,,319,413,316,,
395,Jarveon Howard,RB99,,350.0,,350,,,,,
396,Michael Walker,WR150,,351.0,,351,,,,,
397,Savion Williams,WR151,GB,351.3,317,,383,344,327,,
398,Isaiah Bond,WR152,CLE,352.0,273,,392,336,328,,
399,Noah Fant,TE58,NO,352.7,293,,386,366,306,,
400,Kenjon Barner,RB100,,353.0,,353,,,,,
401,Lincoln Sefcik,TE59,,354.0,,354,,,,,
402,Oscar Delp,TE60,NO,354.0,272,,431,327,312,,346
403,Malik Taylor,WR153,,354.0,,,,,354,,
404,Christian Kirk,WR154,SF,354.4,221,317,509,331,307,,308
405,Luke Sellers,RB101,,356.0,,356,,,,,
406,Connor Harris,RB102,,358.0,,358,,,,,
407,Devin Singletary,RB103,NYG,358.3,198,,508,276,317,,332
408,Tyreek Hill,WR155,,358.4,247,233,684,352,242,,281
409,Tennessee Titans,DEF27,TEN,358.7,,413,360,303,,,
410,Rodney Anderson,RB104,,359.0,,359,,,,,
411,Demarcus Robinson,WR156,SF,359.3,340,,423,418,270,,326
412,Nick Folk,K22,ATL,360.3,,435,258,374,,,374
413,Joel Bouagnon,RB105,,362.0,,362,,,,,
414,Luke McCaffrey,WR157,WAS,363.3,218,,427,325,338,,
415,Joe Williams,RB106,,365.0,,365,,,,,
416,Josh Adams,RB107,,366.0,,366,,,,,
417,Daniel Carlson,K23,NO,366.0,,,345,417,,,336
418,Devontez Walker,WR158,BAL,366.8,331,,378,400,299,,390
419,Marquez Stevenson,WR159,,367.0,,367,,,,,
420,Tez Johnson,WR160,TB,367.7,223,,417,401,285,,
421,Omar Bayless,WR161,,368.0,,368,,,,,
422,Trey Benson,RB108,ARI,368.8,246,374,321,405,391,,353
423,Ashton Dulin,WR162,IND,370.7,327,,398,316,398,,
424,Brandon Aiyuk,WR163,SF,370.8,238,363,516,340,302,,333
425,Gabe Marks,WR164,,371.0,,371,,,,,
426,Tommy Tremble,TE61,CAR,371.0,,,379,404,330,,
427,Olamide Zaccheaus,WR165,ATL,371.7,246,,397,393,325,,
428,Devine Redding,RB109,,372.0,,372,,,,,
429,Des Lawrence,WR166,,373.0,,373,,,,,
430,Max Klare,TE62,LAR,374.4,228,352,331,494,366,,329
431,Matt Gay,K24,LV,374.7,,397,352,375,,,
432,Josh Oliver,TE63,MIN,376.3,,,388,378,363,,
433,Tutu Atwell,WR167,LAR,376.8,299,,400,437,273,,397
434,Marquis Young,RB110,,377.0,,377,,,,,
435,Justin Sumpter,WR168,,379.0,,379,,,,,
436,Jake Waters,QB44,,380.0,,380,,,,,
437,Devin Neal,RB111,,380.8,243,212,586,319,436,,351
438,Geremy Davis,WR169,,381.0,,381,,,,,
439,Riley Patterson,K25,MIA,381.3,,405,351,388,,,
440,RJ Maryland,TE64,GB,382.0,,312,,452,,,
441,Jordan Leggett,TE65,,382.0,,382,,,,,
442,Matt Seybert,TE66,,383.0,,383,,,,,
443,Jeremy Cox,RB112,,385.0,,385,,,,,
444,Tyree Mayfield,TE67,,387.0,,387,,,,,
445,Washington Commanders,DEF28,WAS,387.0,,,362,412,,,
446,Carson Meier,TE68,,388.0,,388,,,,,
447,Jahdae Walker,WR170,CHI,388.8,,,464,424,283,,384
448,Charlie Taumoepeau,TE69,,389.0,,389,,,,,
449,Daniel Bellinger,TE70,TEN,389.7,,,408,402,359,,
450,Jalen Hurd,WR171,,390.0,,390,,,,,
451,Reggie White,WR172,,391.0,,391,,,,,
452,Amir Carlisle,WR173,,392.0,,392,,,,,
453,Matt Colburn,RB113,,393.0,,393,,,,,
454,Kevin Coleman Jr.,WR174,MIA,393.8,321,,272,575,361,,367
455,Kareem Hunt,RB114,,395.3,300,,695,330,269,,287
456,Audric Estime,RB115,NO,395.4,296,287,562,373,369,,386
457,John Metchie,WR175,CAR,395.8,,,530,407,357,,289
458,Trayone Gray,RB116,,396.0,,396,,,,,
459,Ja'Tavion Sanders,TE71,CAR,396.3,276,,327,399,463,,
460,Arizona Cardinals,DEF29,ARI,396.7,,416,366,408,,,
461,KeAndre Lambert-Smith,WR176,LAC,398.5,,,429,,368,,
462,Miami Dolphins,DEF30,MIA,399.0,,451,367,379,,,
463,Trenton Cannon,RB117,,400.0,,400,,,,,
464,Dyami Brown,WR177,WAS,400.7,338,,375,450,377,,
465,C.J. Daniels,WR178,LAR,400.8,,,604,341,303,,355
466,John Harris,WR179,,401.0,,401,,,,,
467,DaVaris Daniels,WR180,,402.0,,402,,,,,
468,Elijah Higgins,WR181,ARI,402.0,,,382,429,395,,
469,Jaydon Blue,RB118,PHI,402.6,228,243,975,332,241,,222
470,James Quick,WR182,,403.0,,403,,,,,
471,Las Vegas Raiders,DEF31,LV,403.3,,426,365,419,,,
472,Sage Surratt,TE72,,405.5,,378,,,433,,
473,Cameron Posey,WR183,,406.0,,406,,,,,
474,Ben Sinnott,TE73,WAS,406.8,,,409,426,404,,388
475,Devin Gray,WR184,,407.0,,407,,,,,
476,Jeremiah Hall,TE74,,408.0,,408,,,,,
477,Kendrick Rogers,WR185,,410.0,,410,,,,,
478,Raheim Sanders,RB119,CLE,411.7,350,,590,326,319,,
479,Chad Ryland,K26,ARI,412.0,,511,355,370,,,
480,Joey Slye,K27,TEN,412.3,,515,354,368,,,
481,Andrew Price,TE75,,414.0,,414,,,,,
482,Derrick Johnson,WR186,,415.0,,415,,,,,
483,Jake Wieneke,WR187,,417.0,,417,,,,,
484,Stephen Houston,RB120,,419.0,,419,,,,,
485,Alonzo Moore,WR188,,420.0,,420,,,,,
486,Trevor Etienne,RB121,CAR,421.0,264,,574,324,365,,
487,Ka'Raun White,WR189,,422.0,,422,,,,,
488,Sam Roush,TE76,CHI,422.0,,,463,471,332,,
489,Drew Morgan,WR190,,423.0,,423,,,,,
490,Justin Marshall,WR191,,424.0,,424,,,,,
491,Barion Brown,WR192,NO,424.0,,,419,627,284,,366
492,Keytaon Thompson,WR193,,425.0,,425,,,,,
493,Nate Boerkircher,TE77,JAX,425.0,,,426,479,370,,
494,Andre Lindsey,WR194,,427.0,,427,,,,,
495,Ricky Jeune,WR195,,428.0,,428,,,,,
496,Odell Beckham,WR196,NYG,428.3,,,413,730,258,,312
497,Drew Sample,TE78,CIN,428.3,,,332,551,402,,
498,Jayden Higgins,WR197,HOU,429.4,,242,573,363,718,,251
499,Darreus Rogers,WR198,,430.0,,430,,,,,
500,Andre Szmyt,K28,CLE,430.7,,501,356,435,,,
501,Zac Brooks,RB122,,432.0,,432,,,,,
502,Ryan Fitzgerald,K29,CAR,432.7,,506,353,439,,,
503,Phazahn Odom,TE79,,433.0,,433,,,,,
504,Mike Estes,TE80,,434.0,,434,,,,,
505,Carson Wentz,QB45,MIN,434.0,,,511,364,427,,
506,Austin Hooper,TE81,ATL,434.2,,630,380,380,394,,387
507,Spencer Rattler,QB46,NO,436.0,,,459,442,407,,
508,Aaron Bailey,QB47,BAL,437.0,,437,,,,,
509,Antonio Nunn,WR199,,439.0,,439,,,,,
510,Jaleel Scott,WR200,,440.0,,440,,,,,
511,Steven Mitchell,WR201,,441.0,,441,,,,,
512,Lenard Tillery,RB123,,442.0,,442,,,,,
513,Will Kacmarek,TE82,MIA,442.3,,,385,525,448,,411
514,John Hall,WR202,,443.0,,443,,,,,
515,Eli Heidenreich,RB124,PIT,443.3,311,,309,747,342,,375
516,Zach Ertz,TE83,,443.5,,,717,353,322,,382
517,Marcus Mariota,QB48,WAS,443.7,305,,340,535,456,,
518,Tanner Koziol,TE84,JAX,444.3,,,453,474,406,,
519,Trevion Thompson,WR203,,446.0,,446,,,,,
520,Marcus Baugh,TE85,,447.0,,447,,,,,
521,Javorius Allen,RB125,,448.0,,448,,,,,
522,Eric Rogers,WR204,,449.0,,449,,,,,
523,Jelani Woods,TE86,NYJ,450.5,,329,531,513,429,,
524,Tre Mosley,WR205,,452.0,,452,,,,,
525,Xavier Rush,WR206,,454.0,,454,,,,,
526,Dont'e Thornton,WR207,LV,454.0,,,,,454,,
527,Justin Joly,TE87,MIA,454.8,290,,606,464,358,,391
528,Tyler Hudson,WR208,,455.0,,455,,,,,
529,Jalen Royals,WR209,KC,457.3,,,428,609,335,,
530,Kai Locksley,WR210,,458.0,,458,,,,,
531,Jamal Robinson,WR211,,459.0,,459,,,,,
532,Tyler Bass,K30,BUF,459.8,,453,347,721,,,318
533,Mike Thomas,WR212,,461.0,,461,,,,,
534,Marcus Johnson,WR213,,462.0,,462,,,,,
535,Ben Wooldridge,QB49,,463.0,,463,,,,,
536,Connor Davis,TE88,,464.0,,464,,,,,
537,T.J. Vasher,WR214,,465.0,,465,,,,,
538,Josh Pearson,WR215,,466.0,,466,,,,,
539,Greg Dortch,WR216,BUF,466.3,339,,663,385,351,,
540,Travon McMillian,RB126,,467.0,,467,,,,,
541,Matthew Hibner,TE89,BAL,467.0,,,467,,,,
542,Cade Stover,TE90,HOU,467.3,,,393,560,449,,
543,Taj Williams,WR217,,468.0,,468,,,,,
544,Lil'Jordan Humphrey,WR218,DEN,468.7,,,514,420,472,,
545,Robert Burns,RB127,CHI,469.0,,469,,,,,
546,Algernon Brown,RB128,,470.0,,470,,,,,
547,John Bates,TE91,WAS,470.3,,,394,567,450,,
548,Austin Ekeler,RB129,,470.5,,,697,431,384,,370
549,Gabe Nabers,RB130,,471.0,,471,,,,,
550,New York Jets,DEF32,NYJ,471.3,,431,285,698,,,
551,De'Quan Hampton,WR219,,472.0,,472,,,,,
552,Jeremy Ruckert,TE92,NYJ,472.0,,,410,536,470,,
553,Nick Chubb,RB131,,472.7,,,686,386,346,,
554,George Campbell,WR220,,473.0,,473,,,,,
555,Mitchell Evans,TE93,CAR,473.0,,,579,423,417,,
556,Levern Jacobs,WR221,,474.0,,474,,,,,
557,Nick O'Leary,TE94,,476.0,,476,,,,,
558,Kyle Juszczyk,RB132,SF,476.8,,,377,834,333,,363
559,Cole Herdman,TE95,,477.0,,477,,,,,
560,Luke Schoonmaker,TE96,DAL,477.0,310,,404,699,400,,405
561,John Baron,K31,,478.0,,478,,,,,
562,Corey Kiner,RB133,NE,478.0,,755,589,351,323,,372
563,Jarquez Hunter,RB134,,478.2,275,308,976,342,446,,319
564,Josh Smith,WR222,,479.0,,479,,,,,
565,Luke Musgrave,TE97,GB,480.3,297,,544,440,457,,
566,Adonis Jennings,WR223,,481.0,,481,,,,,
567,Karel Hamilton,WR224,,483.0,,483,,,,,
568,Jimmy Horn Jr.,WR225,CAR,483.0,,,418,727,304,,
569,Dominique Brown,RB135,,485.0,,485,,,,,
570,Hunter Thedford,TE98,,488.0,,488,,,,,
571,John Jiles,WR226,,489.0,,334,,644,,,
572,Jordan Whittington,WR227,LAR,489.3,305,,416,825,376,,340
573,Jordan Franks,TE99,,493.0,,493,,,,,
574,Nick Williams,WR228,DEN,493.5,,325,,,662,,
575,Hamze El-Zayat,WR229,,494.0,,494,,,,,
576,Bronson Kaufusi,TE100,GB,495.0,,495,,,,,
577,JJ Galbreath,TE101,,496.0,,484,,508,,,
578,Isaiah Williams,WR230,NYJ,497.3,,,399,733,360,,
579,Marshall Lang,TE102,MIN,498.0,,,,498,,,
580,Will Shipley,RB136,PHI,498.5,298,,250,945,405,,394
581,Rasheen Ali,RB137,BAL,498.5,,,279,937,371,,407
582,Thayer Thomas,WR231,,499.5,,399,,,600,,
583,Ko Kieft,TE103,TB,499.7,,,455,530,514,,
584,Shawn Bane,WR232,,500.0,,500,,,,,
585,Ty Simpson,QB50,LAR,500.3,266,319,334,975,373,,
586,Jaylin Lane,WR233,WAS,500.3,259,,403,701,397,,
587,Charlie Smyth,K32,NO,502.3,,409,1000,283,,,317
588,Phil Mafah,RB138,,502.3,,,979,338,350,,342
589,Jordan Williams-Lambert,WR234,,503.0,,503,,,,,
590,Anthony Richardson,QB51,IND,504.7,253,,336,891,287,,
591,Jamaal Jones,WR235,,507.0,,507,,,,,
592,Darius Cooper,WR236,PHI,507.3,,,470,732,320,,
593,Amara Darboh,WR237,,508.0,,508,,,,,
594,Paul Perkins,RB139,,509.0,,509,,,,,
595,Jack Endries,TE104,CIN,510.7,,,611,503,418,,
596,Chase Roberts,WR238,,512.0,,512,,,,,
597,Cody Core,WR239,,513.0,,513,,,,,
598,Dominic Zvada,K33,NYG,513.8,,519,348,861,,,327
599,Noah Togiai,TE105,,515.0,,505,,,525,,
600,Malachi Corley,WR240,CLE,515.5,,324,437,839,462,,
601,Micah Wright,WR241,,516.0,,516,,,,,
602,Brian Walker,TE106,,517.0,,517,,,,,
603,Corbin Louks,WR242,,518.0,,518,,,,,
604,Vinny Anthony II,WR243,ATL,518.3,,,,570,607,,378
605,Coleman Owen,WR244,,518.7,,331,600,625,,,
606,Jameis Winston,QB52,NYG,518.7,303,,335,921,300,,
607,Hal Presley,WR245,,519.0,,562,,606,389,,
608,Terry Wright,WR246,,520.0,,520,,,,,
609,Damien Caffrey,TE107,,521.0,,521,,,,,
610,Kenneth Dixon,RB140,,522.0,,522,,,,,
611,Tyler Kahmann,WR247,,522.0,,,,,522,,
612,Justin Strong,RB141,,523.0,,523,,,,,
613,Josh Cameron,WR248,JAX,523.3,,,458,690,422,,
614,Jam Miller,RB142,,524.0,,,320,784,613,,379
615,Kaden Wetjen,WR249,PIT,524.0,,,490,640,442,,
616,Jeff Heuerman,TE108,,526.0,,526,,,,,
617,Breshad Perriman,WR250,,526.5,,482,,,571,,
618,Jacob Cowing,WR251,SF,527.7,,,442,798,343,,
619,Keith Towbridge,TE109,,528.0,,528,,,,,
620,Nick Kallerup,TE110,SEA,528.7,,499,596,491,,,
621,Bryce Pierre,TE111,,529.0,,,,529,,,
622,Davis Mills,QB53,HOU,529.3,,,473,835,408,,401
623,Efton Chism,WR252,NE,529.7,,,445,815,329,,
624,Dontez Byrd,WR253,,530.0,,530,,,,,
625,Marvin Hall,WR254,,530.0,,,,,530,,
626,AJ Dillon,RB143,CAR,530.5,,,517,909,383,,313
627,Landon Parker,WR255,,531.0,,,,,531,,
628,Mekale McKay,WR256,,532.0,,532,,,,,
629,Anthony Schwartz,WR257,,532.0,,,,,532,,
630,Troy Mangen,TE112,,533.0,,533,,,,,
631,Jared Pinkney,TE113,,534.0,,534,,,,,
632,Keeon Johnson,WR258,,535.0,,535,,,,,
633,Robert Lewis,WR259,,535.0,,,,,535,,
634,Reggie Virgil,WR260,ARI,536.3,,,480,638,491,,
635,Jordan Watkins,WR261,SF,536.3,,,580,680,349,,
636,Austin MacGinnis,K34,,539.0,,539,,,,,
637,David Sills,WR262,TB,539.3,,589,529,534,505,,
638,Derrick Dillon,WR263,,540.0,,540,,,,,
639,Dylan Laube,RB144,LV,540.0,,,304,1008,467,,381
640,Trey Knox,TE114,,540.0,,,,,540,,
641,Luke Deal,TE115,,541.0,,541,,,,,
642,Brevyn Spann-Ford,TE116,DAL,542.0,,,447,805,374,,
643,A.J. Ouellette,RB145,,543.0,,543,,,,,
644,Detrich Clark,WR264,,544.0,,544,,,,,
645,Robert Foster,WR265,,545.0,,545,,,,,
646,Nick Boyle,TE117,,545.0,,,,,545,,
647,Younghoe Koo,K35,,545.3,,496,704,436,,,
648,Deion Burks,WR266,IND,545.7,,,609,661,367,,
649,Austin Fort,TE118,,546.0,,546,,,,,
650,Paul Browning,WR267,,548.0,,548,,,,,
651,Konata Mumpfield,WR268,LAR,548.3,245,,421,828,396,,
652,Carlos Henderson,WR269,,551.0,,551,,,,,
653,Daniel Marx,RB146,,552.0,,552,,,,,
654,C.J. Uzomah,TE119,,553.3,,322,650,,688,,
655,Damiere Byrd,WR270,,554.0,,,,,554,,
656,Jakeem Grant,WR271,,554.5,,460,,,649,,
657,Mo Alie-Cox,TE120,IND,554.8,343,855,405,544,415,,
658,Devontae Jackson,RB147,,555.0,,555,,,,,
659,DeAndre Hopkins,WR272,,557.3,345,,714,415,543,,
660,Tyson Bagent,QB54,CHI,557.7,,,341,1014,318,,
661,Devontae Booker,RB148,,558.0,,558,,,,,
662,Ian Thomas,TE121,LV,558.8,,724,475,539,497,,
663,Nick Schuessler,QB55,PIT,559.0,,559,,,,,
664,Chris Brazzell II,WR273,CAR,559.0,,582,603,695,356,,
665,Dalevon Campbell,WR274,LAC,560.0,,429,601,650,,,
666,Treyton Pickering,TE122,,560.0,,560,,,,,
667,Skyler Howard,QB56,SEA,561.0,,561,,,,,
668,Tyler Badie,RB149,DEN,561.0,,,305,894,484,,
669,Mark McNamee,K36,,563.0,,563,,,,,
670,Tyler Huntley,QB57,BAL,564.0,,,466,890,336,,
671,Joe Mixon,RB150,,564.3,,239,683,383,952,,
672,Caleb Shudak,K37,,566.0,,566,,,,,
673,Ricky Pearsall,WR275,SF,566.4,,335,559,357,1221,,360
674,Jake Moody,K38,BAL,566.7,,489,852,359,,,
675,Jeremy McNichols,RB151,WAS,568.7,,,507,707,492,,
676,Matt LaCosse,TE123,NE,570.0,,,,,570,,
677,Kene Nwangwu,RB152,NYJ,570.7,,,283,918,511,,
678,Jordan Akins,TE124,,573.7,,457,625,,639,,
679,Luke Lundy,RB153,,574.0,,574,,,,,
680,Trevontae Hights,WR276,,576.0,,576,,,,,
681,Trent Taylor,WR277,,578.8,,564,631,594,526,,
682,Bryce Love,RB154,,579.0,,579,,,,,
683,Daniel Rodriguez,WR278,,580.0,,580,,,,,
684,Billy Brown,TE125,,581.0,,581,,,,,
685,Jarrett Stidham,QB58,DEN,581.7,,,338,997,410,,
686,Jacques Patrick,RB155,,582.0,,529,,,635,,
687,J'Mari Taylor,RB156,JAX,582.0,,,,783,381,,
688,Tay Martin,WR279,DET,582.3,,873,438,581,437,,
689,Josh Johnson,WR280,,583.0,,583,,,,,
690,Tim Patrick,WR281,NYJ,583.3,,976,510,428,419,,
691,Nic Shimonek,QB59,,585.0,,585,,,,,
692,Moral Stephens,TE126,,586.0,,586,,,,,
693,Sam Howell,QB60,DAL,586.7,,,342,979,439,,
694,Kendrick Law,WR282,DET,587.3,,,607,577,578,,
695,Cody Chrest,WR283,,588.0,,588,,,,,
696,Jackson Hawes,TE127,BUF,588.8,,1138,407,411,399,,
697,Kyle McCord,QB61,MIA,589.7,,,482,963,324,,
698,Ahmani Marshall,RB157,CAR,590.7,,595,,790,387,,
699,Kyrese White,WR284,,591.0,,591,,,,,
700,Tommy DeVito,QB62,NE,591.0,,,339,973,461,,
701,Kisean Johnson,WR285,,593.0,,567,,619,,,
702,Luke McNitt,RB158,,593.0,,593,,,,,
703,Mitch Van Vooren,WR286,,595.5,,725,,466,,,
704,Rasheed Williams,RB159,,596.0,,596,,,,,
705,Tevin Jones,WR287,,598.0,,598,,,,,
706,Blake Whiteheart,TE128,CLE,599.0,,,436,874,487,,
707,Simi Fehoko,WR288,ARI,599.0,,,525,927,345,,
708,Zach D'Orazio,WR289,,600.0,,600,,,,,
709,Kayron Lynch-Adams,RB160,,600.5,,571,,,630,,
710,Maxx Williams,TE129,,601.0,,601,,,,,
711,Caleb Huntley,RB161,,602.0,,,,,602,,
712,C.J. Duncan,WR290,,603.0,,603,,,,,
713,Quinn Ewers,QB63,JAX,603.3,,,452,907,451,,
714,Patrick DiMarco,RB162,,604.0,,604,,,,,
715,Drew Estrada,WR291,,605.0,,605,,,,,
716,Luke Farrell,TE130,SF,606.0,,772,461,713,478,,
717,Kyric McGowan,WR292,,606.0,,,,,606,,
718,Qadree Ollison,RB163,,607.0,,436,,,778,,
719,Tyler Rutenbeck,WR293,,607.0,,607,,,,,
720,Malcolm Brown,RB164,,608.0,,338,,,878,,
721,Jake Roh,TE131,,608.0,,608,,,,,
722,Tanner McKee,QB64,PHI,608.0,,,343,1017,464,,
723,Antonio Gibson,RB165,,608.3,,,751,433,641,,
724,Ben Sims,TE132,MIA,608.5,,717,553,545,619,,
725,Cary Angeline,TE133,,610.0,,610,,,,,
726,Derek Carr,QB65,,610.5,,,715,,506,,
727,Chris Autman-Bell,WR294,,611.0,,611,,,,,
728,Marcus Yarns,RB166,,612.0,,612,,,,,
729,Geoff Swaim,TE134,,612.7,,398,699,,741,,
730,Jacob Saylors,RB167,DET,615.2,,1403,243,949,228,,253
731,Alfred Morris,RB168,,616.0,,616,,,,,
732,Robert Davis,WR295,,617.0,,617,,,,,
733,Trinidad Chambliss,QB66,,617.0,,,,,617,,
734,Dallin Holker,TE135,,618.3,,375,939,,541,,
735,Quincy Enunwa,WR296,,619.0,,619,,,,,
736,Marcus Marshall,RB169,,620.0,,620,,,,,
737,Tip Reiman,TE136,ARI,620.7,,,560,837,465,,
738,Speedy Noil,WR297,,621.0,,621,,,,,
739,Derius Davis,WR298,LAC,622.7,,,439,926,503,,
740,Nick Westbrook-Ikhine,WR299,IND,622.7,326,,774,714,380,,
741,Justin Hardy,WR300,,623.0,,623,,,,,
742,James Mitchell,TE137,DAL,623.3,,,827,478,565,,
743,Bryson Green,WR301,,624.0,,609,,639,,,
744,TaMerik Williams,RB170,,624.0,,624,,,,,
745,Luke Floriea,WR302,,624.0,,,,624,,,
746,Gio Pascascio,WR303,,625.0,,625,,,,,
747,Sam Schnee,WR304,,626.0,,626,,,,,
748,Tyler Snead,WR305,,627.0,,627,,,,,
749,Julius Chestnut,RB171,TEN,627.7,,,539,1004,340,,
750,Brandon Polk,WR306,,628.0,,628,,,,,
751,Scotty Washington,WR307,,628.0,,,,,628,,
752,Trey Lance,QB67,LAC,628.7,,,450,1020,416,,
753,Daniel George,WR308,,629.0,,629,,,,,
754,Shane Zylstra,TE138,NE,629.0,,,802,532,553,,
755,Brittain Brown,RB172,CHI,630.7,,,538,743,611,,
756,Ricky Collins,WR309,,631.0,,631,,,,,
757,Bauer Sharp,TE139,TB,631.0,,1024,612,456,432,,
758,Braxton Westfield,WR310,,632.0,,632,,,,,
759,Mitch Leidner,QB68,,633.0,,633,,,,,
760,Jared Smart,WR311,,634.0,,634,,,,,
761,JuJu Smith-Schuster,WR312,,634.7,348,,689,430,785,,
762,Taylen Green,QB69,CLE,635.7,,,610,958,339,,
763,Marcus Tucker,WR313,,636.0,,636,,,,,
764,Andrew Ogletree,TE140,IND,637.5,,,462,813,,,
765,Quenton Bundrage,WR314,,638.0,,638,,,,,
766,KJ Hamler,WR315,,638.0,,,,,638,,
767,J.J. Taylor,RB173,,639.0,,376,768,,773,,
768,Key'Shawn Smith,WR316,,639.0,,639,,,,,
769,LaJohntay Wester,WR317,BAL,639.7,,,498,920,501,,
770,Jeremiah Webb,WR318,NE,640.5,,712,,569,,,
771,Khalil Herbert,RB174,,640.5,,,790,930,438,,404
772,Brandon Silvers,QB70,,641.0,,641,,,,,
773,Dallas Daniels,WR319,,642.0,,642,,,,,
774,Isaac Guerendo,RB175,SF,642.0,233,,561,940,425,,
775,Trevon Wesco,TE141,,642.5,,487,,,798,,
776,Jason Moore,WR320,,643.0,,643,,,,,
777,Jamal Agnew,WR321,,643.3,,275,619,,1036,,
778,Feleipe Franks,TE142,CAR,643.7,,,527,892,512,,
779,Kyle Lewis,WR322,,644.0,,644,,,,,
780,Devin Duvernay,WR323,ARI,644.7,,,499,931,504,,
781,Nikko Remigio,WR324,KC,645.0,,,500,928,507,,
782,Ben DiNucci,QB71,,645.0,,,,,645,,
783,Phillip Dorsett,WR325,,645.3,,575,647,633,726,,
784,Phillip Sims,QB72,,646.0,,646,,,,,
785,Kenny Pickett,QB73,CAR,646.0,,,456,1023,459,,
786,Andy Dalton,QB74,PHI,646.3,,,512,1018,409,,
787,Nick Muse,TE143,ATL,646.3,,,826,493,620,,
788,Ben Yurosek,TE144,MIN,646.7,,,594,844,502,,
789,Joel Wilson,TE145,TEN,647.0,,920,,485,536,,
790,Leroy Watson,TE146,,647.0,,,,,647,,
791,Jawhar Jordan,RB176,HOU,647.5,316,,921,381,930,,358
792,Brock Lampe,RB177,SEA,648.0,,547,,749,,,
793,Antwane Wells Jr.,WR326,ATL,649.0,,,,649,,,
794,Patrick Ricard,RB178,NYG,649.3,,,487,951,510,,
795,KJ Hill,WR327,LAC,650.0,,650,,,,,
796,Riley Leonard,QB75,IND,650.3,342,,451,1010,490,,
797,Bryan Thompson,WR328,,650.5,,664,,,637,,
798,Stetson Bennett,QB76,LAR,651.3,,,545,966,443,,
799,Mitchell Trubisky,QB77,TEN,652.3,,,486,1011,460,,
800,Chevan Cordeiro,QB78,,653.0,,653,,,,,
801,Xavier Johnson,WR329,,653.0,,719,,587,,,
802,Matthew Wright,K39,,653.5,,527,780,,,,
803,Austin Seibert,K40,,653.5,,637,670,,,,
804,Zane Gonzalez,K41,,653.5,,,951,356,,,
805,Ray Lawry,RB179,,654.0,,654,,,,,
806,Ronnie Rivers,RB180,LAR,655.0,,,541,942,482,,
807,Easop Winston,WR330,,655.0,,,,,655,,
808,Will Howard,QB79,PIT,655.3,,,588,964,414,,
809,Sergio Bailey,WR331,,657.0,,657,,,,,
810,Roman Hemby,RB181,,657.3,,,,776,803,,393
811,Jared Cook,TE147,,658.0,,658,,,,,
812,Donald Parham,TE148,,658.3,,,743,531,701,,
813,Hale Hentges,TE149,,659.0,,659,,,,,
814,Dillon Gabriel,QB80,CLE,660.7,,,575,954,453,,
815,DeAndre Thompkins,WR332,GB,661.0,,661,,,,,
816,Xavier Smith,WR333,LAR,661.0,,919,440,827,458,,
817,Deshaun Fenwick,RB182,,661.0,,,,,661,,
818,Andy Phillips,K42,,662.0,,662,,,,,
819,Zay Malone,WR334,,663.0,,663,,,,,
820,Mason Rudolph,QB81,PIT,663.3,,,506,1016,468,,
821,David Marvin,K43,,665.0,,665,,,,,
822,Chris Thompson,RB183,,666.0,,666,,,,,
823,Trevor Davis,WR335,,667.0,,667,,,,,
824,Tommy Sweeney,TE150,,667.5,,584,,,751,,
825,John Lunsford,K44,,669.0,,669,,,,,
826,Mitchell Tinsley,WR336,HOU,669.0,,,892,446,,,
827,John Hoyland,K45,,670.0,,670,,,,,
828,Kylen Granson,TE151,TEN,670.3,,802,524,847,508,,
829,Xavier Jones,RB184,,671.0,,671,,,,,
830,Isaiah Bowser,RB185,,672.0,,672,,,,,
831,Tanner Morgan,QB82,,672.0,,,,,672,,
832,Payne Durham,TE152,TB,672.3,,949,430,830,480,,
833,British Brooks,RB186,HOU,672.3,,599,495,923,,,
834,Ronald Jones,RB187,,673.5,,768,,,579,,
835,Nyqwan Murray,WR337,,674.0,,674,,,,,
836,Nate Adkins,TE153,DEN,674.0,,1220,424,554,498,,
837,Cole Hunt,TE154,,675.0,,675,,,,,
838,Jalen Milroe,QB83,SEA,675.7,,,576,1028,423,,
839,Jack Heneghan,QB84,,676.0,,676,,,,,
840,Chris Moore,WR338,BAL,676.0,,,620,553,855,,
841,Reggie Gilliam,RB188,NE,676.3,,,485,1006,538,,
842,Dezmon Patmon,WR339,,676.5,,648,,,705,,
843,Eli Pancol,WR340,,677.7,,698,,623,712,,
844,Devon Garrison,TE155,,678.0,,678,,,,,
845,Samson Nacua,WR341,,678.0,,,,,678,,
846,Shae Wyatt,WR342,,679.0,,679,,,,,
847,Nelson Agholor,WR343,,679.0,,,710,,648,,
848,Irvin Charles,WR344,SEA,679.5,,,552,807,,,
849,Tajae Sharpe,WR345,,680.0,,680,,,,,
850,Xavier White,WR346,,681.0,,681,,,,,
851,Caleb Lohner,TE156,DEN,681.0,,960,584,520,660,,
852,Micah Bernard,RB189,,682.0,,,,,682,,
853,Chris Manhertz,TE157,NYG,683.3,,1202,489,542,500,,
854,Zack Kuntz,TE158,,683.3,,,868,495,687,,
855,Samson Evans,RB190,,684.0,,684,,,,,
856,Ameer Abdullah,RB191,JAX,686.3,,1132,306,818,489,,
857,Chris Conley,WR347,,686.3,,445,708,,906,,
858,Chris Bazile,TE159,,687.0,,687,,,,,
859,Nikola Kalinic,TE160,CHI,687.0,,797,542,470,939,,
860,Calvin Austin,WR348,NYG,687.0,217,,532,376,1153,,
861,Le'Veon Moss,RB192,,687.0,,,,741,633,,
862,Stephen Anderson,TE161,,687.5,,645,,,730,,
863,Ryan Yurachek,TE162,,688.0,,688,,,,,
864,Mario Williams,WR349,,688.0,,716,,605,743,,
865,Max Wittek,QB85,,689.0,,689,,,,,
866,Austin Mack,WR350,,689.0,,,,,689,,
867,Gunner Olszewski,WR351,NYG,689.3,,,515,820,733,,
868,David Fales,QB86,,690.0,,690,,,,,
869,Theo Riddick,RB193,,690.0,,779,,,601,,
870,Ty Chandler,RB194,NO,690.0,,,535,821,714,,
871,Seth Henigan,QB87,,691.0,,502,,1002,569,,
872,Luke Benson,TE163,,691.0,,691,,,,,
873,Quintin Morris,TE164,JAX,691.0,,935,540,796,493,,
874,Keilan Robinson,RB195,,691.7,,475,926,,674,,
875,Eric Saubert,TE165,SEA,693.5,,985,469,832,488,,
876,Luke Willson,TE166,,694.0,,694,,,,,
877,Raleigh Webb,WR352,,694.0,,,,,694,,
878,Pharaoh Brown,TE167,IND,695.0,,685,739,555,801,,
879,Buddy Howell,RB196,,696.0,,696,,,,,
880,Foster Moreau,TE168,HOU,696.0,,1336,422,547,479,,
881,John David Moore,RB197,,697.0,,697,,,,,
882,Tejhaun Palmer,WR353,,697.3,,263,928,585,1013,,
883,Maurice Alexander,WR354,,697.7,,,850,597,646,,
884,Deon Yelder,TE169,,699.0,,699,,,,,
885,Tre Nixon,WR355,,699.5,,570,,,829,,
886,Thomas Fidone II,TE170,NYG,700.0,,531,582,453,1234,,
887,Savon Scarver,WR356,,700.0,,700,,,,,
888,Kameron Johnson,WR357,TB,700.0,,,492,908,,,
889,Jason Sanders,K46,NYJ,701.5,,,698,705,,,
890,Tyler Simmons,WR358,,702.0,,702,,,,,
891,Eli Wolf,TE171,,703.0,,703,,,,,
892,Dont'e Thornton Jr.,WR359,LV,703.0,272,,577,829,,,
893,Drake Dabney,TE172,GB,703.7,,594,1017,500,,,
894,Arian Smith,WR360,NYJ,703.8,,944,493,884,494,,
895,Milton Wright,WR361,,704.0,,704,,,,,
896,Thomas Yassmin,TE173,GB,704.3,,1230,,528,355,,
897,Jake Bobo,WR362,SEA,704.7,,,554,896,664,,
898,Cade York,K47,,705.0,,510,811,794,,,
899,Kevin Hogan,QB88,,705.0,,705,,,,,
900,Cam Camper,WR363,,706.5,,,,686,727,,
901,Jordan Hudson,WR364,,706.5,,,,691,722,,
902,Montrell Johnson,RB198,,707.5,,,,773,642,,
903,Ryan Izzo,TE174,,708.0,,708,,,,,
904,Eric McAlister,WR365,,708.0,,,,,708,,
905,Marshall Morgan,K48,,709.0,,709,,,,,
906,Amari Cooper,WR366,,709.0,,,709,,,,
907,Lawrence Cager,TE175,,709.5,,386,777,516,1159,,
908,Ryan Griffin,TE176,,710.0,,763,657,,,,
909,Dee Eskridge,WR367,,710.3,,,784,913,434,,
910,Jordan Ellis,RB199,,711.0,,711,,,,,
911,Jimmy Holiday,WR368,KC,712.0,,945,599,592,,,
912,Chosen Anderson,WR369,,713.0,,,713,,,,
913,Michael Gallup,WR370,,713.0,,,,,713,,
914,Kye Robichaux,RB200,,714.0,,683,,745,,,
915,Eric Frohnapfel,TE177,,714.0,,714,,,,,
916,E.J. Jenkins,TE178,PHI,714.5,,901,569,472,916,,
917,Ryan Willis,QB89,,715.0,,715,,,,,
918,Tre Stewart,RB201,,716.0,,799,,767,582,,
919,Paul Richardson,WR371,,716.0,,,,,716,,
920,Justin Tucker,K49,,718.0,,,718,,,,
921,Max Duggan,QB90,,718.0,,,877,,559,,
922,Mason Tipton,WR372,NO,718.8,,767,566,840,702,,
923,Rakim Jarrett,WR373,,719.5,,,888,,551,,
924,De'Mard Llorens,RB202,,720.0,,720,,,,,
925,River Cracraft,WR374,,720.0,,,627,717,816,,
926,Peyton Hendershot,TE179,,720.0,,,835,,605,,
927,Marcus Yarns,RB203,,720.0,,,,,720,,
928,Jamaal Williams,RB204,,720.5,,,706,,735,,
929,Deante' Gray,WR375,,721.0,,721,,,,,
930,Qadir Ismail,WR376,CHI,722.0,,911,,533,,,
931,Traeshon Holden,WR377,,722.0,,915,,678,573,,
932,Deontay Burnett,WR378,,722.5,,903,,,542,,
933,Dare Ogunbowale,RB205,LV,722.7,,,641,915,612,,
934,Noah Brown,WR379,,722.8,,1277,621,447,546,,
935,Jeff Driskel,QB91,,723.5,,693,640,962,599,,
936,Jake Briningstool,TE180,KC,724.3,,1235,,497,441,,
937,Tre Watson,TE181,MIA,724.5,,981,,468,,,
938,Moliki Matavao,TE182,NO,724.7,,,585,510,1079,,
939,C.J. Saunders,WR380,,725.0,,279,,,1171,,
940,Greg Ward,WR381,,725.0,,550,,,900,,
941,Armani Rogers,TE183,,725.0,,,,,725,,
942,Anthony Firkser,TE184,,725.3,,917,634,564,786,,
943,Theo Wease Jr.,WR382,LAC,725.3,341,,992,693,806,,410
944,Jalen Simmons,RB206,,726.0,,726,,,,,
945,Caullin Lacy,WR383,,726.3,,647,,612,920,,
946,Clyde Edwards-Helaire,RB207,,726.5,,,744,,709,,
947,Cade Klubnik,QB92,NYJ,728.0,294,,478,978,,,
948,Troy Hairston,RB208,,728.0,,,841,,615,,
949,Sterling Shepard,WR384,,728.5,,806,711,391,1006,,
950,Brandon Cottom,RB209,,730.0,,730,,,,,
951,Teagan Quitoriano,TE185,ARI,730.7,,,821,506,865,,
952,Brett Maher,K50,,731.0,,731,,,,,
953,Ross Dwelley,TE186,,733.0,,1000,637,,562,,
954,Shaq Hill,WR385,,734.0,,734,,,,,
955,Hassan Hall,RB210,,735.5,,747,,,724,,
956,Teddy Bridgewater,QB93,,735.5,,,724,989,820,,409
957,Cody Hollister,WR386,,736.0,,736,,,,,
958,Davis Allen,TE187,LAR,736.5,,1628,420,425,473,,
959,Kyle Sloter,QB94,,737.0,,737,,,,,
960,Brandon Powell,WR387,,737.0,,,622,,852,,
961,Snoop Conner,RB211,,737.5,,492,,,983,,
962,DeAndre Carter,WR388,,738.0,,,632,938,644,,
963,Brandin Cooks,WR389,,738.0,,,719,445,1050,,
964,Demetric Felton,RB212,,738.0,,,,,738,,
965,Lawrence Keys,WR390,,738.5,,,,643,834,,
966,Terrell Jennings,RB213,,739.0,,395,952,870,,,
967,DJ Turner,WR391,,739.0,,655,833,703,765,,
968,J.D. McKissic,RB214,,739.0,,739,,,,,
969,Mike Harley,WR392,,740.0,,438,,,1042,,
970,Eric Dungey,QB95,,740.0,,740,,,,,
971,Gerald Everett,TE188,,740.0,,891,671,,658,,
972,Bra'Lon Cherry,WR393,,742.0,,742,,,,,
973,Gabe Davis,WR394,,742.3,,741,759,406,1063,,
974,Tanner Hudson,TE189,CIN,742.3,,,737,397,1093,,
975,Michael Wiley,RB215,,743.0,,706,941,758,567,,
976,C.J. Conrad,TE190,,743.0,,743,,,,,
977,Salvon Ahmed,RB216,CHI,743.6,,1359,769,751,431,,408
978,Davis Koppenhaver,TE191,,744.0,,744,,,,,
979,Tarik Cohen,RB217,,744.0,,,,,744,,
980,Mac Dalena,WR395,,744.3,,733,,591,909,,
981,Tony Stevens,WR396,,745.0,,745,,,,,
982,Tru Edwards,WR397,,746.5,,,,651,842,,
983,Kevin Austin,WR398,NO,747.3,,,960,394,888,,
984,Devon Williams,WR399,,748.0,,748,,,,,
985,Deion Hankins,RB218,,748.0,,,,748,,,
986,Albert Okwuegbunam,TE192,,748.3,,,758,455,1032,,
987,Tyler Lockett,WR400,,748.7,,,707,438,1101,,
988,Jordan Mims,RB219,,748.8,,701,902,808,584,,
989,Jermiah Braswell,WR401,,749.0,,749,,,,,
990,Jake Funk,RB220,,751.0,,692,,,810,,
991,Josh Rounds,RB221,,751.0,,751,,,,,
992,Tyrell Shavers,WR402,BUF,751.3,,1495,571,444,495,,
993,Kelly Akharaiyi,WR403,,752.0,,613,,,891,,
994,Mathieu Severance,RB222,,752.0,,752,,,,,
995,Jermar Jefferson,RB223,MIN,752.0,,1173,521,777,537,,
996,Michael Trigg,TE193,DAL,752.5,,357,1022,481,1150,,
997,Diontae Johnson,WR404,,753.0,,1188,678,,393,,
998,Colton Dowell,WR405,,754.5,,418,880,602,1118,,
999,Will Ferrin,K51,,754.5,,652,,857,,,
1000,Jerick McKinnon,RB224,,755.0,,,,,755,,
1001,Cedric Tillman,WR406,NO,755.8,228,1734,858,395,392,,400
1002,Elijah Marks,WR407,,756.0,,756,,,,,
1003,Mark Redman,TE194,GB,756.0,,1229,,518,521,,
1004,Isaiah McKenzie,WR408,,756.0,,,,,756,,
1005,Princeton Fant,TE195,DAL,756.8,,686,555,507,1279,,
1006,Marcedes Lewis,TE196,,757.0,,1252,653,458,665,,
1007,Quez Watkins,WR409,,757.7,,,760,611,902,,
1008,Messiah Swinson,TE197,CLE,758.0,,491,,461,1322,,
1009,Elijah Holyfield,RB225,,758.0,,758,,,,,
1010,Anthony McFarland,RB226,,758.0,,,,,758,,
1011,Jaren Kanak,TE198,TEN,758.5,,864,608,496,1066,,
1012,Kobe Lewis,RB227,,760.0,,760,,,,,
1013,Sean McKeon,TE199,IND,760.0,,1011,771,512,746,,
1014,Jacoby Jones,WR410,,760.7,,1083,598,601,,,
1015,Brevin Jordan,TE200,HOU,762.0,,1490,522,527,509,,
1016,Tony Brooks-James,RB228,,765.0,,765,,,,,
1017,Brandon Allen,QB96,,766.0,,,639,993,666,,
1018,Quali Conley,RB229,,766.5,,293,,,1240,,
1019,Taysom Hill,TE201,,767.7,346,,652,369,1282,,
1020,Carlos Washington,RB230,,768.3,,411,962,789,911,,
1021,Montorie Foster,WR411,SEA,768.5,,1442,616,634,382,,
1022,Rahsul Faison,RB231,,769.0,,769,,,,,
1023,Cole Burgess,WR412,,769.0,,954,,584,,,
1024,Matt Barkley,QB97,,770.0,,602,,,938,,
1025,Cortrelle Simpson,WR413,,770.0,,770,,,,,
1026,Jamal Haynes,RB232,,771.0,,,,771,,,
1027,Jaleel McLaughlin,RB233,CLE,771.3,295,,886,558,1258,,383
1028,Nate Noel,RB234,,771.5,,269,,,1274,,
1029,Luke Altmyer,QB98,DET,772.0,,,,988,556,,
1030,Kenny Golladay,WR414,,772.0,,,,,772,,
1031,Jordan Murray,TE202,,773.0,,590,,,956,,
1032,Keelan Cole,WR415,,773.0,,773,,,,,
1033,Juwann Winfree,WR416,,773.0,,,,574,972,,
1034,Reggie Bonnafon,RB235,,774.0,,774,,,,,
1035,Troymaine Pope,RB236,,775.0,,775,,,,,
1036,D'Ernest Johnson,RB237,,775.5,,682,734,947,739,,
1037,KhaDarel Hodge,WR417,SF,775.7,,,643,905,779,,
1038,Chad Hansen,WR418,,776.0,,776,,,,,
1039,Mason Pline,TE203,,776.0,,1099,,523,706,,
1040,A.T. Perry,WR419,,776.3,,1089,879,573,564,,
1041,Zander Horvath,RB238,,777.0,,,,,777,,
1042,Jawon Chisholm,RB239,,778.0,,778,,,,,
1043,Charleston Rambo,WR420,,778.0,,1121,,,435,,
1044,Braylon Heard,RB240,,780.0,,780,,,,,
1045,Jalen Wydermyer,TE204,,780.5,,597,,,964,,
1046,Charles McClelland,RB241,,781.0,,781,,,,,
1047,Thyrick Pitts,WR421,,781.0,,865,,,697,,
1048,Mitchell Wilcox,TE205,,781.0,,,799,,763,,
1049,Jordan Travis,QB99,,781.0,,,931,,631,,
1050,Rocky Lombardi,QB100,,781.0,,,,,781,,
1051,Nathaniel Peat,RB242,,782.0,,572,,,992,,
1052,Nick Sharga,RB243,,782.0,,782,,,,,
1053,Michael Woods,WR422,,782.0,,847,823,718,740,,
1054,Dede Westbrook,WR423,,782.0,,,,,782,,
1055,Van Jefferson,WR424,WAS,782.5,,677,755,422,1276,,
1056,Josiah Deguara,TE206,,782.5,,896,756,797,681,,
1057,Senorise Perry,RB244,,783.0,,783,,,,,
1058,Seydou Traore,TE207,MIA,783.0,,1751,435,526,420,,
1059,Shea Patterson,QB101,,784.0,,784,,,,,
1060,Jalen Cropper,WR425,NO,784.0,,,964,604,,,
1061,Dalton Crossan,RB245,,785.0,,785,,,,,
1062,Thomas Odukoya,TE208,KC,785.0,,,949,,621,,
1063,Jaelon Darden,WR426,,785.3,,991,789,,576,,
1064,Stone Smartt,TE209,NO,785.3,,,849,711,796,,
1065,Derek Watt,RB246,,786.0,,786,,,,,
1066,Charlie Woerner,TE210,ATL,786.0,,1373,477,817,477,,
1067,Zaire Mitchell-Paden,TE211,HOU,786.0,,,1008,484,866,,
1068,Alexander Mattison,RB247,,786.3,,808,681,443,1213,,
1069,Samori Toure,WR427,,786.5,,827,829,596,894,,
1070,Joseph Ngata,WR428,,788.0,,635,885,,844,,
1071,Adam Choice,RB248,,788.0,,788,,,,,
1072,Caleb Chapman,WR429,,789.0,,789,,,,,
1073,Cole Payton,QB102,PHI,789.5,,,614,965,,,
1074,Anthony Gordon,QB103,,790.0,,790,,,,,
1075,Anthony Miller,WR430,,790.3,,285,969,,1117,,
1076,Jalen Reagor,WR431,,791.0,,651,746,722,1045,,
1077,Jordan Reed,TE212,,791.0,,791,,,,,
1078,Eric Tomlinson,TE213,,791.7,,821,633,,921,,
1079,K.J. Costello,QB104,,792.0,,792,,,,,
1080,Joe Milton,QB105,DAL,792.3,,,930,1019,428,,
1081,Phillip Lindsay,RB249,,793.0,,,,,793,,
1082,Tyree Jackson,TE214,,793.3,,1172,731,480,790,,
1083,Jaylen Johnson,WR432,,793.5,,622,965,,,,
1084,Lorenzo Lingard,RB250,,794.0,,592,,,996,,
1085,Cyril Grayson,WR433,,794.0,,794,,,,,
1086,Anthony Gould,WR434,IND,794.0,,,918,936,528,,
1087,Artayvious Lynn,TE215,,796.0,,796,,,,,
1088,Dontae Fleming,WR435,,797.3,,875,,613,904,,
1089,Devin Lucien,WR436,,798.0,,798,,,,,
1090,Robert Henry Jr.,RB251,WAS,798.3,,872,,782,1191,,348
1091,Adam Trautman,TE216,DEN,798.3,,1989,389,414,401,,
1092,Jalen Virgil,WR437,,799.3,,956,836,580,825,,
1093,Connor Neighbors,RB252,,800.0,,800,,,,,
1094,Duke Williams,WR438,,800.0,,,,,800,,
1095,Will Levis,QB106,,800.7,,,854,939,609,,
1096,Tyler Johnson,WR439,,800.8,,883,753,427,1140,,
1097,Jacob Kibodi,RB253,,802.7,,524,971,,913,,
1098,Michael Bandy,WR440,DEN,802.7,,,803,700,905,,
1099,Quartney Davis,WR441,,803.0,,803,,,,,
1100,Ray-Ray McCloud,WR442,,803.0,,,504,563,1342,,
1101,Julian Hicks,WR443,SEA,803.5,,928,,679,,,
1102,Ben Sauls,K52,,804.0,,538,1015,859,,,
1103,Devin Mahina,TE217,,804.0,,804,,,,,
1104,Joe Reed,WR444,,804.0,,,,,804,,
1105,Stephen Gosnell,WR445,BUF,804.5,,1027,,582,,,
1106,Tyrod Taylor,QB107,GB,804.5,347,1593,449,804,372,,
1107,Dylan Drummond,WR446,ATL,805.0,,361,910,871,1078,,
1108,Austin Jones,RB254,,805.0,,727,,,883,,
1109,Kermit Whitfield,WR447,,805.0,,805,,,,,
1110,Dontay Demus,WR448,,805.0,,1225,,,385,,
1111,Josh Johnson,RB255,,806.0,,,806,,,,
1112,MyCole Pruitt,TE218,,808.3,,394,642,,1389,,
1113,Taryn Christion,QB108,,809.0,,809,,,,,
1114,Stephen Carlson,TE219,CHI,809.7,,,735,519,1175,,
1115,Eric McAlister,WR449,,810.0,,810,,,,,
1116,Tyler Conklin,TE220,DET,810.3,,1872,454,416,499,,
1117,Manny Wilkins,QB109,,811.0,,811,,,,,
1118,Ellis Merriweather,RB256,,812.0,,557,903,,976,,
1119,Rory Anderson,TE221,,812.0,,812,,,,,
1120,O.J. Howard,TE222,,812.0,,,,,812,,
1121,Matt Landers,WR450,,812.5,,1040,,,585,,
1122,Josh Reynolds,WR451,,814.3,,1012,649,434,1162,,
1123,Trenton Irwin,WR452,,814.5,,746,742,799,971,,
1124,Pete Guerriero,RB257,,814.5,,938,,,691,,
1125,K.J. Osborn,WR453,TEN,814.8,,578,762,710,1209,,
1126,Jason Huntley,RB258,,815.0,,,,,815,,
1127,Chris Oladokun,QB110,,815.3,,,537,990,919,,
1128,Sincere McCormick,RB259,SF,815.7,,,950,565,932,,
1129,Jamire Jordan,WR454,,817.0,,817,,,,,
1130,Ihmir Smith-Marsette,WR455,ARI,818.0,,497,791,801,1183,,
1131,Patrick Herbert,TE223,LAC,818.0,,556,,502,1396,,
1132,Aleva Hifo,WR456,,818.0,,818,,,,,
1133,Carter Runyon,TE224,LV,818.0,,989,593,872,,,
1134,Drew Stevens,K53,WAS,818.3,,1243,349,863,,,
1135,Emmanuel Henderson Jr,WR457,SEA,819.0,,,1021,666,770,,
1136,Michael Burton,RB260,CLE,820.0,,615,444,816,1405,,
1137,D.J. Montgomery,WR458,IND,820.5,,1377,528,629,748,,
1138,Adam Prentice,RB261,DEN,820.7,,,441,950,1071,,
1139,Jjay Mcafee,TE225,,822.0,,822,,,,,
1140,Brock Wright,TE226,DET,822.5,,2121,425,382,362,,
1141,Preston Williams,WR459,,823.0,,823,,,,,
1142,Dean Connors,RB262,LAR,823.3,,1716,,742,440,,395
1143,Michael Dyer,RB263,,824.0,,824,,,,,
1144,Dante Miller,RB264,,825.0,,759,936,780,,,
1145,Isaac Rex,TE227,,825.0,,807,,,843,,
1146,Diontae Spencer,WR460,,825.0,,825,,,,,
1147,Kenyan Drake,RB265,,825.5,,968,,,683,,
1148,Adam Shaheen,TE228,,825.5,,1112,,,539,,
1149,Napoleon Maxwell,RB266,,826.0,,826,,,,,
1150,Trace McSorley,QB111,,826.0,,,,,826,,
1151,Haynes King,QB112,CAR,826.3,,,617,980,882,,
1152,Kaden Smith,TE229,,827.5,,999,,,656,,
1153,Ramel Keyton,WR461,,828.0,,347,943,,1194,,
1154,Jacob Harris,WR462,,828.0,,421,,,1235,,
1155,Garrett Walston,TE230,,828.0,,828,,,,,
1156,Trey Palmer,WR463,NO,828.0,,,875,720,889,,
1157,Zack Annexstad,QB113,,828.5,,795,,,862,,
1158,Treyton Welch,TE231,NO,828.5,,829,1004,465,1016,,
1159,Raheem Mostert,RB267,,828.5,,,665,875,1410,,364
1160,Bryson Nesbit,TE232,MIN,828.7,,1489,,473,524,,
1161,Ty Montgomery,RB268,,829.5,,514,,,1145,,
1162,KeeSean Johnson,WR464,,830.0,,830,,,,,
1163,Chase Roberts,WR465,,830.5,,,,663,998,,
1164,Jeshaun Jones,WR466,MIN,830.8,,993,602,620,1108,,
1165,Peter Pujals,QB114,,831.0,,831,,,,,
1166,Jake Herslow,WR467,,832.0,,832,,,,,
1167,J'Mar Smith,QB115,,833.0,,833,,,,,
1168,Zach Pascal,WR468,,833.0,,1049,623,,827,,
1169,Cody Schrader,RB269,DEN,833.3,,,948,768,784,,
1170,Javess Blue,WR469,,835.0,,835,,,,,
1171,Graham Mertz,QB116,HOU,835.8,,841,581,987,934,,
1172,Antwan Goodley,WR470,,836.0,,836,,,,,
1173,Zay Jones,WR471,,836.0,,1392,693,552,707,,
1174,Jashaun Corbin,RB270,,836.0,,,,779,893,,
1175,DeMeer Blankumsee,WR472,,836.0,,,,,836,,
1176,Ethan Sanchez,K54,,836.5,,815,,858,,,
1177,Ainias Smith,WR473,,837.7,,,923,561,1029,,
1178,Cade McDonald,WR474,,838.0,,838,,,,,
1179,Colson Yankoff,TE233,WAS,838.0,,,567,886,1061,,
1180,Raheem Blackshear,RB271,,838.3,,,840,845,830,,
1181,John Diarse,WR475,,839.0,,839,,,,,
1182,Devon Allen,WR476,,840.0,,713,,,967,,
1183,Harvey Binford,WR477,,840.0,,840,,,,,
1184,Anthony Tyus,RB272,CAR,840.3,,972,,738,811,,
1185,Darrell Henderson,RB273,,841.0,,959,,,723,,
1186,Keandre Lambert-Smith (duplicate),WR478,LAC,841.0,,,,841,,,
1187,Roc Taylor,WR479,,841.5,,,,615,1068,,
1188,Rysen John,TE234,,842.0,,842,,,,,
1189,Russell Gage,WR480,,842.0,,1278,630,,618,,
1190,Jalon Daniels,QB117,TB,842.3,,1611,337,1000,421,,
1191,Devin Smith,WR481,,843.0,,843,,,,,
1192,McCallan Castles,TE235,,843.7,,1016,,489,1026,,
1193,Trey Sermon,RB274,ATL,843.8,,1465,518,800,592,,
1194,Royce Freeman,RB275,,844.0,,766,,,922,,
1195,Dylan Cantrell,TE236,,844.0,,844,,,,,
1196,Redford Jones,K55,,845.0,,845,,,,,
1197,Cam Grandy,TE237,MIN,845.0,,1061,963,548,808,,
1198,Tyrie Cleveland,WR482,,845.0,,,,,845,,
1199,Hunter Long,TE238,ARI,845.5,,1830,474,409,669,,
1200,Praise Olatoke,WR483,,846.0,,846,,,,,
1201,Hayden Rucci,TE239,JAX,846.5,,1135,1010,487,754,,
1202,Ryan Jones,TE240,,847.0,,444,,,1250,,
1203,Jaden Shirden,RB276,,847.5,,342,,,1353,,
1204,Ryan Smith,TE241,,848.0,,848,,,,,
1205,John Michael Gyllenborg,TE242,KC,848.7,,1122,,509,915,,
1206,Noah Cain,RB277,,849.5,,925,,,774,,
1207,Brady Russell,TE243,SEA,849.5,,1302,556,944,596,,
1208,Cam Sims,WR484,,850.0,,,,,850,,
1209,Eric Gray,RB278,,850.8,,1048,864,838,653,,
1210,Devron Harper,WR485,,851.0,,851,,,,,
1211,Dameon Pierce,RB279,PHI,851.0,332,,810,929,814,,
1212,Kansei Matsuzawa,K56,LV,851.0,,,,851,,,
1213,Robbie Ouzts,TE244,SEA,851.5,,1119,587,697,1003,,
1214,Je'Quan Burton,WR486,,852.0,,757,,,947,,
1215,A.J. Rose,RB280,,852.0,,852,,,,,
1216,DJ Rogers,TE245,DAL,852.3,,874,,459,1224,,
1217,Jordan Moore,WR487,CIN,852.3,,1280,,687,590,,
1218,Zamir White,RB281,NO,852.6,,1260,813,902,927,,361
1219,Eric Wallace,TE246,,853.0,,853,,,,,
1220,David Martin-Robinson,TE247,TEN,853.0,,,568,836,1155,,
1221,Dallen Bentley,TE248,DEN,853.8,,1876,615,477,447,,
1222,C.J. Ham,RB282,,856.0,,,629,,1083,,
1223,Frank Gore Jr.,RB283,BUF,856.0,,,966,746,,,
1224,John FitzPatrick,TE249,,856.3,,1029,822,702,872,,
1225,Dakota Caton,WR488,,857.0,,857,,,,,
1226,Damien Martinez,RB284,,857.0,,,984,736,851,,
1227,DeAngelo Hardy,WR489,,857.5,,1147,,,568,,
1228,Deonte Harty,WR490,,857.5,,,733,,982,,
1229,Shedrick Jackson,WR491,,857.8,,1021,899,676,835,,
1230,Tyler Kroft,TE250,,858.0,,565,,,1151,,
1231,Isaiah Hodgins,WR492,,858.7,,,765,540,1271,,
1232,Hendon Hooker,QB118,TEN,858.7,,,855,985,736,,
1233,Jaron Brown,WR493,,859.0,,859,,,,,
1234,Taylor Bertolet,K57,,860.0,,860,,,,,
1235,D'Vonte Price,RB285,,861.0,,861,,,,,
1236,Trishton Jackson,WR494,,861.7,,753,772,,1060,,
1237,Gavin Bartholomew,TE251,MIN,861.8,,1729,578,517,623,,
1238,Giovanni Ricci,TE252,,862.7,,970,800,,818,,
1239,Dante Pettis,WR495,,863.5,,1310,682,812,650,,
1240,Chris Blair,WR496,ATL,865.5,,1283,558,664,957,,
1241,Jordan Waters,RB286,LAR,865.5,,,,763,968,,
1242,Kevin White,WR497,,866.5,,536,,,1197,,
1243,Kerryon Johnson,RB287,,867.0,,867,,,,,
1244,Hunter Luepke,RB288,DAL,867.3,,1709,412,893,455,,
1245,Cyrus Holder,WR498,,868.0,,868,,,,,
1246,Greg Bell,RB289,,868.0,,,,,868,,
1247,Jake Browning,QB119,,868.7,,,893,709,1004,,
1248,Deon Jackson,RB290,,869.0,,,,,869,,
1249,John Lovett,RB291,,870.0,,870,,,,,
1250,Quintez Cephus,WR499,,870.0,,1003,,,737,,
1251,Xavier Wade,WR500,,871.0,,871,,,,,
1252,Ke'Shawn Vaughn,RB292,,871.3,,1065,747,,802,,
1253,Terrell Bynum,WR501,,871.7,,1161,907,,547,,
1254,Tanner Brown,K58,,873.5,,,881,866,,,
1255,Alec Ingold,RB293,LAC,874.8,,1658,433,932,476,,
1256,Thaddeus Moss,TE253,,875.0,,1190,,,560,,
1257,Jarius Wright,WR502,,876.0,,876,,,,,
1258,Caden Prieskorn,TE254,,876.0,,1137,,482,1009,,
1259,Shaq Roland,WR503,CHI,877.0,,877,,,,,
1260,Trey Burton,TE255,,877.0,,,,,877,,
1261,Jesper Horsted,TE256,,877.5,,762,,,993,,
1262,Austin Walter,RB294,,878.0,,878,,,,,
1263,Jalin Hyatt,WR504,NYG,878.0,,,857,897,880,,
1264,Cameron Scarlett,RB295,,879.0,,879,,,,,
1265,Richie James,WR505,,879.0,,927,,,831,,
1266,Master Teague,RB296,,880.0,,880,,,,,
1267,Isaiah Washington,WR506,,880.5,,456,,,1305,,
1268,Tyrone Swoopes,TE257,,881.0,,881,,,,,
1269,Reid Sinnett,QB120,,881.0,,,,,881,,
1270,Avery Williams,RB297,,882.3,,1184,792,,671,,
1271,Tulu Griffin,WR507,,883.0,,348,,,1418,,
1272,Lucas Havrisik,K59,,883.0,,,911,855,,,
1273,John Ross,WR508,,883.0,,,974,,792,,
1274,Ben Braunecker,TE258,,884.0,,884,,,,,
1275,Andrew Beck,TE259,NYJ,884.0,,1139,471,889,1037,,
1276,Dwayne Washington,RB298,,884.0,,1241,,,527,,
1277,Johnny Wilson,WR509,PHI,884.3,,,565,731,1357,,
1278,Rory Starkey,WR510,,885.0,,885,,,,,
1279,Wayne Gallman,RB299,,885.0,,1209,,,561,,
1280,Tahj Washington,WR511,,885.0,,,927,672,1056,,
1281,Gee Scott,TE260,,885.0,,,,674,1096,,
1282,Chris Hilton Jr.,WR512,,885.3,,1058,,637,961,,
1283,Skylar Thompson,QB121,BAL,885.3,,,536,998,1122,,
1284,Chase Allen,TE261,,886.0,,886,,,,,
1285,Jamari Thrash,WR513,CLE,886.3,,668,564,868,1445,,
1286,Michael Carter,RB300,TEN,886.8,,2051,781,367,348,,
1287,Jadon Janke,WR514,,888.0,,955,,,821,,
1288,Nate Carter,RB301,,888.5,,,996,781,,,
1289,Mike Rigerman,TE262,,889.0,,889,,,,,
1290,Xavier Gipson,WR515,,889.3,,866,894,948,849,,
1291,Kobe Hudson,WR516,,890.0,,,,,890,,
1292,Robert Tonyan,TE263,PIT,890.3,,2076,503,469,513,,
1293,Kyle Allen,QB122,BUF,891.0,,1703,481,967,413,,
1294,Drew Allar,QB123,PIT,892.2,292,2289,448,969,375,,380
1295,Patrick Murtagh,TE264,,893.0,,893,,,,,
1296,Jerome Ford,RB302,WAS,893.0,291,,824,726,1129,,
1297,Joe Royer,TE265,CLE,893.8,,1994,605,524,452,,
1298,Trinity Benson,WR517,,894.0,,618,,,1170,,
1299,Joel Honigford,TE266,,894.0,,894,,,,,
1300,Sam Pitz,TE267,,894.0,,1054,,,734,,
1301,JaMycal Hasty,RB303,,894.0,,1198,767,814,797,,
1302,Ryan Coe,K60,,895.0,,895,,,,,
1303,Grant Calcaterra,TE268,PHI,895.0,,2044,533,537,466,,
1304,Tucker Fisk,TE269,,895.7,,,898,849,940,,
1305,Matt Corral,QB124,,896.0,,,,,896,,
1306,Frank Gore,RB304,,896.0,,,,,1390,,402
1307,Kendrick Ings,WR518,,897.0,,897,,,,,
1308,Tim Jones,WR519,JAX,897.3,,1379,834,793,583,,
1309,Daryl Virgies,RB305,,898.0,,898,,,,,
1310,Paul Geelen,K61,,898.5,,937,,860,,,
1311,Hakeem Butler,TE270,,898.5,,,,681,1116,,
1312,Ja'Quinden Jackson,RB306,,898.7,,814,,759,1123,,
1313,Dillon Mitchell,WR520,,899.0,,899,,,,,
1314,Malik Heath,WR521,ATL,899.5,,1319,889,566,824,,
1315,Rodney Williams,TE271,,900.0,,,900,,,,
1316,Jason Brownlee,WR522,,900.3,,,883,653,1165,,
1317,Brycen Tremayne,WR523,CAR,901.5,,1860,483,833,430,,
1318,Brenden Bates,TE272,,901.7,,,947,724,1034,,
1319,Racey McMath,WR524,,902.0,,787,,,1017,,
1320,Kaden Davis,WR525,CHI,903.3,,,957,683,1070,,
1321,John Stephens,TE273,,903.7,,722,938,,1051,,
1322,Darius Hagans,RB307,,904.0,,904,,,,,
1323,Tanner Conner,TE274,,904.3,,,837,729,1147,,
1324,Jalen Walthall,WR526,,905.0,,793,,636,1286,,
1325,Cephus Johnson,WR527,,905.5,,958,,,853,,
1326,Ke'Shawn Williams,WR528,CIN,905.7,,1304,496,917,,,
1327,Osirus Mitchell,WR529,,906.0,,906,,,,,
1328,Ben Mason,TE275,,906.0,,1050,,,762,,
1329,Durham Smythe,TE276,BAL,906.0,,1898,415,842,469,,
1330,Chip Trayanum,RB308,,906.0,,,,760,1052,,
1331,Cameron Latu,TE277,NE,906.5,,1824,546,878,378,,
1332,John Wolford,QB125,,906.8,,1106,770,968,783,,
1333,Christian Sims,TE278,,907.0,,907,,,,,
1334,Drew Plitt,QB126,,907.0,,,,,907,,
1335,Rodney Adams,WR530,,907.5,,450,,,1365,,
1336,CJ Donaldson,RB309,NO,907.7,,707,,791,1225,,
1337,Tra Carson,RB310,,908.0,,908,,,,,
1338,Melvin Gordon,RB311,,908.0,,978,,,838,,
1339,Dylan Parham,TE279,,908.0,,,,,908,,
1340,David Moore,WR531,CAR,908.5,,984,672,546,1432,,
1341,Zach Davidson,TE280,,908.7,,1293,793,,640,,
1342,Antonio Gandy-Golden,TE281,,909.0,,909,,,,,
1343,Jaheim Bell,TE282,,909.0,,,929,557,1241,,
1344,Jermaine Burton,WR532,,909.3,,1045,912,,771,,
1345,Kris Leach,TE283,,910.0,,910,,,,,
1346,Quincy Skinner,WR533,,910.5,,1152,,669,,,
1347,Terion Stewart,RB312,,910.7,,1322,,786,624,,
1348,Josh Cuevas,TE284,BAL,910.8,,2241,468,460,474,,
1349,Johnny King,WR534,,912.0,,912,,,,,
1350,Zach Heins,TE285,,913.0,,913,,,,,
1351,CJ Dippre,TE286,TB,913.3,,1157,1005,451,1040,,
1352,Cedrick Wilson,WR535,,913.5,,1185,636,879,954,,
1353,Tylan Wallace,WR536,CLE,913.5,,1772,523,876,483,,
1354,Jonathon Rumph,WR537,,916.0,,916,,,,,
1355,J. Michael Sturdivant,WR538,,916.3,,2010,618,658,379,,
1356,Nick Bowers,TE287,,918.5,,542,,,1295,,
1357,Shawn Bowman,TE288,ARI,918.5,,1333,,504,,,
1358,Hunter Renfrow,WR539,,918.8,,2180,648,403,444,,
1359,Elijah Cooks,WR540,,919.3,,1499,895,590,693,,
1360,Dalvin Cook,RB313,,919.3,,1274,685,,799,,
1361,Irv Smith,TE289,,919.3,,1406,679,,673,,
1362,Mike Boone,RB314,,920.3,,640,691,,1430,,
1363,Hunter Bryant,TE290,,920.5,,983,,,858,,
1364,Beau Corrales,WR541,,921.0,,921,,,,,
1365,Josh Whyle,TE291,GB,921.0,,2216,446,541,481,,
1366,Zach Wilson,QB127,NO,921.7,,,520,1026,1219,,
1367,Patrick Carr,RB315,,923.0,,923,,,,,
1368,Collin Johnson,WR542,,923.5,,,761,,1086,,
1369,Cole Fotheringham,TE292,,924.0,,,,,924,,
1370,JP Richardson,WR543,CHI,924.3,,1656,,583,534,,
1371,James Proche,WR544,,924.3,,,763,883,1127,,
1372,Gary Brightwell,RB316,,924.5,,934,788,754,1222,,
1373,Chase Edmonds,RB317,,924.5,,994,688,770,1246,,
1374,Jabari Small,RB318,DET,925.7,,771,,739,1267,,
1375,Trevor Siemian,QB128,,925.8,,1440,656,982,625,,
1376,Julian Hill,TE293,NE,925.8,,1754,551,708,690,,
1377,Lamar Jordan,QB129,,926.0,,926,,,,,
1378,Cody Thompson,WR545,,927.0,,888,808,,1085,,
1379,Robert Woods,WR546,,927.0,,,721,,1133,,
1380,Chase Cota,WR547,,928.0,,1081,,,775,,
1381,Tyler Davis,TE294,,928.0,,,,,928,,
1382,Jackson Meeks,WR548,DET,928.5,,1901,597,549,667,,
1383,Mark Walton,RB319,,930.0,,930,,,,,
1384,Xavier Guillory,WR549,BAL,930.0,,992,,586,1212,,
1385,Mike White,QB130,,930.0,,1596,645,,549,,
1386,Daylen Baldwin,WR550,,933.0,,,,,933,,
1387,Elijah Collins,RB320,,933.5,,537,,,1330,,
1388,Kwamie Lassiter,WR551,,935.5,,660,,,1211,,
1389,Steven Sims,WR552,,935.5,,,732,,1139,,
1390,Shaq Davis,WR553,,936.0,,936,,,,,
1391,Dareke Young,WR554,LV,936.8,,1867,476,919,485,,
1392,Joshua Simon,TE295,,937.0,,1261,,483,1067,,
1393,Garrett Nussmeier,QB131,KC,938.3,,1742,613,972,426,,
1394,Cornelius Johnson,WR555,,939.5,,1285,922,656,895,,
1395,Jamaal Pritchett,WR556,NYJ,939.7,,1330,,626,863,,
1396,Geor'Quarius Spivey,TE296,,940.0,,940,,,,,
1397,Nick Nash,WR557,,940.0,,,987,600,1233,,
1398,Mike Williams,WR558,,940.3,,947,702,,1172,,
1399,Jared Wayne,WR559,HOU,941.0,,1977,570,603,614,,
1400,Damien Harris,RB321,,941.5,,1530,,,353,,
1401,Skyy Moore,WR560,GB,941.5,,2039,501,885,341,,
1402,Daewood Davis,WR561,,942.0,,819,,,1065,,
1403,Harrison Bryant,TE297,,942.8,,1258,757,869,887,,
1404,Nick Fitzgerald,QB132,,943.0,,943,,,,,
1405,Desmond Ridder,QB133,,943.3,,,814,1009,1007,,
1406,Jalon Calhoun,WR562,,943.5,,1092,,,795,,
1407,Courtney Jackson,WR563,,943.5,,1316,,571,,,
1408,Kendric Pryor,WR564,,943.7,,,839,642,1350,,
1409,Josh Johnson,QB134,CIN,945.8,,900,729,1013,1141,,
1410,Mikah Holder,WR565,,946.0,,946,,,,,
1411,Jase McClellan,RB322,,946.3,,504,915,,1420,,
1412,Jaylon Moore,WR566,,946.5,,1183,,,710,,
1413,Deuce Vaughn,RB323,,947.0,,,851,823,1167,,
1414,Keith Smith,RB324,,948.0,,764,,,1132,,
1415,J.P. Holtz,TE298,,948.0,,,,,948,,
1416,Connor Heyward,TE299,LV,949.3,,1976,443,903,475,,
1417,Tyler Boyd,WR567,,949.3,,1088,703,,1057,,
1418,Miles Sanders,RB325,,949.8,,1286,674,396,1443,,
1419,Holton Ahlers,QB135,,950.0,,1312,,,588,,
1420,Emani Bailey,RB326,,950.0,,,,,950,,
1421,Sy Barnett,WR568,,951.0,,951,,,,,
1422,Quentin Skinner,WR569,,951.0,,980,1012,607,1205,,
1423,Jason Vander Laan,TE300,,952.0,,952,,,,,
1424,Brady Cook,QB136,MIA,952.3,,,592,1005,1260,,
1425,Lucas Krull,TE301,DEN,952.3,,,846,831,1180,,
1426,Tyler Scott,WR570,,952.7,,,867,803,1188,,
1427,Marchie Murdock,WR571,,953.0,,953,,,,,
1428,Gardner Minshew,QB137,ARI,953.5,344,1899,488,1024,403,,
1429,Parker Romo,K62,,954.0,,,954,,,,
1430,Brett Rypien,QB138,,954.3,,1686,658,956,517,,
1431,Myles Price,WR572,MIN,954.3,,,497,933,1433,,
1432,Davion Davis,WR573,,955.0,,,,,955,,
1433,Jamoi Mayes,WR574,,956.5,,490,,,1423,,
1434,Tim Boyle,QB139,,957.0,,801,664,,1406,,
1435,Kentrel Bullock,RB327,CIN,957.0,,1148,,766,,,
1436,Trestan Ebner,RB328,,958.5,,569,,,1348,,
1437,DeWayne McBride,RB329,,958.5,,,878,,1039,,
1438,Spencer Brown,RB330,,959.0,,1086,,,832,,
1439,Marquez Valdes-Scantling,WR575,,960.5,,1245,705,448,1444,,
1440,Jack Stoll,TE302,,961.5,,1176,801,811,1058,,
1441,William Thompson,QB140,,962.0,,962,,,,,
1442,Evan Hull,RB331,ARI,962.3,,,862,922,1103,,
1443,Baylor Cupp,TE303,,962.7,,1435,967,486,,,
1444,Tai Felton,WR576,MIN,962.8,,2161,457,899,334,,
1445,Jake Verity,K63,,963.0,,963,,,,,
1446,Dan Chisena,WR577,,963.3,,1124,773,728,1228,,
1447,Makai Polk,WR578,,965.0,,939,,,991,,
1448,Will Dissly,TE304,,965.0,,1443,687,432,1298,,
1449,David Durden,WR579,,965.5,,553,,,1378,,
1450,John Robinson-Woodgett,RB332,,966.0,,966,,,,,
1451,Lew Nichols,RB333,PIT,966.0,,,865,765,1268,,
1452,Xazavian Valladay,RB334,,967.0,,942,897,,1062,,
1453,De'Mornay Pierson-El,WR580,,967.0,,967,,,,,
1454,Chris Freeman,K64,,967.5,,1073,,862,,,
1455,Emory Jones,QB141,,968.0,,1550,,,386,,
1456,Kenny Yeboah,TE305,,968.5,,1417,795,538,1124,,
1457,Scottie Phillips,RB335,,969.0,,969,,,,,
1458,Penny Hart,WR581,,969.0,,1144,,,794,,
1459,Brandon Johnson,WR582,PIT,969.0,,1267,848,618,1143,,
1460,Pierre Strong,RB336,GB,970.0,,1979,819,809,837,,406
1461,Danny Gray,WR583,PHI,970.8,,1178,817,646,1242,,
1462,Gus Johnson,RB337,,973.0,,973,,,,,
1463,Ryan Tannehill,QB142,,973.0,,1189,,,757,,
1464,Andy Janovich,RB338,,974.0,,974,,,,,
1465,Rahsul Faison,RB339,,975.0,,,,,975,,
1466,Chris Collier,RB340,LV,975.5,,1535,572,850,945,,
1467,Erik Ezukanma,WR584,,976.3,,2109,818,657,321,,
1468,Parris Campbell,WR585,,976.8,,1254,677,704,1272,,
1469,Will Hastings,WR586,,977.0,,977,,,,,
1470,Andrew Armstrong,WR587,KC,978.5,,,,589,1368,,
1471,Elijah McGuire,RB341,KC,979.0,,979,,,,,
1472,Dennis Houston,WR588,TB,979.0,,,847,675,1415,,
1473,Hassan Haskins,RB342,NE,979.7,,,812,943,1184,,
1474,Chris Myarick,TE306,LV,980.7,,1944,,454,544,,
1475,Slade Bolden,WR589,,981.0,,850,,,1112,,
1476,DJ Uiagalelei,QB143,LAC,981.0,,,,981,,,
1477,Payton Thorne,QB144,,981.5,,1196,,,767,,
1478,Kano Dillon,TE307,,982.0,,982,,,,,
1479,Lance McCutcheon,WR590,,982.0,,,,673,1291,,
1480,Malik Cunningham,QB145,,982.5,,1760,891,647,632,,
1481,Will Sheppard,WR591,MIA,983.0,,1714,,617,1202,,399
1482,Gus Edwards,RB343,,984.7,,1568,701,,685,,
1483,Dillon Bell,WR592,MIN,985.0,,,,668,1302,,
1484,P.J. Walker,QB146,,985.0,,,,,985,,
1485,Jeff Wilson,RB344,,985.3,,1481,662,,813,,
1486,Israel Abanikanda,RB345,DAL,985.3,,,863,778,1315,,
1487,Curtis Samuel,WR593,,985.5,,2090,692,556,604,,
1488,Ryan Miller,WR594,MIA,985.8,,1353,557,873,1160,,
1489,Will Mallory,TE308,IND,985.8,,2270,548,559,566,,
1490,Dayton Wade,WR595,,986.0,,932,,677,1349,,
1491,Jordan Byrd,WR596,,986.0,,986,,,,,
1492,Jalen Brooks,WR597,ARI,986.3,,2131,502,888,424,,
1493,Drake Stoops,WR598,,987.0,,577,,,1397,,
1494,Tim Semisch,TE309,,987.0,,987,,,,,
1495,Parker Hesse,TE310,,987.5,,,798,,1177,,
1496,Carl Tucker,TE311,,988.0,,988,,,,,
1497,Brycen Hopkins,TE312,,988.5,,1589,,,388,,
1498,Brandon Smith,WR599,PIT,989.0,,1415,830,652,1059,,
1499,Sal Cannella,TE313,,989.5,,1741,1001,463,753,,
1500,Anthony Brown,QB147,,989.5,,,845,,1134,,
1501,Darius Bradwell,RB346,,990.0,,990,,,,,
1502,Brennan Presley,WR600,LAR,991.0,,1432,1018,616,898,,
1503,David Bell,WR601,,991.7,,1262,816,,897,,
1504,Branden Mack,WR602,,995.0,,995,,,,,
1505,Taiwan Jones,RB347,,995.0,,,,,995,,
1506,Britain Covey,WR603,PHI,995.3,,,842,914,1230,,
1507,Clayton Tune,QB148,,995.3,,,876,1015,1095,,
1508,Malik Flowers,WR604,,995.5,,718,,,1273,,
1509,Kearis Jackson,WR605,,996.7,,1419,896,,675,,
1510,James Gilbert,RB348,,997.0,,997,,,,,
1511,Ricky Seals-Jones,TE314,,997.0,,,,,997,,
1512,Austin Proehl,WR606,,998.0,,998,,,,,
1513,Clive Walford,TE315,,999.0,,1210,,,788,,
1514,John Rhys Plumlee,QB149,,999.0,,1400,,598,,,
1515,Bryce Ford-Wheaton,WR607,,999.0,,,942,806,1249,,
1516,Sammis Reyes,TE316,,999.5,,1320,,,679,,
1517,Neal Johnson,TE317,,1002.5,,1276,,,729,,
1518,Robert Turbin,RB349,,1004.0,,1004,,,,,
1519,Jonathan Ward,RB350,BAL,1004.3,,,775,843,1395,,
1520,JJ Laap,WR608,,1005.0,,1005,,,,,
1521,Sam Pinckney,WR609,,1005.0,,,,,1005,,
1522,Justin Stockton,RB351,,1006.0,,1006,,,,,
1523,Camren McDonald,TE318,,1007.0,,1007,,,,,
1524,Philip Rivers,QB150,,1009.0,,,1009,,,,
1525,Jared Wiley,TE319,KC,1009.3,,1896,563,467,1111,,
1526,James Butler,RB352,,1010.0,,1010,,,,,
1527,Bernhard Seikovits,TE320,,1010.0,,,,,1010,,
1528,Blake Watson,RB353,,1010.3,,1002,937,774,1328,,
1529,Sam Brown,WR610,,1010.5,,1181,,,840,,
1530,Jaren Hall,QB151,,1011.0,,,874,,1148,,
1531,Randall Cobb,WR611,,1011.0,,,,,1011,,
1532,Drew Lock,QB152,SEA,1012.5,,2160,484,935,471,,
1533,Jack Westover,TE321,WAS,1012.8,,1205,968,912,966,,
1534,Ricky Seale,RB354,,1013.0,,1013,,,,,
1535,Joshua Dobbs,QB153,DET,1013.0,,2150,465,1025,412,,
1536,Jerome Cunningham,TE322,,1014.0,,1014,,,,,
1537,John Copenhaver,TE323,,1014.0,,1069,,,959,,
1538,Brandon McManus,K65,,1014.0,,1955,722,365,,,
1539,Tarik Black,WR612,,1014.0,,,,670,1358,,
1540,Alexander Hollins,WR613,,1015.0,,1015,,,,,
1541,Artavis Pierce,RB355,,1017.0,,1017,,,,,
1542,DeVante Parker,WR614,,1017.5,,710,,,1325,,
1543,Valentino Ambrosio,K66,,1018.0,,1018,,,,,
1544,Josh Kelly,WR615,HOU,1018.0,,1079,,576,1399,,
1545,Garrett Groshek,RB356,,1019.0,,1019,,,,,
1546,James Robinson,RB357,,1019.0,,1416,,,622,,
1547,Dominik Eberle,K67,,1020.0,,1020,,,,,
1548,Denzel Mims,WR616,,1020.3,,1271,,660,1130,,
1549,Keelan Doss,WR617,,1020.5,,1345,,,696,,
1550,Bailey Zappe,QB154,NYJ,1020.7,,,825,983,1254,,
1551,Dax Milne,WR618,,1021.0,,,,,1021,,
1552,D'Onta Foreman,RB358,,1021.7,,1257,694,,1114,,
1553,Cam Worthy,WR619,,1022.0,,1022,,,,,
1554,Desmond Reid,RB359,,1022.0,,1506,,737,823,,
1555,Kenny Stills,WR620,,1023.0,,1023,,,,,
1556,Ricky White,WR621,SEA,1023.0,,1874,982,645,591,,
1557,Joshua Karty,K68,,1024.0,,1766,914,392,,,
1558,David Wells,TE324,,1024.0,,,,,1024,,
1559,Troy Fumagalli,TE325,,1024.5,,957,,,1092,,
1560,Allen Robinson,WR622,,1024.7,,1223,716,,1135,,
1561,Moritz Bohringer,TE326,,1025.0,,1025,,,,,
1562,Tony Jones,RB360,,1025.5,,,776,,1275,,
1563,Easton Stick,QB155,TB,1025.8,,1074,661,986,1382,,
1564,Blake Bell,TE327,,1027.0,,1208,,,846,,
1565,Jeff Caldwell,WR623,KC,1027.3,,1931,,599,552,,
1566,Laquon Treadwell,WR624,IND,1027.8,,2031,432,916,732,,
1567,Artavis Scott,WR625,,1028.0,,1028,,,,,
1568,Dominic Lovett,WR626,DET,1029.0,,1026,985,659,1446,,
1569,Malik Knowles,WR627,,1030.0,,656,,,1404,,
1570,Davis Webb,QB156,,1030.0,,1030,,,,,
1571,Jalen White,RB361,,1030.0,,1670,,,390,,
1572,Chris Pierce,TE328,,1030.0,,,,,1030,,
1573,Jakob Johnson,RB362,,1030.5,,,738,,1323,,
1574,Tavien Feaster,RB363,ARI,1031.0,,1031,,,,,
1575,Freddie Swain,WR628,,1031.0,,,,706,1356,,
1576,John Paddock,QB157,,1032.0,,1032,,,,,
1577,Beaux Collins,WR629,ATL,1032.8,,1938,591,881,721,,
1578,Darrin Hall,RB364,,1033.0,,1033,,,,,
1579,Mecole Hardman,WR630,,1033.5,,1468,667,712,1287,,
1580,Christian Trahan,TE329,,1034.0,,1034,,,,,
1581,Keaontay Ingram,RB365,,1034.3,,1957,820,757,603,,
1582,Aaron Anderson,WR631,,1034.3,,1855,,621,627,,
1583,Peewee Jarrett,QB158,,1035.0,,1035,,,,,
1584,Elijhah Badger,WR632,,1035.0,,1513,,,557,,
1585,Alex Erickson,WR633,,1035.3,,1239,635,,1232,,
1586,Mason Kinsey,WR634,,1035.8,,1745,805,901,692,,
1587,Dion Lewis,RB366,,1036.0,,1036,,,,,
1588,Cole Turner,TE330,MIA,1036.3,,1717,534,515,1379,,
1589,Marvin Jones,WR635,,1036.5,,1484,,,589,,
1590,Junior Bergen,WR636,,1036.8,,1832,986,579,750,,
1591,Ryan Switzer,WR637,,1037.0,,1037,,,,,
1592,Bailey Gaither,WR638,,1037.0,,1246,,,828,,
1593,Cordarrelle Patterson,RB367,,1037.0,,1498,651,,962,,
1594,Tony Brown,WR639,,1037.0,,,778,,1296,,
1595,Nick Vannett,TE331,BAL,1037.3,,1713,626,441,1369,,
1596,Lucky Jackson,WR640,DET,1037.7,,1721,,694,698,,
1597,Sean Clifford,QB159,CIN,1037.7,,,860,992,1261,,
1598,Brian Johnson,K69,,1038.0,,1038,,,,,
1599,Dymere Miller,WR641,,1038.0,,,,,1038,,
1600,Case Keenum,QB160,CHI,1039.0,,1647,513,977,1019,,
1601,Cody White,WR642,LV,1039.0,,1682,797,802,875,,
1602,Zach Evans,RB368,,1039.5,,,853,,1226,,
1603,Carter Bradley,QB161,,1040.7,,735,,970,1417,,
1604,Tyshaun James,WR643,,1041.0,,1041,,,,,
1605,Zach Gentry,TE332,,1041.0,,,,,1041,,
1606,Joshua Cephus,WR644,,1041.3,,2023,959,635,548,,
1607,Charlie Jones,WR645,NYG,1041.7,,,861,925,1339,,
1608,Tyler Adams,WR646,,1042.0,,1042,,,,,
1609,ShunDerrick Powell,RB369,,1042.5,,1332,,753,,,
1610,Jalin Moore,RB370,,1043.0,,1043,,,,,
1611,Richard Rodgers,TE333,,1043.5,,1311,,,776,,
1612,Jalen Greene,WR647,,1044.0,,1044,,,,,
1613,Stanley Morgan,WR648,,1044.0,,,,,1044,,
1614,Terrace Marshall,WR649,,1044.3,,1529,783,734,1131,,
1615,Josh Williams,RB371,TB,1044.5,,1548,998,775,857,,
1616,Ayir Asante,WR650,,1045.5,,1102,,,989,,
1617,Quayvon Hicks,RB372,,1046.0,,1046,,,,,
1618,Johnathan Lloyd,WR651,,1047.0,,1047,,,,,
1619,Andre Roberts,WR652,,1047.0,,,,,1047,,
1620,Chandler Brayboy,WR653,,1047.3,,1518,993,614,1064,,
1621,Carson Steele,RB373,PHI,1048.3,,1240,940,826,1187,,
1622,Lewis Bond,WR654,HOU,1048.3,,1913,1020,608,652,,
1623,Luke Grimm,WR655,,1048.5,,,,684,1413,,
1624,Equanimeous St. Brown,WR656,,1049.3,,1492,668,,988,,
1625,Luke Lachey,TE334,,1050.8,,1735,980,488,1000,,
1626,Josh Malone,WR657,,1051.0,,1051,,,,,
1627,David Blough,QB162,,1052.0,,1450,,,654,,
1628,Gerrid Doaks,RB374,,1052.5,,1363,,,742,,
1629,Jacob Huesman,QB163,,1053.0,,1053,,,,,
1630,Laviska Shenault,WR658,,1053.5,,,752,,1355,,
1631,Cody Kessler,QB164,,1055.0,,1055,,,,,
1632,TJ Harden,RB375,,1055.0,,,,769,1341,,
1633,Jeff Smith,WR659,,1055.5,,1244,,,867,,
1634,Damion Jeanpiere,WR660,,1056.0,,1056,,,,,
1635,Keleki Latu,TE335,BUF,1057.5,,2063,595,490,1082,,
1636,Ryan Davis,WR661,,1060.0,,1060,,,,,
1637,Justin Watson,WR662,,1060.5,,2201,628,696,717,,
1638,Nyheim Hines,RB376,,1062.0,,1448,676,,,,
1639,Zack Moss,RB377,,1062.0,,,748,,1376,,
1640,Lan Larison,RB378,NE,1062.0,,,994,785,1407,,
1641,Austin Appleby,QB165,,1063.0,,1063,,,,,
1642,Matt Prater,K70,,1063.7,,2074,728,389,,,
1643,J.J. Arcega-Whiteside,TE336,,1064.0,,1064,,,,,
1644,Brayden Willis,TE337,SF,1064.3,,1990,550,898,819,,
1645,AJ Henning,WR663,,1065.3,,2052,1023,628,558,,
1646,Russell Wilson,QB166,,1065.5,,2193,727,792,550,,
1647,Kaylon Horton,WR664,,1066.0,,1066,,,,,
1648,Rodney Smith,RB379,,1066.0,,1404,,,728,,
1649,Scotty Miller,WR665,CHI,1066.0,,2250,659,822,533,,
1650,Ezekiel Elliott,RB380,,1066.7,,2153,700,,347,,
1651,Matt Bryant,K71,,1067.0,,1067,,,,,
1652,Cam Johnson,WR666,,1068.0,,1068,,,,,
1653,Grant DuBose,WR667,,1068.0,,,866,,1270,,
1654,Austin Allen,TE338,,1069.0,,1057,,,1081,,
1655,John Franklin,WR668,,1070.0,,1070,,,,,
1656,Kenny McIntosh,RB381,,1070.0,,2020,869,819,572,,
1657,L.J. Scott,RB382,,1072.0,,1072,,,,,
1658,Dontrell Hilliard,RB383,,1072.0,,,,,1072,,
1659,Marcus Rosemy-Jacksaint,WR669,,1073.0,,761,,,1385,,
1660,Jack Podlesny,K72,,1075.0,,1075,,,,,
1661,Nick Mullens,QB167,JAX,1075.0,,1622,655,1029,994,,
1662,Xavier Grimble,TE339,,1075.0,,,,,1075,,
1663,Sam Wiglusz,WR670,,1075.5,,882,,,1269,,
1664,Quincy McDuffie,WR671,,1076.0,,1076,,,,,
1665,Ja'Lynn Polk,WR672,,1076.2,,2098,913,716,1251,,403
1666,Will Grier,QB168,,1076.5,,,,984,1169,,
1667,Ronald Jones,RB384,,1077.0,,1077,,,,,
1668,Tyler Mabry,TE340,,1079.0,,1351,807,,,,
1669,Bryce Oliver,WR673,CLE,1079.7,,1560,956,723,,,
1670,Kelvin Harmon,WR674,,1080.0,,,,,1080,,
1671,Mark Gronowski,QB169,,1082.0,,,,971,1193,,
1672,Josh Pederson,TE341,,1084.0,,728,,,1440,,
1673,N'Keal Harry,WR675,,1084.0,,1059,,,1109,,
1674,Jimmy Graham,TE342,,1084.0,,1084,,,,,
1675,Aaron Shampklin,RB385,,1084.0,,,953,,1215,,
1676,Patrick Laird,RB386,,1085.0,,1314,,,856,,
1677,Jordan Matthews,TE343,,1086.3,,1338,666,,1255,,
1678,Max Brosmer,QB170,MIN,1086.3,,,1006,1022,1231,,
1679,Deneric Prince,RB387,,1086.8,,2152,882,750,563,,
1680,Jake Kumerow,WR676,,1087.0,,931,,,1243,,
1681,Johnny Johnson,WR677,,1087.0,,,,,1087,,
1682,Kristian Wilkerson,WR678,,1087.3,,1769,779,665,1136,,
1683,Pharoh Cooper,WR679,,1087.5,,837,,,1338,,
1684,Jody Fortson,TE344,,1088.0,,,796,,1380,,
1685,Josh Ali,WR680,,1089.0,,,,,1089,,
1686,Isaiah Neyor,WR681,GB,1089.3,,1854,989,654,860,,
1687,Damon Hazelton,WR682,,1090.0,,1090,,,,,
1688,Treveyon Pratt,WR683,,1091.0,,1091,,,,,
1689,La'Michael Pettway,TE345,,1092.0,,1156,,,1028,,
1690,Noah Whittington,RB388,HOU,1092.0,,1558,,787,931,,
1691,Brenden Rice,WR684,,1092.8,,1894,917,689,871,,
1692,Ryquell Armstead,RB389,,1093.0,,1093,,,,,
1693,Michael Jacobson,TE346,,1093.0,,1155,,,1031,,
1694,Tyler Goodson,RB390,ATL,1093.4,,2008,901,946,1214,,398
1695,Spencer Ware,RB391,,1094.0,,1094,,,,,
1696,Elijah Moore,WR685,PHI,1094.8,,2299,519,543,1018,,
1697,Thomas Greaney,TE347,,1095.0,,1095,,,,,
1698,Mathew Sexton,WR686,,1095.0,,1661,,,529,,
1699,Changa Hodge,WR687,,1097.0,,1097,,,,,
1700,LeVante Bellamy,RB392,,1098.0,,1098,,,,,
1701,Ben Skowronek,WR688,PIT,1098.3,,1740,491,900,1262,,
1702,CJ Verdell,RB393,,1100.0,,1100,,,,,
1703,Henry Pearson,RB394,,1100.0,,1296,904,,,,
1704,Nathan Rourke,QB171,,1100.0,,,908,,1292,,
1705,Mark Weisman,RB395,,1101.0,,1101,,,,,
1706,Godwin Igwebuike,RB396,,1102.0,,869,,,1335,,
1707,Malcolm Perry,WR689,,1102.0,,890,,,1314,,
1708,Blake Sims,QB172,,1103.0,,1103,,,,,
1709,Eno Benjamin,RB397,,1104.0,,863,,,1345,,
1710,Cooper Rush,QB173,ATL,1104.0,,1972,505,1021,918,,
1711,Johnny Mundt,TE348,PHI,1104.0,,2293,479,715,929,,
1712,Brett Hundley,QB174,,1105.0,,1105,,,,,
1713,Kaden Prather,WR690,,1105.0,,2069,983,692,676,,
1714,Dorian Thompson-Robinson,QB175,,1105.7,,1687,871,,759,,
1715,Brayden Lenius,TE349,,1107.0,,1107,,,,,
1716,Xavier Restrepo,WR691,TEN,1107.0,,1857,988,568,1015,,
1717,Jaret Patterson,RB398,,1107.3,,1883,794,562,1190,,
1718,Jude McAtamney,K73,,1107.5,,1242,973,,,,
1719,Austin Trammell,WR692,JAX,1107.8,,1591,844,877,1119,,
1720,Martavis Bryant,WR693,,1108.0,,1108,,,,,
1721,Taquan Mizzell,RB399,NYG,1109.0,,1109,,,,,
1722,Griffin Hebert,TE350,,1110.0,,1110,,,1110,,
1723,Patrick Taylor,RB400,,1110.3,,1808,804,725,1104,,
1724,Tanner Taula,TE351,,1110.5,,918,,,1303,,
1725,Jacolby George,WR694,,1110.5,,1166,,,1055,,
1726,George Aston,RB401,,1111.0,,1111,,,,,
1727,Ethan Garbers,QB176,,1112.5,,914,,,1311,,
1728,Ellis Richardson,TE352,,1113.0,,1113,,,,,
1729,Gabriel Plascencia,K74,,1113.0,,1361,,865,,,
1730,Brian Hill,RB402,,1113.0,,,,,1113,,
1731,Gage Larvadain,WR695,,1113.3,,1456,997,887,,,
1732,Rivaldo Fairweather,TE353,,1113.3,,2001,,475,864,,
1733,Ricky Ortiz,RB403,,1114.0,,1114,,,,,
1734,Elijah Mitchell,RB404,,1114.0,,1549,787,788,1332,,
1735,Dalyn Dawkins,RB405,,1115.0,,1115,,,,,
1736,JaQuae Jackson,WR696,,1115.0,,1411,,641,1293,,
1737,TD Ayo-Durojaiye,RB406,,1116.0,,1116,,,,,
1738,Ulysses Bentley,RB407,,1117.8,,1409,1016,762,1284,,
1739,J.J. Nelson,WR697,,1120.0,,1120,,,,,
1740,Aidan O'Connell,QB177,LV,1120.0,,1653,549,941,1337,,
1741,Sawyer Robertson,QB178,,1120.0,,,,996,1244,,
1742,C.J. Beathard,QB179,,1121.0,,,,,1121,,
1743,Noah Thomas,WR698,CIN,1121.3,,1439,,662,1263,,
1744,Chase Cota,WR699,,1122.5,,1355,890,,,,
1745,Benny Snell,RB408,,1122.5,,1412,,,833,,
1746,Justice Shelton-Mosley,WR700,,1123.0,,1123,,,,,
1747,Braxton Berrios,WR701,NYG,1123.5,,2128,494,882,990,,
1748,Jaydn Ott,RB409,KC,1124.0,,1299,,755,1318,,
1749,Malik Earl,WR702,,1125.0,,1125,,,,,
1750,Nsimba Webster,WR703,,1125.0,,1269,,,981,,
1751,Dan Villari,TE354,LAR,1125.0,,1889,,499,987,,
1752,Craig Reynolds,RB410,WAS,1125.3,,1427,740,953,1381,,
1753,Jevoni Robinson,TE355,,1127.0,,1127,,,,,
1754,DeeJay Dallas,RB411,MIN,1127.5,,1890,754,952,914,,
1755,Tyler Ferguson,QB180,,1128.0,,1128,,,,,
1756,Aca'Cedric Ware,RB412,,1129.0,,1129,,,,,
1757,Casey Bauman,QB181,,1130.0,,1130,,,,,
1758,Montrell Washington,WR704,,1130.3,,1925,828,572,1196,,
1759,Justin Shorter,WR705,LV,1130.3,,2268,547,550,1156,,
1760,Andre Baccellia,WR706,,1130.5,,1914,843,895,870,,
1761,Marcus Simms,WR707,,1131.0,,1131,,,,,
1762,John Kelly,RB413,,1132.3,,1723,660,,1014,,
1763,Jalen Guyton,WR708,,1132.5,,948,,,1317,,
1764,Tyreik McAllister,RB414,,1132.5,,,944,,1321,,
1765,Joaquin Davis,WR709,,1134.5,,1621,,648,,,
1766,Shane Buechele,QB182,BUF,1134.8,,2133,838,974,594,,
1767,Michael Ezeike,TE356,,1135.5,,1259,,,1012,,
1768,Fred Trevillion,WR710,,1136.0,,1136,,,,,
1769,Adrian Martinez,QB183,,1136.5,,1287,1019,960,1280,,
1770,Tom Kennedy,WR711,DET,1136.5,,1511,741,880,1414,,
1771,Jonathan Mingo,WR712,DAL,1136.8,,2295,472,906,874,,
1772,Dae'quan Wright,TE357,,1137.0,,2017,,521,873,,
1773,Jacob Warren,TE358,,1138.0,,924,,,1352,,
1774,Malik Turner,WR713,,1138.3,,2024,638,610,1281,,
1775,Chester Rogers,WR714,,1138.5,,1378,,,899,,
1776,Robert Martin,RB415,,1140.0,,1140,,,,,
1777,Zach Mathis,WR715,,1141.0,,1141,,,,,
1778,Alize Mack,TE359,,1142.0,,1142,,,,,
1779,Elijah Dotson,RB416,,1142.3,,1594,887,,946,,
1780,Alex Ellis,TE360,,1143.0,,1143,,,,,
1781,Devin Culp,TE361,TB,1143.3,,1756,924,462,1431,,
1782,Shi Smith,WR716,,1144.0,,,,,1144,,
1783,Da'Quan Felton,WR717,,1144.3,,1441,,688,1304,,
1784,Xavier Weaver,WR718,,1144.5,,1444,945,846,1343,,
1785,Brian Lewerke,QB184,,1145.0,,1145,,,,,
1786,Jakobie Keeney-James,WR719,,1145.8,,2304,1002,578,699,,
1787,Trey Potts,RB417,,1146.0,,1146,,,,,
1788,Johnny Lumpkin,TE362,,1147.0,,1071,,,1223,,
1789,T.J. Luther,WR720,,1147.0,,1393,,,901,,
1790,Robert Burns,RB418,,1147.5,,964,,,1331,,
1791,Marqise Lee,WR721,,1149.0,,1149,,,,,
1792,Sam Ehlinger,QB185,DEN,1149.3,,1718,526,991,1362,,
1793,Owen Wright,RB419,,1149.5,,2305,906,761,626,,
1794,Chandler Cox,RB420,,1150.0,,1150,,,,,
1795,Casey Washington,WR722,CAR,1150.8,,2079,920,719,885,,
1796,Mike Bercovici,QB186,,1151.0,,1151,,,,,
1797,Tre'Shaun Harrison,WR723,,1152.5,,1961,,,344,,
1798,Devin Asiasi,TE363,,1153.5,,905,,,1402,,
1799,Ryan Griffin,QB187,,1154.0,,1154,,,,,
1800,Diego Pavia,QB188,,1154.0,,,,995,1313,,
1801,Kevin Rader,TE364,,1154.0,,,,,1154,,
1802,Jermaine Terry,TE365,,1155.5,,1800,,511,,,
1803,Taylor Heinicke,QB189,,1156.3,,1636,644,,1189,,
1804,Jaydon Mickens,WR724,,1157.0,,,,,1157,,
1805,Sawyer Robertson,QB190,,1158.0,,1158,,,,,
1806,Trayveon Williams,RB421,,1158.0,,2000,654,924,1054,,
1807,Daijun Edwards,RB422,,1158.5,,1602,,,715,,
1808,Tommylee Lewis,WR725,,1159.0,,1159,,,,,
1809,Kedon Slovis,QB191,GB,1159.0,,1684,1007,961,984,,
1810,Bo Melton,WR726,GB,1159.3,,2196,434,848,,,
1811,Brandon Brown-Dukes,RB423,,1160.0,,1160,,,,,
1812,James O'Shaughnessy,TE366,,1160.5,,1576,,,745,,
1813,Zavier Scott,WR727,CHI,1161.0,,2170,999,824,651,,
1814,Jaelen Gill,WR728,,1162.0,,1162,,,,,
1815,Keilahn Harris,WR729,,1163.0,,1253,,,1073,,
1816,Trent Sherfield,WR730,BUF,1164.0,,2281,624,904,847,,
1817,Jordan Scarlett,RB424,MIA,1165.0,,1165,,,,,
1818,Marquise Goodwin,WR731,,1165.0,,1418,,,912,,
1819,Khalan Laborn,RB425,,1165.5,,1233,,,1098,,
1820,Kurtis Rourke,QB192,SF,1166.8,,1871,583,976,1237,,
1821,Jamal Pettigrew,TE367,,1167.0,,1167,,,,,
1822,SaRodorick Thompson,RB426,,1167.0,,1823,909,,769,,
1823,Cam Serigne,TE368,,1168.0,,1168,,,,,
1824,Jake Luton,QB193,,1168.0,,,,,1168,,
1825,Joseph Parker,WR732,,1169.0,,1169,,,,,
1826,Daniel Brown,TE369,,1170.0,,1170,,,,,
1827,Tanner McLachlan,TE370,,1170.3,,2255,934,514,978,,
1828,Ross Martin,K75,,1171.0,,1171,,,,,
1829,Jalen Richard,RB427,LV,1173.0,,1369,,,977,,
1830,Tyrone Broden,WR733,,1173.0,,1607,,622,1290,,
1831,Ronnie Bell,WR734,LV,1173.5,,2054,872,795,973,,
1832,Pat Conroy,TE371,,1174.0,,1174,,,,,
1833,Stephen Sullivan,TE372,,1175.7,,1321,764,,1442,,
1834,Marcell Ateman,WR735,,1176.0,,,,,1176,,
1835,Bub Means,WR736,CLE,1176.3,,2078,919,449,1259,,
1836,Dan Vitale,RB428,,1177.0,,1177,,,,,
1837,Maddux Trujillo,K76,,1178.5,,1503,,854,,,
1838,Dexter Williams,RB429,,1179.0,,1179,,,,,
1839,Phillip Brooks,WR737,,1179.0,,1761,,,597,,
1840,Dai'Jean Dixon,WR738,,1179.5,,1339,,,1020,,
1841,Jahmal Banks,WR739,,1179.5,,1679,,,680,,
1842,Ramiz Ahmed,K77,,1180.0,,1180,,,,,
1843,De'Anthony Thomas,WR740,,1181.0,,1776,,,586,,
1844,Deven Thompkins,WR741,LV,1181.8,,2274,832,910,711,,
1845,Riley Ridley,WR742,,1182.0,,1182,,,,,
1846,Kendall Blanton,TE373,,1182.5,,1767,,,598,,
1847,Monaray Baldwin,WR743,,1184.0,,933,,,1435,,
1848,Bryan Edwards,WR744,,1186.0,,1186,,,,,
1849,Darrius Shepherd,WR745,,1187.0,,1187,,,,,
1850,Jake Haener,QB194,NYG,1190.8,,1541,870,1012,1340,,
1851,Marcus Riley,WR746,,1191.0,,1191,,,,,
1852,Dillon Johnson,RB430,,1191.5,,1466,,,917,,
1853,Marcus Cooper,RB431,,1192.0,,1192,,,,,
1854,Leonard Taylor,TE374,,1193.0,,1743,,,643,,
1855,Evan Baylis,TE375,,1195.0,,1195,,,,,
1856,Blake Bortles,QB195,NO,1197.0,,1197,,,,,
1857,Travis Vokolek,TE376,ARI,1197.8,,1986,905,476,1424,,
1858,Ja'Corey Brooks,WR747,,1198.5,,1885,995,685,1229,,
1859,Micah Simon,WR748,CAR,1199.0,,1199,,,,,
1860,Matt Ammendola,K78,,1200.0,,1200,,,,,
1861,Tanner Mordecai,QB196,,1200.5,,1193,,,1208,,
1862,Allen Lazard,WR749,,1200.7,,2190,646,,766,,
1863,Alex McNulty,K79,,1201.0,,1201,,,,,
1864,Daurice Fountain,WR750,,1201.5,,1039,,,1364,,
1865,Kendal Thompson,WR751,,1203.0,,1203,,,,,
1866,Kalel Mullings,RB432,TEN,1204.0,,2111,978,764,963,,
1867,Jacob Hollister,TE377,,1205.5,,1525,,,886,,
1868,Stephen Gostkowski,K80,,1206.0,,1206,,,,,
1869,Miles Boykin,WR752,,1206.0,,,,,1206,,
1870,Monte Pottebaum,RB433,,1207.0,,1207,,,,,
1871,Gary Jennings,WR753,,1208.5,,1829,,588,,,
1872,Isaiah Spiller,RB434,,1210.0,,,,,1210,,
1873,Javon McKinley,WR754,,1211.0,,1211,,,,,
1874,Ja'Quan Gardner,RB435,,1212.0,,1212,,,,,
1875,Bryant Koback,RB436,,1212.0,,1724,,,700,,
1876,Antoine Green,WR755,,1212.0,,1812,873,,951,,
1877,Adam Thielen,WR756,,1212.7,,1752,723,,1163,,
1878,Jay Lee,WR757,,1213.0,,1213,,,,,
1879,Cam Akers,RB437,,1213.3,,1512,745,,1383,,
1880,Jacardia Wright,RB438,SEA,1213.7,,1887,1014,740,,,
1881,John Ursua,WR758,,1214.0,,1214,,,,,
1882,Kyle Trask,QB197,,1214.0,,1825,785,994,1252,,
1883,Scott Orndoff,TE378,,1215.0,,1215,,,,,
1884,Terique Owens,WR759,,1215.5,,1204,,,1227,,
1885,Landon Rice,TE379,,1216.0,,1216,,,,,
1886,Cole Beasley,WR760,,1216.0,,,,,1216,,
1887,Justin Hall,WR761,,1216.5,,1878,,,555,,
1888,Devante Davis,WR762,,1217.0,,1217,,,,,
1889,Blaine Gabbert,QB198,,1217.0,,,,,1217,,
1890,Zach Horton,TE380,,1217.3,,2134,1013,505,,,
1891,Jared Rice,TE381,,1219.0,,1219,,,,,
1892,Kendall Milton,RB439,CIN,1219.8,,2061,961,752,1105,,
1893,Frank Darby,WR763,,1220.0,,,,,1220,,
1894,Shelton Gibson,WR764,,1221.0,,1221,,,,,
1895,Stanley Berryhill,WR765,,1222.0,,1222,,,,,
1896,Travis Homer,RB440,PIT,1222.0,,2204,669,1007,1008,,
1897,Jermaine Jackson,WR766,,1223.0,,1474,972,,,,
1898,Jerjuan Newton,WR767,,1223.5,,1473,,,974,,
1899,Joshua Kelley,RB441,,1223.7,,2258,750,,663,,
1900,Tommy Mellott,QB199,,1224.7,,2182,977,,515,,
1901,Hunter Kampmoyer,TE382,,1227.0,,1227,,,,,
1902,La'Damian Webb,RB442,,1228.0,,1228,,,,,
1903,BJ Baylor,RB443,,1231.0,,1231,,,,,
1904,Reggie Begelton,WR768,,1234.0,,1234,,,,,
1905,Isaiah Wooden,WR769,,1234.7,,1597,,682,1425,,
1906,Ja'Seem Reed,WR770,CAR,1235.0,,1877,,593,,,
1907,Andy Isabella,WR771,,1235.5,,1096,,,1375,,
1908,Javon Leake,RB444,,1236.0,,1236,,,,,
1909,Rashod Owens,WR772,,1237.0,,1082,,,1392,,
1910,Jonathan Williams,RB445,,1237.0,,1237,,,,,
1911,Josiah Price,TE383,,1238.0,,1238,,,,,
1912,Izaiah Gathings,TE384,,1238.5,,1352,,,1125,,
1913,Brandon Bolden,RB446,,1239.5,,1279,,,1200,,
1914,Alfonzo Graham,RB447,,1239.5,,1380,,,1099,,
1915,Mason Fairchild,TE385,,1242.0,,1175,,,1309,,
1916,Donovan Edwards,RB448,,1245.8,,2311,990,772,910,,
1917,Dalen Cambre,WR773,NYG,1246.5,,2050,1003,655,1278,,
1918,Sam Hartman,QB200,WAS,1247.7,,1634,,957,1152,,
1919,Greg Zuerlein,K81,,1248.5,,1771,726,,,,
1920,Martez Carter,RB449,,1249.0,,1249,,,,,
1921,Bruno Labelle,TE386,,1250.0,,1250,,,,,
1922,John Samuel Shenker,TE387,,1250.7,,1590,970,,1192,,
1923,Isaiah Coulter,WR774,,1251.0,,1251,,,,,
1924,Jason Bean,QB201,,1251.5,,1649,,,854,,
1925,Brevin Easton,WR775,,1253.0,,,,,1253,,
1926,Gavin Hardison,QB202,,1253.5,,1306,,,1201,,
1927,Chris Evans,RB450,,1253.5,,1631,,,876,,
1928,Cam Miller,QB203,,1253.8,,1719,981,999,1316,,
1929,Teo Redding,WR776,,1255.0,,1255,,,,,
1930,Devin Leary,QB204,,1255.0,,1891,932,,942,,
1931,Justyn Ross,WR777,,1256.3,,1903,831,,1035,,
1932,Silas Bolden,WR778,,1257.0,,,,,1257,,
1933,Jesse James,TE388,,1258.5,,1313,,,1204,,
1934,Larry Rountree,RB451,,1261.0,,1356,,,1166,,
1935,La'Mical Perine,RB452,,1262.5,,1248,,,1277,,
1936,DeAndre Washington,RB453,,1262.5,,1708,,,817,,
1937,Kevin Shaa,WR779,,1263.0,,1263,,,,,
1938,Justin Sinz,TE389,,1264.0,,1264,,,,,
1939,Malik Williams,RB454,,1266.0,,1266,,,,,
1940,Chris Hogan,WR780,,1268.0,,1268,,,,,
1941,Eric Ebron,TE390,PIT,1268.0,,1429,,,1107,,
1942,Isaiah Winstead,WR781,,1268.3,,1936,,631,1238,,
1943,Jalin Conyers,TE391,,1268.3,,2047,,522,1236,,
1944,Ian Book,QB205,,1269.5,,1880,,,659,,
1945,David Porter,WR782,,1270.0,,1270,,,,,
1946,Ra'Shaun Henry,WR783,,1270.5,,1153,,,1388,,
1947,Cornell Powell,WR784,,1270.7,,1789,,595,1428,,
1948,Harrison Wallace III,WR785,,1270.7,,2080,,632,1100,,
1949,TJ Sheffield,WR786,,1272.0,,1272,,,,,
1950,Matt Breida,RB455,,1272.0,,1467,,,1077,,
1951,Brian Brown,WR787,,1273.0,,1273,,,,,
1952,Eric Rivers,WR788,TB,1274.0,,2207,,671,944,,
1953,Lance Mason,TE392,,1274.7,,2033,,457,1334,,
1954,Paxton Lynch,QB206,,1275.0,,1275,,,,,
1955,Alex Bachman,WR789,LAR,1277.3,,1781,955,934,1439,,
1956,Jimmy Garoppolo,QB207,,1277.8,,2038,720,1027,1326,,
1957,Zakhari Franklin,WR790,,1279.0,,1965,,,593,,
1958,Ryan Santoso,K82,,1281.0,,1281,,,,,
1959,Jack Plummer,QB208,,1281.0,,1637,,,925,,
1960,Jeremiah Haydel,WR791,,1282.0,,1282,,,,,
1961,Seth Williams,WR792,,1283.0,,1539,,,1027,,
1962,Brogan Roback,QB209,,1284.0,,1284,,,,,
1963,Connor Bazelak,QB210,,1284.5,,1566,,1003,,,
1964,Isaiah Ford,WR793,,1285.0,,,,,1285,,
1965,Myles Gaskin,RB456,,1286.0,,2132,673,,1053,,
1966,B.J. Johnson,WR794,,1288.0,,1288,,,,,
1967,Bennie Fowler,WR795,,1289.0,,1289,,,,,
1968,Darion Clark,TE393,,1290.0,,1290,,,,,
1969,Jerome Kapp,WR796,,1291.0,,1291,,,,,
1970,Trey Quinn,WR797,,1291.0,,1408,,,1174,,
1971,Seth DeValve,TE394,,1292.0,,1292,,,,,
1972,Bryce Williams,TE395,,1294.0,,1294,,,,,
1973,Jack Doyle,TE396,IND,1294.0,,,,,1294,,
1974,Tre' McKitty,TE397,,1294.3,,2205,,492,1186,,
1975,DeShon Williams,TE398,,1295.0,,1295,,,,,
1976,Vance McDonald,TE399,,1297.0,,1297,,,,,
1977,Velus Jones,WR798,SEA,1297.7,,2173,809,911,,,
1978,Ian Bunting,TE400,,1298.0,,1298,,,,,
1979,Rodrigo Blankenship,K83,,1300.0,,1300,,,,,
1980,Boston Scott,RB457,,1300.0,,1984,,,616,,
1981,Thomas Hennigan,WR799,,1301.0,,1301,,,,,
1982,Julio Jones,WR800,,1301.0,,,,,1301,,
1983,Jaivon Heiligh,WR801,,1303.0,,1303,,,,,
1984,Giles Jackson,WR802,,1304.5,,1923,,,686,,
1985,Cade Peterson,QB211,,1305.0,,1305,,,,,
1986,Damien Williams,RB458,,1306.0,,,,,1306,,
1987,Sam Ficken,K84,,1307.0,,1307,,,,,
1988,Justin Johnson,TE401,,1307.0,,1755,,,859,,
1989,Colby Suits,QB212,,1308.0,,1308,,,,,
1990,Jordan Wilkins,RB459,,1308.0,,,,,1308,,
1991,Collin Schlee,QB213,,1309.0,,1309,,,,,
1992,Hayden Hatten,WR803,,1312.5,,1318,,,1307,,
1993,Kadarius Toney,WR804,,1313.0,,2029,782,,1128,,
1994,Jha'Quan Jackson,WR805,,1313.5,,2082,925,810,1437,,
1995,Lynn Bowden,WR806,,1314.5,,1523,,,1106,,
1996,James Washington,WR807,,1315.0,,1973,,,657,,
1997,Kevin Harris,RB460,,1315.5,,1954,,,677,,
1998,Damion Willis,WR808,,1317.0,,1317,,,,,
1999,Lee Smith,TE402,ATL,1317.5,,1794,,,841,,
2000,Kole Taylor,TE403,,1318.5,,1604,,,1033,,
2001,E.J. Perry,QB214,,1319.0,,,,,1319,,
2002,Jesse Matthews,WR809,,1321.0,,1619,,,1023,,
2003,Laith Marjan,K85,,1321.0,,1786,,856,,,
2004,Erik Krommenhoek,TE404,,1321.5,,1600,,,1043,,
2005,Alex McGough,QB215,,1322.5,,1675,,,970,,
2006,Jake Rudock,QB216,,1323.0,,1323,,,,,
2007,Dorian Singer,WR810,,1324.0,,,,,1324,,
2008,Miller Forristall,TE405,,1324.5,,1431,,,1218,,
2009,Corey Acosta,K86,,1325.0,,1325,,,,,
2010,Bud Sasser,WR811,,1326.0,,1326,,,,,
2011,Xavier Turner,RB461,,1327.0,,1327,,,,,
2012,Eldridge Massington,WR812,NO,1328.0,,1328,,,,,
2013,Steven Wroblewski,TE406,,1329.0,,1329,,,,,
2014,Javon Baker,WR813,,1329.7,,1707,916,,1366,,
2015,Mike Davis,RB462,,1331.0,,1331,,,,,
2016,Matt Sokol,TE407,,1333.0,,,,,1333,,
2017,Colton Theaker,K87,,1334.0,,1334,,,,,
2018,Dylan Soehner,TE408,,1335.0,,1335,,,,,
2019,Jason Cabinda,RB463,,1335.0,,1710,,,960,,
2020,Amari Rodgers,WR814,,1336.0,,1256,,,1416,,
2021,Ethan Fernea,WR815,,1336.0,,,,,1336,,
2022,Henry Poggi,RB464,,1337.0,,1337,,,,,
2023,Dominique Dafney,TE409,,1337.5,,1480,,,1195,,
2024,Lucas Scott,RB465,,1338.0,,1941,,735,,,
2025,Wes Hills,RB466,,1340.0,,1340,,,,,
2026,A.J. Green,WR816,,1341.0,,1341,,,,,
2027,Kairee Robinson,RB467,,1342.0,,1342,,,,,
2028,Devine Ozigbo,RB468,,1343.0,,1991,,,695,,
2029,Matt Bushman,TE410,,1343.5,,1526,,,1161,,
2030,Blake Proehl,WR817,,1344.0,,1344,,,,,
2031,Tyler Eifert,TE411,,1346.0,,1346,,,,,
2032,Amar Johnson,RB469,LAC,1346.0,,2283,1011,744,,,
2033,Justin Jackson,RB470,,1347.0,,1347,,,,,
2034,Taylor Grimes,WR818,,1348.0,,1348,,,,,
2035,DeVonte Dedmon,WR819,,1349.0,,1349,,,,,
2036,Stevie Scott,RB471,,1350.0,,1350,,,,,
2037,Mason Shipley,K88,,1351.0,,1849,,853,,,
2038,Braylon Sanders,WR820,,1351.0,,,,,1351,,
2039,Dresser Winn,QB217,,1352.5,,1556,,,1149,,
2040,Austin Stogner,TE412,,1353.0,,1827,,,879,,
2041,Nate Wieting,TE413,,1354.0,,1354,,,,,
2042,Anders Carlson,K89,,1354.0,,1852,856,,,,
2043,Luke Stocker,TE414,,1354.0,,,,,1354,,
2044,M.J. McFarland,TE415,,1357.0,,1357,,,,,
2045,Daniel Arias,WR821,,1357.0,,1866,,,848,,
2046,Mohamed Ibrahim,RB472,,1357.0,,2234,884,,953,,
2047,Michael Colubiale,TE416,,1358.0,,1358,,,,,
2048,Abram Smith,RB473,,1358.5,,1833,,,884,,
2049,Aaron Dykes,RB474,,1360.0,,1360,,,,,
2050,Barrett Burns,TE417,BAL,1362.0,,1362,,,,,
2051,Warren Jackson,WR822,,1364.0,,1364,,,,,
2052,Colin Thompson,TE418,,1365.0,,1365,,,,,
2053,Chris Carson,RB475,,1365.5,,2027,,,704,,
2054,Anthony Jones,RB476,,1366.0,,1366,,,,,
2055,Josh McCown,QB218,,1367.0,,1367,,,,,
2056,Marquise Williams,QB219,,1370.0,,1370,,,,,
2057,Logan Thomas,TE419,,1370.0,,,,,1370,,
2058,Sam Sloman,K90,,1371.0,,1371,,,,,
2059,Sione Houma,RB477,,1372.0,,1372,,,,,
2060,Donte Moncrief,WR823,,1374.0,,1374,,,,,
2061,Lenny Krieg,K91,GB,1374.5,,1897,,852,,,
2062,Garrett Dickerson,TE420,,1375.0,,1375,,,,,
2063,Dez Fitzpatrick,WR824,,1375.3,,2043,786,,1297,,
2064,Zimari Manning,WR825,,1376.0,,1376,,,,,
2065,Tyrion Davis-Price,RB478,,1376.0,,2222,815,,1091,,
2066,Josh Caldwell,RB479,,1381.0,,1381,,,,,
2067,Hajj-Malik Williams,QB220,,1382.0,,1382,,,,,
2068,Alex Wesley,WR826,,1383.0,,1383,,,,,
2069,De'Chavon Hayes,RB480,,1384.0,,1384,,,,,
2070,Ross Travis,TE421,,1385.0,,1385,,,,,
2071,Tony Poljan,TE422,,1386.0,,1386,,,,,
2072,Luis Perez,QB221,,1387.0,,2138,,,636,,
2073,Ryan Succop,K92,,1388.0,,1388,,,,,
2074,Chris Coleman,WR827,,1389.0,,1389,,,,,
2075,Ronnie Brown,RB481,,1390.0,,1390,,,,,
2076,Nathan Peterman,QB222,,1391.0,,2171,,1001,1001,,
2077,Lake McRee,TE423,PIT,1392.0,,2303,,501,1372,,
2078,Cole Payton,QB223,,1394.0,,,,,1394,,
2079,Sam Rogers,RB482,,1395.0,,1395,,,,,
2080,Kevin Foelsch,TE424,,1397.0,,1397,,,,,
2081,Jaxon Janke,WR828,,1398.0,,1720,,,1076,,
2082,Ty'Son Williams,RB483,,1398.0,,,,,1398,,
2083,Christopher Dunn,K93,,1399.0,,1939,859,,,,
2084,Malcolm Epps,TE425,,1401.0,,1401,,,,,
2085,Will Ratelle,RB484,,1402.0,,1402,,,,,
2086,Ricky Person,RB485,,1403.0,,,,,1403,,
2087,Duece Watts,WR829,,1403.5,,2197,,,610,,
2088,Khari Blasingame,RB486,,1403.7,,2049,736,,1426,,
2089,Braxton Burmeister,WR830,,1405.0,,1405,,,,,
2090,Tim Flanders,RB487,,1407.0,,1407,,,,,
2091,Jamison Crowder,WR831,,1407.7,,2110,712,,1401,,
2092,Ian Wheeler,RB488,,1408.0,,2060,,756,,,
2093,Garrett Greene,QB224,TB,1408.0,,2149,,667,,,
2094,Christian Blake,WR832,,1410.0,,1410,,,,,
2095,Rashaad Penny,RB489,,1411.5,,1387,,,1436,,
2096,Kirk Merritt,WR833,,1412.0,,2301,,,523,,
2097,Jibri Blount,TE426,,1413.0,,1413,,,,,
2098,Trevon Bradford,WR834,,1414.0,,1414,,,,,
2099,B.T. Potter,K94,,1414.5,,1962,,867,,,
2100,Austin Reed,QB225,,1415.3,,1839,,959,1448,,
2101,Cade Johnson,WR835,,1418.0,,1570,,,1266,,
2102,Josh Doctson,WR836,,1418.0,,1633,,,1203,,
2103,Terry Godwin,WR837,,1420.0,,1420,,,,,
2104,Braydon Johnson,WR838,,1421.0,,1421,,,,,
2105,Jacob Copeland,WR839,,1421.0,,,,,1421,,
2106,Kenneth Harper,RB490,,1422.0,,1422,,,,,
2107,Kahlil Lewis,WR840,,1424.0,,1424,,,,,
2108,Taywan Taylor,WR841,,1425.0,,1425,,,,,
2109,Derek Wright,WR842,,1425.5,,1586,,,1265,,
2110,Hayden Hurst,TE427,,1426.0,,2240,675,,1363,,
2111,Jacob Eason,QB226,,1426.5,,1917,,,936,,
2112,Graham Gano,K95,,1427.0,,2124,730,,,,
2113,Nathan Carter,RB491,,1427.5,,2275,,,580,,
2114,Jeff Cotton,WR843,,1428.0,,1428,,,,,
2115,DJ Chark,WR844,,1428.5,,2167,690,,,,
2116,Romello Brinson,WR845,,1429.5,,2229,,630,,,
2117,Jeremy Moussa,QB227,,1430.0,,1430,,,,,
2118,Nick Ralston,RB492,,1433.0,,1433,,,,,
2119,Rashard Higgins,WR846,,1434.5,,1920,,,949,,
2120,D.J. Williams,RB493,,1435.0,,2100,958,,1247,,
2121,Corey Taylor,RB494,,1436.0,,1436,,,,,
2122,Jalen Morton,QB228,IND,1437.0,,1437,,,,,
2123,Hunter Dekkers,QB229,,1437.0,,1919,,955,,,
2124,AJ McCarron,QB230,,1437.0,,2297,,,577,,
2125,Jonathan Adams,WR847,,1438.0,,1438,,,,,
2126,Taylor Elgersma,QB231,,1438.0,,2037,,,839,,
2127,Brian Hoyer,QB232,,1444.0,,1985,,,903,,
2128,Latreal Jones,WR848,,1445.0,,1445,,,,,
2129,Neil Pau'u,WR849,,1446.0,,1446,,,,,
2130,Blayne Taylor,WR850,,1447.0,,1447,,,,,
2131,Brandon Dillon,TE428,,1447.0,,1915,,,979,,
2132,Marquez Callaway,WR851,,1448.7,,2280,766,,1300,,
2133,Darrynton Evans,RB495,,1450.7,,2226,749,,1377,,
2134,Derrick Willies,WR852,,1451.0,,1451,,,,,
2135,Derrick Gore,RB496,,1451.5,,2156,,,747,,
2136,Francis Owusu,WR853,,1452.0,,1452,,,,,
2137,Jalen Camp,WR854,,1452.0,,1531,,,1373,,
2138,Aaron Fuller,WR855,,1453.0,,1453,,,,,
2139,Bug Howard,TE429,,1454.0,,1454,,,,,
2140,Ed Lee,WR856,,1455.0,,1455,,,,,
2141,Ify Umodu,WR857,,1457.0,,1457,,,,,
2142,Emanuel Hall,WR858,,1458.0,,1458,,,,,
2143,Cody Latimer,WR859,,1458.5,,1571,,,1346,,
2144,Gunnar Watson,QB233,,1459.0,,1459,,,,,
2145,Tayvion Robinson,WR860,,1460.5,,1998,,,923,,
2146,Da'Mari Scott,WR861,,1461.0,,1461,,,,,
2147,Jared Dangerfield,WR862,,1462.0,,1462,,,,,
2148,Kody Case,WR863,,1463.0,,1463,,,,,
2149,Krishawn Hogan,WR864,,1464.0,,1464,,,,,
2150,Kalen Ballage,RB497,,1467.5,,1696,,,1239,,
2151,Chase Claypool,WR865,,1467.5,,1820,,,1115,,
2152,Nick Easley,WR866,,1469.0,,1469,,,,,
2153,C.J. Germany,WR867,,1470.0,,1470,,,,,
2154,Ty Fryfogle,WR868,,1471.0,,1471,,,,,
2155,Jacob Sirmon,QB234,,1472.0,,1472,,,,,
2156,Greg Joseph,K96,,1473.0,,2266,680,,,,
2157,Keshawn Hill,RB498,,1476.0,,1476,,,,,
2158,Oliver Martin,WR869,,1477.0,,1477,,,,,
2159,James McCourt,K97,,1478.0,,1478,,,,,
2160,Michael Badgley,K98,,1478.5,,2261,696,,,,
2161,Adrian Coxson,WR870,,1479.0,,1479,,,,,
2162,Darrell Daniels,TE430,,1479.0,,1648,,,1310,,
2163,Cam Sutton,TE431,,1482.0,,1482,,,,,
2164,Charles Scarff,TE432,,1483.0,,1483,,,,,
2165,Pooka Williams,RB499,,1484.5,,1561,,,1408,,
2166,Mitch Mathews,WR871,,1485.0,,1485,,,,,
2167,Bilal Powell,RB500,,1486.0,,1486,,,,,
2168,Marlon Mack,RB501,,1486.5,,2168,,,805,,
2169,Colin Jeter,TE433,,1487.0,,1487,,,,,
2170,JaQuan Hardy,RB502,,1488.0,,1488,,,,,
2171,Keith Kirkwood,WR872,,1488.5,,1555,,,1422,,
2172,Bryant Mitchell,WR873,,1491.0,,1491,,,,,
2173,Leonard Fournette,RB503,,1492.5,,1625,,,1360,,
2174,Travis Toivonen,WR874,,1493.0,,1493,,,,,
2175,Andrew Peasley,QB235,,1494.0,,1494,,,,,
2176,Riley Neal,QB236,,1496.0,,1496,,,,,
2177,Cole Murphy,K99,,1497.0,,1497,,,,,
2178,Dustin Hopkins,K100,,1498.0,,2271,725,,,,
2179,Colt McCoy,QB237,,1500.0,,1500,,,,,
2180,Sean Riley,WR875,,1501.0,,1501,,,,,
2181,Wayne Taulapapa,RB504,,1502.0,,1502,,,,,
2182,Kellen Mond,QB238,,1502.0,,2143,,,861,,
2183,Anthony Ratliff-Williams,WR876,,1504.0,,1504,,,,,
2184,Sean Mannion,QB239,,1505.5,,2189,,,822,,
2185,Dres Anderson,WR877,,1507.0,,1507,,,,,
2186,Luke Drzewiecki,K101,,1507.5,,2151,,864,,,
2187,Kobe McCrary,RB505,,1508.0,,1508,,,,,
2188,Josh Ferguson,RB506,,1509.0,,1509,,,,,
2189,Reggie Brown,TE434,,1510.0,,1510,,,,,
2190,Caden Davis,K102,,1511.5,,2032,991,,,,
2191,Donovan Peoples-Jones,WR878,,1513.0,,1699,,,1327,,
2192,Jeremy Sprinkle,TE435,,1514.0,,1514,,,,,
2193,Michael Pratt,QB240,,1515.7,,2202,933,,1412,,
2194,Reggie Diggs,WR879,,1516.0,,1516,,,,,
2195,Scooter Harrington,TE436,,1517.0,,1517,,,,,
2196,Riley Sharp,TE437,,1519.0,,1519,,,,,
2197,Corey Coleman,WR880,,1521.0,,1521,,,,,
2198,Garrett Celek,TE438,,1522.0,,1522,,,,,
2199,Jaray Jenkins,WR881,,1523.5,,1613,,,1434,,
2200,Tim Cook,RB507,,1524.0,,1524,,,,,
2201,Jake Fromm,QB241,,1524.5,,1688,,,1361,,
2202,Nate Sudfeld,QB242,,1524.5,,2269,,,780,,
2203,Robbie Gould,K103,,1527.0,,1527,,,,,
2204,Corey Clement,RB508,,1527.0,,2286,,,768,,
2205,Freddie Stevenson,RB509,,1528.0,,1528,,,,,
2206,Jaylen Samuels,RB510,,1532.0,,1532,,,,,
2207,Jeret Smith,WR882,,1533.0,,1533,,,,,
2208,Trevon Clark,WR883,,1534.0,,1534,,,,,
2209,Alex Smith,QB243,,1536.0,,1536,,,,,
2210,Joe Walker,WR884,,1537.0,,1537,,,,,
2211,Devlin Hodges,QB244,,1538.0,,1538,,,,,
2212,Mark Vital,TE439,,1542.0,,1542,,,,,
2213,Tre'Quan Smith,WR885,,1542.5,,1638,,,1447,,
2214,Anthony Torres,TE440,,1543.0,,1543,,,,,
2215,Antony Auclair,TE441,,1544.0,,1544,,,,,
2216,Darius Prince,WR886,,1545.0,,1545,,,,,
2217,Curtis Hodges,TE442,,1545.0,,1652,,,1438,,
2218,Jace Sternberger,TE443,,1547.0,,1547,,,,,
2219,Byron Pringle,WR887,,1549.0,,1727,,,1371,,
2220,Kenji Bahar,QB245,,1552.0,,1552,,,,,
2221,Nate McCrary,RB511,,1552.5,,2296,,,809,,
2222,Trevor Knight,QB246,,1553.0,,1553,,,,,
2223,Jequez Ezzard,WR888,,1554.0,,1554,,,,,
2224,D'Eriq King,QB247,,1557.0,,1557,,,,,
2225,Anthony Boone,QB248,,1559.0,,1559,,,,,
2226,Aaron Parker,WR889,,1562.0,,1562,,,,,
2227,Nate Becker,TE444,,1563.0,,1563,,,,,
2228,Tommy Hudson,TE445,,1563.5,,1838,,,1289,,
2229,Jacob Dolegala,QB249,,1564.0,,1564,,,,,
2230,David Olson,QB250,,1565.0,,1565,,,,,
2231,Demetris Robertson,WR890,,1567.0,,1567,,,,,
2232,Aaron Lacombe,WR891,,1569.0,,1569,,,,,
2233,Eli Wilson,TE446,,1572.0,,1572,,,,,
2234,Kahale Warring,TE447,,1572.5,,1946,,,1199,,
2235,Jerod Evans,QB251,,1573.0,,1573,,,,,
2236,Matt Schaub,QB252,,1574.0,,1574,,,,,
2237,Ronald Awatt,RB512,,1575.0,,1575,,,,,
2238,DeSean Smith,TE448,,1577.0,,1577,,,,,
2239,Levine Toilolo,TE449,NYG,1578.0,,1578,,,,,
2240,DaMarkus Lodge,WR892,,1579.0,,1579,,,,,
2241,Brayden Narveson,K104,,1579.5,,2213,946,,,,
2242,Ahmad Fulwood,WR893,,1580.0,,1580,,,,,
2243,B.J. Emmons,RB513,,1581.0,,1581,,,,,
2244,Da'Ron Brown,WR894,,1582.0,,1582,,,,,
2245,Deon Cain,WR895,,1582.0,,2067,,,1097,,
2246,Darwin Thompson,RB514,,1583.0,,1583,,,,,
2247,Jerell Adams,TE450,,1584.0,,1584,,,,,
2248,Michael Thomas,WR896,,1584.5,,2081,,,1088,,
2249,Calvin Tyler,RB515,,1585.0,,1585,,,,,
2250,Phillip Andersen,K105,,1587.0,,1587,,,,,
2251,Moochie Dixon,WR897,,1592.0,,1592,,,,,
2252,Louis Rees-Zammit,RB516,,1594.0,,2253,935,,,,
2253,Josh Rosen,QB253,,1595.0,,1595,,,,,
2254,Marcelias Sutton,RB517,,1599.0,,1599,,,,,
2255,Isaiah McKoy,WR898,,1601.0,,1601,,,,,
2256,Kyle Philips,WR899,,1602.0,,1837,,,1367,,
2257,Evan Berry,WR900,,1603.0,,1603,,,,,
2258,Austin Watkins,WR901,,1603.5,,2065,,,1142,,
2259,Christian Wade,RB518,,1604.5,,2083,,,1126,,
2260,Matthew Trickett,K106,,1605.0,,1605,,,,,
2261,Tory Carter,RB519,,1606.0,,1606,,,,,
2262,Kazmeir Allen,WR902,,1607.5,,1806,,,1409,,
2263,Jordan Terrell,RB520,,1608.0,,1608,,,,,
2264,Durron Neal,WR903,,1609.0,,1609,,,,,
2265,Gerald Holmes,RB521,,1610.0,,1610,,,,,
2266,Blake Haubeil,K107,,1612.0,,1612,,,,,
2267,Duke Johnson,RB522,,1613.5,,1834,,,1393,,
2268,Nick Bawden,RB523,,1614.0,,1614,,,,,
2269,Brelan Chancellor,WR904,,1615.0,,1615,,,,,
2270,Stevo Klotz,TE451,,1615.0,,2181,,,1049,,
2271,Tyler Hoosman,RB524,,1616.0,,1616,,,,,
2272,Ben Ellefson,TE452,,1617.0,,1617,,,,,
2273,Dylan Leonard,TE453,,1618.0,,1618,,,,,
2274,Parker Houston,TE454,,1620.0,,1620,,,,,
2275,Papi White,WR905,,1623.0,,1623,,,,,
2276,Kenny Lawler,WR906,,1624.0,,1624,,,,,
2277,Darrel Williams,RB525,,1625.5,,2105,,,1146,,
2278,Jarvion Franklin,RB526,,1626.0,,1626,,,,,
2279,Marshaun Coprich,RB527,,1627.0,,1627,,,,,
2280,Jimmy Williams,WR907,,1629.0,,1629,,,,,
2281,Michael Dereus,WR908,,1630.0,,1630,,,,,
2282,Corey Davis,WR909,,1633.5,,2265,,,1002,,
2283,Jermaine Kearse,WR910,,1639.0,,1639,,,,,
2284,Alex Barnes,RB528,,1640.0,,1640,,,,,
2285,Dante Wright,WR911,,1643.0,,1643,,,,,
2286,DeAndrew White,WR912,,1644.0,,1644,,,,,
2287,Talik Keaton,WR913,,1645.0,,1645,,,,,
2288,Demetrius Wilson,WR914,,1646.0,,1646,,,,,
2289,Logan Woodside,QB254,,1647.0,,2087,,,1207,,
2290,Aidan Robbins,RB529,,1648.5,,2115,,,1182,,
2291,Blake Jarwin,TE455,,1649.5,,2225,,,1074,,
2292,Mik'Quan Deane,TE456,,1650.0,,1650,,,,,
2293,Sammy Watkins,WR915,,1650.5,,1942,,,1359,,
2294,Michael Warren,RB530,DET,1651.0,,1651,,,,,
2295,Cole Beck,WR916,,1654.0,,1654,,,,,
2296,Derrius Guice,RB531,,1655.0,,1655,,,,,
2297,Sutton Smith,RB532,,1659.0,,1659,,,,,
2298,Henry Litwin,WR917,,1660.0,,1660,,,,,
2299,Brian Vogler,TE457,,1663.0,,1663,,,,,
2300,Jordan Thomas,TE458,,1664.0,,1664,,,,,
2301,Latavius Murray,RB533,,1664.0,,2147,,,1181,,
2302,Malik Henry,WR918,,1665.0,,1665,,,,,
2303,Shawn Poindexter,WR919,,1667.0,,1667,,,,,
2304,Austin Aune,QB255,,1668.0,,1668,,,,,
2305,Allen Hurns,WR920,MIA,1671.0,,1671,,,,,
2306,Randy Bullock,K108,,1672.0,,1672,,,,,
2307,Dalton Keene,TE459,,1672.5,,2057,,,1288,,
2308,Josh Bellamy,WR921,,1673.0,,1673,,,,,
2309,Daniel Williams,WR922,,1676.0,,1676,,,,,
2310,Elliott Fry,K109,,1677.0,,1677,,,,,
2311,Jimmy Bell,TE460,,1678.0,,1678,,,,,
2312,Khalil Tate,WR923,,1680.0,,1680,,,,,
2313,Alex Larson,TE461,,1681.0,,1681,,,,,
2314,Jalen McCleskey,WR924,,1685.0,,1685,,,,,
2315,Dillon Stoner,WR925,,1689.0,,1689,,,,,
2316,Tavonn Salter,WR926,,1691.0,,1691,,,,,
2317,Jaaron Hayek,WR927,,1693.0,,1693,,,,,
2318,Chris Herndon,TE462,,1693.0,,1975,,,1411,,
2319,Jaylen Smith,WR928,,1694.0,,1694,,,,,
2320,Austin Duke,WR929,,1695.0,,1695,,,,,
2321,Siaosi Mariner,WR930,,1697.0,,1697,,,,,
2322,Trent Pennix,TE463,,1697.0,,2230,,,1164,,
2323,Jonathan Kim,K110,,1698.0,,1698,,,,,
2324,Wes Lunt,QB256,,1700.0,,1700,,,,,
2325,Jon Hilliman,RB534,,1701.0,,1701,,,,,
2326,Julian Williams,WR931,,1702.0,,1702,,,,,
2327,Matthew Eaton,WR932,,1704.0,,1704,,,,,
2328,Alex Hale,K111,,1705.0,,1705,,,,,
2329,Johnathon Johnson,WR933,,1706.0,,1706,,,,,
2330,Matthew Slater,WR934,,1708.0,,2072,,,1344,,
2331,K.J. Maye,WR935,,1711.0,,1711,,,,,
2332,Malcolm Johnson,RB535,,1712.0,,1712,,,,,
2333,Ahmarean Brown,WR936,,1715.0,,1715,,,,,
2334,Alex Armah,RB536,,1715.0,,2232,,,1198,,
2335,Jadakis Bonds,WR937,,1725.0,,1725,,,,,
2336,William Fuller,WR938,,1726.0,,1726,,,,,
2337,Jay Ajayi,RB537,,1728.0,,1728,,,,,
2338,Jack Colletto,RB538,,1728.0,,2136,,,1320,,
2339,Jake McGee,TE464,,1730.0,,1730,,,,,
2340,Jaquarii Roberson,WR939,,1731.0,,1731,,,,,
2341,Taj McGowan,RB539,,1733.0,,1733,,,,,
2342,Graham Adomitis,TE465,,1737.0,,1737,,,,,
2343,Jordan Veasy,WR940,,1738.0,,1738,,,,,
2344,Ryan Finley,QB257,,1739.0,,1739,,,,,
2345,Sean Ryan,WR941,,1739.0,,2091,,,1387,,
2346,Lincoln Victor,WR942,,1744.0,,1744,,,,,
2347,Travis Fulgham,WR943,,1746.0,,1746,,,,,
2348,Garrett Gilbert,QB258,,1747.0,,1747,,,,,
2349,Jalen Wayne,WR944,,1747.5,,2068,,,1427,,
2350,Tristan Vizcaino,K112,,1748.0,,1748,,,,,
2351,Robert Griffin,QB259,,1749.0,,1749,,,,,
2352,Chris Blewitt,K113,,1753.0,,1753,,,,,
2353,Aeneas Dennis,QB260,,1757.0,,1757,,,,,
2354,Collin Hill,QB261,,1758.0,,1758,,,,,
2355,Cullen Gillaspia,RB540,,1759.0,,1759,,,,,
2356,Devin Carter,WR945,,1762.0,,1762,,,,,
2357,Bronson Rechsteiner,RB541,,1764.0,,1764,,,,,
2358,Jordan Bly,WR946,,1765.0,,1765,,,,,
2359,Mike Meyer,K114,,1768.0,,1768,,,,,
2360,Bobby Holly,RB542,,1770.0,,1770,,,,,
2361,Jelani Baker,WR947,,1773.0,,1773,,,,,
2362,Alec Holler,TE466,,1775.0,,1775,,,,,
2363,Jake Coker,QB262,,1777.0,,1777,,,,,
2364,Sean Modster,WR948,,1778.0,,1778,,,,,
2365,Isaac Nauta,TE467,GB,1779.0,,1779,,,,,
2366,Julian Allen,RB543,,1782.0,,1782,,,,,
2367,Temarrick Hemingway,TE468,WAS,1785.0,,1785,,,,,
2368,Nolan Henderson,QB263,,1787.0,,1787,,,,,
2369,Chad Kelly,QB264,,1788.0,,1788,,,,,
2370,Chad Beebe,WR949,,1790.0,,1790,,,,,
2371,Daniel Helm,TE469,,1791.0,,1791,,,,,
2372,Joe Webb,QB265,,1793.0,,1793,,,,,
2373,Noah Rauschenberg,K115,,1795.0,,1795,,,,,
2374,Benjamin Watson,TE470,,1797.0,,1797,,,,,
2375,Camden Lewis,K116,,1798.0,,1798,,,,,
2376,Jack Sorenson,WR950,,1799.0,,1799,,,,,
2377,Matt Weiser,TE471,,1801.0,,1801,,,,,
2378,Jarvis Landry,WR951,,1801.5,,2184,,,1419,,
2379,Tim DeMorat,QB266,,1802.0,,1802,,,,,
2380,Aldrick Rosas,K117,,1803.0,,1803,,,,,
2381,Brett Gabbert,QB267,,1804.0,,1804,,,,,
2382,Willie Snead,WR952,,1804.5,,2209,,,1400,,
2383,Damarea Crockett,RB544,,1805.0,,1805,,,,,
2384,Max Mang,TE472,,1807.0,,1807,,,,,
2385,Emmanuel Butler,WR953,,1810.0,,1810,,,,,
2386,C.J. Worton,WR954,,1814.0,,1814,,,,,
2387,Sony Michel,RB545,,1815.0,,1815,,,,,
2388,Dan Arnold,TE473,,1816.0,,1816,,,,,
2389,Clayton Thorson,QB268,NYG,1817.0,,1817,,,,,
2390,Larry Rose,RB546,,1818.0,,1818,,,,,
2391,Earnest Edwards,WR955,,1819.0,,1819,,,,,
2392,Jamie Newman,QB269,,1821.0,,1821,,,,,
2393,Ontaria Wilson,WR956,,1822.0,,1822,,,,,
2394,Maurice Ffrench,WR957,,1826.0,,1826,,,,,
2395,Cole Hedlund,K118,,1828.0,,1828,,,,,
2396,Justin Tukes,TE474,,1831.0,,1831,,,,,
2397,Emeka Emezie,WR958,,1835.0,,1835,,,,,
2398,John Brown,WR959,,1836.0,,1836,,,,,
2399,Mason Crosby,K119,,1840.0,,1840,,,,,
2400,Xavier Ubosi,WR960,,1841.0,,1841,,,,,
2401,Chris Brown,WR961,,1842.0,,1842,,,,,
2402,Harold Spears,TE475,,1843.0,,1843,,,,,
2403,Wilton Speight,QB270,,1845.0,,1845,,,,,
2404,Brandon Shippen,WR962,,1846.0,,1846,,,,,
2405,Joel Stave,QB271,,1847.0,,1847,,,,,
2406,Rhett Ellison,TE476,,1848.0,,1848,,,,,
2407,Taylor Russolino,K120,,1850.0,,1850,,,,,
2408,Ahmad Wagner,WR963,,1851.0,,1851,,,,,
2409,Drew Anderson,QB272,,1853.0,,1853,,,,,
2410,Kai Forbath,K121,,1856.0,,1856,,,,,
2411,Marcus Peterson,WR964,,1858.0,,1858,,,,,
2412,JaVonta Payton,WR965,,1859.0,,1859,,,,,
2413,Matt Fleming,WR966,,1861.0,,1861,,,,,
2414,Tim Wilson,WR967,,1862.0,,1862,,,,,
2415,Matt Colburn,RB547,,1863.0,,1863,,,,,
2416,Travell Harris,WR968,,1864.0,,1864,,,,,
2417,Aaron Peck,TE477,,1865.0,,1865,,,,,
2418,Demario Richard,RB548,,1868.0,,1868,,,,,
2419,Quinn Nordin,K122,,1869.0,,1869,,,,,
2420,Nick Eubanks,TE478,,1873.0,,1873,,,,,
2421,Giovani Bernard,RB549,,1875.0,,1875,,,,,
2422,Devwah Whaley,RB550,,1879.0,,1879,,,,,
2423,Connor Slomka,RB551,,1881.0,,1881,,,,,
2424,Bisi Johnson,WR969,,1884.0,,1884,,,,,
2425,Nico Evans,RB552,,1886.0,,1886,,,,,
2426,Bryce Perkins,QB273,,1888.0,,1888,,,,,
2427,Jackson Harris,TE479,,1892.0,,1892,,,,,
2428,Tyler Harrell,WR970,,1893.0,,1893,,,,,
2429,Brennan Eagles,WR971,,1895.0,,1895,,,,,
2430,I'Tavius Mathers,RB553,,1900.0,,1900,,,,,
2431,Mike Strachan,WR972,,1902.0,,1902,,,,,
2432,Bobo Wilson,WR973,,1904.0,,1904,,,,,
2433,Calvin Jackson,WR974,,1905.0,,1905,,,,,
2434,John Matocha,QB274,,1906.0,,1906,,,,,
2435,Jordan Petaia,TE480,,1907.0,,1907,,,,,
2436,Kyle Markway,TE481,,1908.0,,1908,,,,,
2437,Todd Gurley,RB554,,1910.0,,1910,,,,,
2438,Brian Cobbs,WR975,,1911.0,,1911,,,,,
2439,Ben Bryant,QB275,,1912.0,,1912,,,,,
2440,Charles Clay,TE482,,1916.0,,1916,,,,,
2441,Jordan Westerkamp,WR976,,1918.0,,1918,,,,,
2442,Tanner Knue,WR977,,1921.0,,1921,,,,,
2443,Michael Herzog,RB555,,1922.0,,1922,,,,,
2444,Josh Babicz,TE483,,1924.0,,1924,,,,,
2445,Chris Streveler,QB276,,1926.0,,1926,,,,,
2446,Kyle Shurmur,QB277,,1927.0,,1927,,,,,
2447,Case Cookus,QB278,,1928.0,,1928,,,,,
2448,Jordan Johnson,RB556,,1929.0,,1929,,,,,
2449,Dylan McDuffie,RB557,,1930.0,,1930,,,,,
2450,Jester Weah,WR978,,1932.0,,1932,,,,,
2451,Tommy Stevens,QB279,NYG,1933.0,,1933,,,,,
2452,Alex Gray,TE484,,1934.0,,1934,,,,,
2453,Briley Moore,TE485,,1935.0,,1935,,,,,
2454,Mitchell Paige,WR979,,1937.0,,1937,,,,,
2455,John Hurst,WR980,,1940.0,,1940,,,,,
2456,Vincent Blanchard,K123,,1943.0,,1943,,,,,
2457,Clayton Hatfield,K124,,1945.0,,1945,,,,,
2458,Kehinde Oginni Hassan,TE486,,1947.0,,1947,,,,,
2459,Mark Thompson,RB558,,1948.0,,1948,,,,,
2460,Ross Scheuerman,RB559,,1949.0,,1949,,,,,
2461,Tyler Hoppes,TE487,,1950.0,,1950,,,,,
2462,Malachi Jones,WR981,,1951.0,,1951,,,,,
2463,DeShone Kizer,QB280,,1952.0,,1952,,,,,
2464,Jordan Smallwood,WR982,,1956.0,,1956,,,,,
2465,Andrew Mevis,K125,,1958.0,,1958,,,,,
2466,Jerome Lane,WR983,,1959.0,,1959,,,,,
2467,Travis Benjamin,WR984,,1960.0,,1960,,,,,
2468,Devontres Dukes,WR985,,1963.0,,1963,,,,,
2469,Ito Smith,RB560,DAL,1964.0,,1964,,,,,
2470,Julian Fleming,WR986,,1966.0,,1966,,,,,
2471,Oscar Cardenas,TE488,,1967.0,,1967,,,,,
2472,Zion Bowens,WR987,,1969.0,,1969,,,,,
2473,Jerome Washington,TE489,,1970.0,,1970,,,,,
2474,Chris Smith,RB561,,1971.0,,1971,,,,,
2475,Sandro Platzgummer,RB562,,1974.0,,1974,,,,,
2476,Michael Hiers,QB281,,1978.0,,1978,,,,,
2477,Romello Brooker,TE490,,1980.0,,1980,,,,,
2478,Terry Swanson,RB563,,1981.0,,1981,,,,,
2479,Isaiah Weston,WR988,,1982.0,,1982,,,,,
2480,Ryan Fitzpatrick,QB282,,1983.0,,1983,,,,,
2481,Bo Scarbrough,RB564,,1987.0,,1987,,,,,
2482,RJ Mobley,WR989,,1988.0,,1988,,,,,
2483,Chris Briggs,TE491,,1992.0,,1992,,,,,
2484,Dominick Wood-Anderson,TE492,,1993.0,,1993,,,,,
2485,Jon Brown,K126,,1995.0,,1995,,,,,
2486,Landen Akers,WR990,,1996.0,,1996,,,,,
2487,Shane Wimann,RB565,,1997.0,,1997,,,,,
2488,Josh Imatorbhebhe,WR991,,1999.0,,1999,,,,,
2489,Dedrick Mills,RB566,,2002.0,,2002,,,,,
2490,Ben Koyack,TE493,,2004.0,,2004,,,,,
2491,Brandon Ross,RB567,,2005.0,,2005,,,,,
2492,Trevor Moore,K127,,2006.0,,2006,,,,,
2493,Javon Wims,WR992,,2007.0,,2007,,,,,
2494,Dorren Miller,WR993,,2009.0,,2009,,,,,
2495,Valdez Showers,WR994,,2011.0,,2011,,,,,
2496,C.J. Prosise,RB568,,2012.0,,2012,,,,,
2497,Josh Gordon,WR995,,2013.0,,2013,,,,,
2498,Ramon Jefferson,RB569,,2014.0,,2014,,,,,
2499,Sam Cotton,TE494,,2015.0,,2015,,,,,
2500,Tre Harbison,RB570,,2016.0,,2016,,,,,
2501,Josh Lambo,K128,,2018.0,,2018,,,,,
2502,Zach Ojile,RB571,,2021.0,,2021,,,,,
2503,Jamarius Way,WR996,,2022.0,,2022,,,,,
2504,Mike Glennon,QB283,,2025.0,,2025,,,,,
2505,Caleb Repp,TE495,,2026.0,,2026,,,,,
2506,Joseph Scates,WR997,,2028.0,,2028,,,,,
2507,Kenny Bell,WR998,,2030.0,,2030,,,,,
2508,JJ Molson,K129,,2034.0,,2034,,,,,
2509,Kyle Sheets,WR999,,2035.0,,2035,,,,,
2510,Seth Dawkins,WR1000,,2036.0,,2036,,,,,
2511,Daniel Jackson,WR1001,,2040.0,,2040,,,,,
2512,Leon Johnson,WR1002,,2041.0,,2041,,,,,
2513,Kerrith Whyte,RB572,GB,2045.0,,2045,,,,,
2514,Austin Ramesh,RB573,,2046.0,,2046,,,,,
2515,Valentine Holmes,RB574,,2048.0,,2048,,,,,
2516,Kevin Davidson,QB284,,2053.0,,2053,,,,,
2517,Eli Stove,WR1003,,2055.0,,2055,,,,,
2518,Kekoa Crawford,WR1004,,2056.0,,2056,,,,,
2519,T.J. Simmons,WR1005,,2058.0,,2058,,,,,
2520,Devonta Freeman,RB575,,2059.0,,2059,,,,,
2521,Lee Ward,RB576,,2062.0,,2062,,,,,
2522,Austin Wolf,WR1006,,2066.0,,2066,,,,,
2523,Trevon Grimes,WR1007,,2070.0,,2070,,,,,
2524,Kamryn Pettway,RB577,,2071.0,,2071,,,,,
2525,Vyncint Smith,WR1008,,2073.0,,2073,,,,,
2526,Tyre Brady,WR1009,,2075.0,,2075,,,,,
2527,Adrian Killins,RB578,DEN,2077.0,,2077,,,,,
2528,Jordan Ta'amu,QB285,,2084.0,,2084,,,,,
2529,Logan Stokes,TE496,,2085.0,,2085,,,,,
2530,Steven Stilianos,TE497,,2086.0,,2086,,,,,
2531,Devin Funchess,TE498,,2088.0,,2088,,,,,
2532,Auden Tate,WR1010,,2089.0,,2089,,,,,
2533,Josh Harper,WR1011,,2092.0,,2092,,,,,
2534,Justin Rohrwasser,K130,,2093.0,,2093,,,,,
2535,Mike Weber,RB579,,2094.0,,2094,,,,,
2536,Terrell Newby,RB580,,2095.0,,2095,,,,,
2537,Vincent Testaverde,QB286,,2096.0,,2096,,,,,
2538,Broc Rutter,QB287,,2097.0,,2097,,,,,
2539,T.J. Linta,QB288,,2099.0,,2099,,,,,
2540,Antoine Wesley,WR1012,,2101.0,,2101,,,,,
2541,Connor Jessop,QB289,,2102.0,,2102,,,,,
2542,Andrew Bonnet,RB581,,2104.0,,2104,,,,,
2543,Kennedy Brooks,RB582,,2106.0,,2106,,,,,
2544,Mikey Daniel,RB583,,2107.0,,2107,,,,,
2545,Sone Ntoh,RB584,,2108.0,,2108,,,,,
2546,Mark Chapman,WR1013,,2112.0,,2112,,,,,
2547,Reggie Brown,WR1014,,2113.0,,2113,,,,,
2548,James Turner,K131,,2114.0,,2114,,,,,
2549,Taulia Tagovailoa,QB290,,2116.0,,2116,,,,,
2550,Chase Daniel,QB291,,2117.0,,2117,,,,,
2551,Mike DiLiello,QB292,,2118.0,,2118,,,,,
2552,James Franklin,QB293,,2119.0,,2119,,,,,
2553,Luke Falk,QB294,,2120.0,,2120,,,,,
2554,Chad Henne,QB295,,2122.0,,2122,,,,,
2555,Rodney Smith,RB585,,2123.0,,2123,,,,,
2556,Jerreth Sterns,WR1015,,2125.0,,2125,,,,,
2557,Roman Hemby,RB586,LV,2126.0,,2126,,,,,
2558,Sherman Badie,RB587,,2127.0,,2127,,,,,
2559,Germone Hopper,WR1016,,2129.0,,2129,,,,,
2560,Connor Wedington,WR1017,,2130.0,,2130,,,,,
2561,Devon Johnson,RB588,,2135.0,,2135,,,,,
2562,Shane Leatherbury,WR1018,,2137.0,,2137,,,,,
2563,Josh Love,QB296,,2139.0,,2139,,,,,
2564,Deontez Alexander,WR1019,,2140.0,,2140,,,,,
2565,Jose Barbon,WR1020,,2142.0,,2142,,,,,
2566,Trey Edmunds,RB589,,2144.0,,2144,,,,,
2567,Tyrell Williams,WR1021,,2145.0,,2145,,,,,
2568,Danny Etling,QB297,,2146.0,,2146,,,,,
2569,Ventell Bryant,WR1022,,2148.0,,2148,,,,,
2570,Derek Carrier,TE499,,2155.0,,2155,,,,,
2571,Jalen Williams,WR1023,,2157.0,,2157,,,,,
2572,Trey Wolff,K132,,2158.0,,2158,,,,,
2573,Chase Harrell,TE500,,2159.0,,2159,,,,,
2574,Armanti Foreman,WR1024,,2162.0,,2162,,,,,
2575,Bryan Bennett,QB298,,2163.0,,2163,,,,,
2576,Josh Hill,TE501,,2165.0,,2165,,,,,
2577,Darius Jennings,WR1025,,2166.0,,2166,,,,,
2578,Tanner Morgan,QB299,,2169.0,,2169,,,,,
2579,Mike Johnson,WR1026,,2172.0,,2172,,,,,
2580,Kalif Jackson,TE502,MIA,2174.0,,2174,,,,,
2581,Damore'ea Stringfellow,WR1027,,2175.0,,2175,,,,,
2582,Gabe Brkic,K133,,2176.0,,2176,,,,,
2583,DaeSean Hamilton,WR1028,,2179.0,,2179,,,,,
2584,Travis Dye,RB590,,2183.0,,2183,,,,,
2585,Kyle Coleman,RB591,,2185.0,,2185,,,,,
2586,Golden Tate,WR1029,,2186.0,,2186,,,,,
2587,Joshua Lingenfelter,TE503,,2187.0,,2187,,,,,
2588,Kyle Lauletta,QB300,,2188.0,,2188,,,,,
2589,John Raine,TE504,,2191.0,,2191,,,,,
2590,Lachlan Pitts,TE505,,2192.0,,2192,,,,,
2591,Steven Montez,QB301,,2195.0,,2195,,,,,
2592,Geronimo Allison,WR1030,,2198.0,,2198,,,,,
2593,Raphael Leonard,WR1031,,2199.0,,2199,,,,,
2594,Ryan Nall,RB592,,2200.0,,2200,,,,,
2595,Steven Scheu,TE506,,2203.0,,2203,,,,,
2596,Austin Allen,QB302,,2206.0,,2206,,,,,
2597,Nakia Griffin-Stewart,TE507,,2208.0,,2208,,,,,
2598,J.J. Jones,WR1032,,2210.0,,2210,,,,,
2599,Joe Bacci,RB593,,2211.0,,2211,,,,,
2600,Marquez Clark,WR1033,,2212.0,,2212,,,,,
2601,Brian Riley,WR1034,,2214.0,,2214,,,,,
2602,Nick Vogel,K134,,2217.0,,2217,,,,,
2603,Jake Heaps,QB303,,2218.0,,2218,,,,,
2604,Ted Ginn,WR1035,,2219.0,,2219,,,,,
2605,Jordan Hudson,WR1036,DAL,2220.0,,2220,,,,,
2606,Roosevelt Nix,RB594,,2221.0,,2221,,,,,
2607,Anthony Mahoungou,WR1037,,2223.0,,2223,,,,,
2608,Alex Kessman,K135,CAR,2224.0,,2224,,,,,
2609,J.J. Koski,WR1038,,2227.0,,2227,,,,,
2610,Kawaan Baker,WR1039,,2228.0,,2228,,,,,
2611,Jacob Breeland,TE508,,2231.0,,2231,,,,,
2612,J.T. Barrett,QB304,,2233.0,,2233,,,,,
2613,C.J. Anderson,RB595,,2235.0,,2235,,,,,
2614,Bucky Hodges,TE509,,2237.0,,2237,,,,,
2615,Devon Bell,K136,,2238.0,,2238,,,,,
2616,Floyd Allen,WR1040,,2239.0,,2239,,,,,
2617,Tevin Coleman,RB596,,2242.0,,2242,,,,,
2618,DeSean Jackson,WR1041,,2244.0,,2244,,,,,
2619,Micky Crum,TE510,,2245.0,,2245,,,,,
2620,Emmanuel Sanders,WR1042,,2247.0,,2247,,,,,
2621,Roland Rivers,QB305,,2248.0,,2248,,,,,
2622,Damoun Patterson,WR1043,,2249.0,,2249,,,,,
2623,Alex Tanney,QB306,,2251.0,,2251,,,,,
2624,Jerry Lovelocke,QB307,,2252.0,,2252,,,,,
2625,Mohamed Sanu,WR1044,,2254.0,,2254,,,,,
2626,Dakereon Joyner,WR1045,,2256.0,,2256,,,,,
2627,Garrett Scantling,WR1046,ATL,2257.0,,2257,,,,,
2628,Kenny Cook,WR1047,,2259.0,,2259,,,,,
2629,Tyler Ervin,RB597,,2262.0,,2262,,,,,
2630,Zach Zenner,RB598,,2263.0,,2263,,,,,
2631,Chad Williams,WR1048,,2264.0,,2264,,,,,
2632,Sefo Liufau,QB308,,2267.0,,2267,,,,,
2633,Stephen Hauschka,K137,,2272.0,,2272,,,,,
2634,Tyler McCloskey,RB599,,2273.0,,2273,,,,,
2635,Zach Olstad,RB600,,2276.0,,2276,,,,,
2636,Kelvin McKnight,WR1049,,2278.0,,2278,,,,,
2637,Kinkead Dent,QB309,,2279.0,,2279,,,,,
2638,CJ Marable,RB601,,2284.0,,2284,,,,,
2639,Darren Carrington,WR1050,,2287.0,,2287,,,,,
2640,Lamar Miller,RB602,,2288.0,,2288,,,,,
2641,Jake Burt,TE511,,2290.0,,2290,,,,,
2642,Johnny Stanton,RB603,,2291.0,,2291,,,,,
2643,Justin Manton,K138,,2292.0,,2292,,,,,
2644,Noah Gindorff,TE512,,2294.0,,2294,,,,,
2645,Darius Davis,WR1051,,2298.0,,2298,,,,,
2646,Josh Hammond,WR1052,,2300.0,,2300,,,,,
2647,Zach Terrell,QB310,BAL,2302.0,,2302,,,,,
2648,Seth Green,TE513,,2306.0,,2306,,,,,
2649,Jahwan Edwards,RB604,,2307.0,,2307,,,,,
2650,Pokey Wilson,WR1053,,2309.0,,2309,,,,,
2651,Bart Houston,QB311,,2310.0,,2310,,,,,
