Rank,Player,POS,Team,AVG,Expert,Sleeper,ESPN,Yahoo,Underdog,CBS,FFPC
1,Jahmyr Gibbs,RB1,DET,1.0,1,1,1,1,1,1,1
2,Bijan Robinson,RB2,ATL,2.0,2,2,2,2,2,2,2
3,Ja'Marr Chase,WR1,CIN,3.0,3,3,3,3,3,3,3
4,Puka Nacua,WR2,LAR,4.0,4,4,4,4,4,4,4
6,Christian McCaffrey,RB3,SF,6.0,6,5,7,6,6,7,5
6,Jaxon Smith-Njigba,WR3,SEA,6.2,6,6,6,8,5,6,6
7,Amon-Ra St. Brown,WR4,DET,7.7,7,8,8,7,7,8,8
9,Jonathan Taylor,RB4,IND,6.5,9,7,5,5,8,5,9
10,James Cook,RB5,BUF,9.2,10,9,9,9,9,9,10
10,CeeDee Lamb,WR5,DAL,11.2,10,10,10,12,10,12,13
11,Justin Jefferson,WR6,MIN,12.2,11,11,11,13,11,15,12
12,Chase Brown,RB7,CIN,13.2,12,16,14,14,14,10,11
14,Saquon Barkley,RB6,PHI,13.2,14,12,15,10,12,13,17
14,Devon Achane,RB8,MIA,14.2,14,13,12,17,16,11,16
14,Omarion Hampton,RB9,LAC,16.2,14,15,13,16,18,17,18
15,Kenneth Walker,RB11,KC,17.0,15,20,28,11,13,16,14
17,Ashton Jeanty,RB12,LV,18.0,17,14,17,21,15,22,19
19,Derrick Henry,RB10,BAL,17.0,19,19,16,15,17,14,21
20,Drake London,WR8,ATL,20.3,20,18,18,20,23,20,23
21,Brock Bowers,TE1,LV,19.3,21,23,22,19,20,25,7
21,A.J. Brown,WR7,NE,19.5,21,17,20,23,19,18,20
22,Nico Collins,WR9,HOU,22.5,22,25,23,18,21,24,24
22,Malik Nabers,WR12,NYG,26.8,22,26,33,25,22,30,25
24,George Pickens,WR10,DAL,23.8,24,22,27,22,24,21,27
25,Rashee Rice,WR13,KC,28.5,25,29,25,39,27,23,28
26,Chris Olave,WR11,NO,26.0,26,30,24,24,25,27,26
28,Trey McBride,TE2,ARI,25.0,28,24,21,34,28,28,15
28,Jeremiyah Love,RB13,ARI,27.5,28,27,19,28,30,32,29
30,Breece Hall,RB16,NYJ,32.5,30,34,30,30,33,38,30
31,Kyren Williams,RB14,LAR,29.3,31,28,32,27,29,26,34
31,DeVonta Smith,WR14,PHI,29.8,31,31,34,26,26,31,31
31,Javonte Williams,RB15,DAL,31.0,31,33,31,29,32,29,32
34,Zay Flowers,WR15,BAL,35.0,34,41,37,32,31,34,35
34,Jaylen Waddle,WR21,DEN,41.2,34,45,48,33,36,46,39
35,Tee Higgins,WR16,CIN,36.8,35,35,41,31,35,37,42
38,Ladd McConkey,WR17,LAC,37.7,38,36,40,41,34,39,36
39,Josh Allen,QB1,BUF,29.2,39,21,26,35,37,19,37
40,Colston Loveland,TE3,CHI,37.5,40,40,42,38,43,40,22
40,Travis Etienne,RB17,NO,38.7,40,44,35,40,40,33,40
40,Emeka Egbuka,WR20,TB,40.3,40,38,38,43,38,44,41
41,Garrett Wilson,WR18,NYJ,38.8,41,46,29,36,39,45,38
43,Tetairoa McMillan,WR19,CAR,39.5,43,37,36,37,41,42,44
43,Bucky Irving,RB20,TB,47.7,43,43,49,50,51,43,50
44,D'Andre Swift,RB18,CHI,43.2,44,51,46,42,42,35,43
46,Cam Skattebo,RB19,NYG,43.7,46,42,45,48,46,36,45
47,Quinshon Judkins,RB21,CLE,49.8,47,53,39,56,55,47,49
47,Luther Burden,WR23,CHI,51.0,47,55,59,44,44,58,46
48,David Montgomery,RB22,HOU,50.5,48,48,57,57,45,48,48
48,Davante Adams,WR24,LAR,51.8,48,50,44,55,52,53,57
49,Bhayshul Tuten,RB23,JAX,53.2,49,61,47,58,48,54,51
50,Jameson Williams,WR26,DET,53.5,50,60,53,49,47,56,56
51,Jadarian Price,RB24,SEA,57.5,51,64,58,59,59,52,53
53,Terry McLaurin,WR25,WAS,52.2,53,56,50,47,49,57,54
55,Lamar Jackson,QB2,BAL,49.7,55,32,43,53,60,41,69
55,Rome Odunze,WR27,CHI,57.7,55,65,54,51,58,60,58
57,Christian Watson,WR28,GB,61.3,57,69,74,52,57,61,55
58,Tyler Warren,TE4,IND,49.5,58,49,52,46,62,55,33
59,DJ Moore,WR22,BUF,49.3,59,54,51,45,50,49,47
59,Carnell Tate,WR32,TEN,71.0,59,67,61,74,63,89,72
60,Brian Thomas,WR34,JAX,78.2,60,74,97,73,66,84,75
62,Mike Evans,WR29,SF,61.7,62,62,62,60,54,70,62
63,TreVeyon Henderson,RB25,NE,62.5,63,57,60,65,61,69,63
63,Parker Washington,WR30,JAX,62.5,63,73,76,54,53,67,52
64,Rhamondre Stevenson,RB26,NE,67.5,64,81,65,62,65,66,66
64,Marvin Harrison,WR31,ARI,68.2,64,76,63,68,64,68,70
64,Jaylen Warren,RB27,PIT,71.8,64,72,77,69,69,76,68
69,Drake Maye,QB3,NE,60.0,69,47,56,61,67,51,78
70,Joe Burrow,QB4,CIN,63.5,70,52,64,64,68,50,83
72,Jayden Daniels,QB5,WAS,70.2,72,66,55,67,71,63,99
76,Caleb Williams,QB7,CHI,81.0,76,71,87,72,74,75,107
76,Jonathon Brooks,RB30,CAR,81.0,76,99,83,77,75,85,67
76,Chris Godwin,WR36,TB,86.7,76,93,105,82,80,87,73
78,Tucker Kraft,TE6,GB,71.2,78,63,92,66,76,71,59
78,Tony Pollard,RB29,TEN,76.5,78,84,68,81,78,72,76
81,Jalen Hurts,QB6,PHI,71.3,81,59,66,63,72,62,106
82,Michael Pittman,WR40,PIT,97.3,82,104,67,104,103,113,93
83,MarShawn Lloyd,RB37,GB,99.7,83,160,86,71,97,88,96
83,Jordan Addison,WR43,MIN,102.0,83,102,106,95,87,109,113
83,Makai Lemon,WR45,PHI,105.5,83,91,116,102,83,129,112
84,DK Metcalf,WR33,PIT,77.5,84,75,71,76,73,90,80
84,Quentin Johnston,WR39,LAC,95.3,84,114,118,89,70,92,89
85,Rico Dowdle,RB31,PIT,82.3,85,87,88,86,79,77,77
86,Sam LaPorta,TE5,DET,71.0,86,58,78,70,91,65,64
87,J.K. Dobbins,RB32,DEN,91.8,87,92,101,85,96,86,91
87,RJ Harvey,RB34,DEN,94.7,87,80,109,108,89,95,87
88,Trevor Lawrence,QB10,JAX,93.2,88,100,95,80,88,80,116
89,Courtland Sutton,WR35,DEN,83.5,89,79,73,100,82,79,88
89,Stefon Diggs,WR41,WAS,100.3,89,107,89,97,94,111,104
92,Michael Wilson,WR37,ARI,89.8,92,85,85,90,90,99,90
92,Chuba Hubbard,RB33,CAR,94.2,92,78,93,84,102,107,101
92,Jordan Mason,RB38,MIN,102.7,92,110,131,103,92,94,86
93,Justin Herbert,QB9,LAC,86.7,93,82,84,75,84,81,114
93,Alec Pierce,WR38,IND,93.3,93,97,90,96,93,82,102
93,Jacory Croskey-Merritt,RB39,WAS,103.3,93,115,119,91,98,102,95
94,Harold Fannin,TE7,CLE,74.8,94,70,69,78,107,64,61
94,Kyle Pitts,TE8,ATL,75.3,94,68,70,79,101,74,60
96,Dak Prescott,QB8,DAL,81.7,96,77,75,83,81,59,115
96,George Kittle,TE9,SF,83.8,96,83,72,87,112,78,71
97,Josh Downs,WR42,IND,101.3,97,113,107,88,86,122,92
98,Blake Corum,RB35,LAR,95.0,98,101,112,92,85,101,79
98,KC Concepcion,WR49,CLE,112.7,98,120,136,98,106,116,100
99,Wan'Dale Robinson,WR46,TEN,107.7,99,119,82,109,119,114,103
100,Matthew Golden,WR48,GB,110.7,100,125,104,99,95,131,110
100,Rachaad White,RB41,WAS,117.5,100,134,100,114,121,127,109
104,De'Zhaun Stribling,WR47,SF,110.2,104,137,122,93,100,115,94
107,Jayden Reed,WR44,GB,103.3,107,109,120,94,77,123,97
108,Brock Purdy,QB12,SF,109.5,108,122,99,101,104,97,134
109,Kenneth Gainwell,RB36,TB,98.8,109,111,79,111,110,98,84
109,Kyle Monangai,RB40,CHI,108.7,109,103,102,110,114,112,111
109,Jordyn Tyson,WR54,NO,132.2,109,108,170,129,111,157,118
110,Bo Nix,QB15,DEN,117.0,110,117,113,105,105,120,142
111,Xavier Worthy,WR52,KC,127.8,111,138,124,131,108,140,126
112,Jaxson Dart,QB11,NYG,107.0,112,96,80,107,109,110,140
113,Patrick Mahomes,QB14,KC,114.8,113,112,110,122,99,103,143
114,Josh Jacobs,RB28,GB,73.3,114,39,81,126,56,73,65
116,Deebo Samuel,WR55,SF,134.0,116,130,132,154,130,128,130
117,Matthew Stafford,QB13,LAR,113.0,117,94,114,115,115,93,147
119,Jared Goff,QB16,DET,125.3,119,131,133,117,113,108,150
121,Aaron Jones,RB42,MIN,118.7,121,128,96,123,127,121,117
121,Kyler Murray,QB17,MIN,133.7,121,150,123,119,116,138,156
123,Jakobi Meyers,WR50,JAX,121.5,123,127,94,127,123,130,128
123,Romeo Doubs,WR51,NE,125.8,123,132,125,121,118,132,127
126,Jalen Coker,WR53,CAR,131.5,126,147,126,113,129,142,132
127,Travis Kelce,TE10,KC,102.7,127,89,103,118,125,100,81
127,Denzel Boston,WR58,CLE,157.2,127,171,164,144,147,171,146
128,Chris Rodriguez,RB43,JAX,129.5,128,139,146,112,122,139,119
128,Mike Washington Jr.,RB45,LV,136.7,128,159,152,128,133,124,124
131,Jake Ferguson,TE14,DAL,120.2,131,98,115,146,139,125,98
132,Dalton Kincaid,TE12,BUF,106.8,132,88,127,106,120,118,82
132,Dallas Goedert,TE13,PHI,107.3,132,121,108,116,131,83,85
133,Baker Mayfield,QB18,TB,142.5,133,144,143,137,124,137,170
134,Woody Marks,RB44,HOU,134.7,134,146,134,130,137,136,125
134,Jonah Coleman,RB47,DEN,143.8,134,166,142,141,142,151,121
135,Keenan Allen,WR64,IND,170.8,135,200,157,147,154,184,183
136,Isaiah Likely,TE11,NYG,105.7,136,106,117,120,126,91,74
136,Travis Hunter,WR63,JAX,169.0,136,169,91,187,174,,224
138,Jordan Love,QB19,GB,144.8,138,153,160,125,117,145,169
139,Mark Andrews,TE15,BAL,124.0,139,126,121,135,138,119,105
139,Khalil Shakir,WR56,BUF,138.2,139,145,111,139,132,161,141
139,Rashid Shaheed,WR57,SEA,145.2,139,148,163,132,136,148,144
142,Tyler Allgeier,RB46,ARI,141.7,142,142,151,136,141,149,131
145,Keaton Mitchell,RB50,LAC,149.2,145,183,156,124,135,174,123
145,Malik Willis,QB21,MIA,163.3,145,209,169,133,134,164,171
146,Juwan Johnson,TE16,NO,141.7,146,178,149,134,140,141,108
146,Tyler Shough,QB20,NO,151.0,146,186,130,143,128,154,165
146,Tank Bigsby,RB51,PHI,157.0,146,179,174,138,150,163,138
155,Brenton Strange,TE18,JAX,157.2,155,154,198,174,152,143,122
155,Jalen McMillan,WR62,TB,168.0,155,210,137,160,161,,172
158,Chig Okonkwo,TE21,WAS,169.4,158,192,219,158,149,,129
160,Ja'Kobi Lane,WR61,BAL,165.2,160,162,201,161,145,167,155
160,C.J. Stroud,QB24,HOU,189.2,160,206,202,175,148,170,234
161,Tre Tucker,WR59,LV,163.7,161,202,171,142,146,162,159
161,Sam Darnold,QB22,SEA,171.3,161,163,203,156,144,152,210
161,Omar Cooper Jr.,WR72,NYJ,198.8,161,194,212,192,177,,219
162,Hunter Henry,TE17,NE,151.8,162,141,154,166,155,160,135
163,Kayshon Boutte,WR69,HOU,189.8,163,197,213,177,164,192,196
164,Dylan Sampson,RB52,CLE,167.5,164,188,153,173,165,177,149
164,Daniel Jones,QB23,IND,172.2,164,203,148,167,143,168,204
165,Emmett Johnson,RB58,KC,182.8,165,207,241,157,162,179,151
166,Tyjae Spears,RB48,TEN,145.2,166,164,128,140,153,150,136
166,Brian Robinson,RB53,ATL,169.5,166,172,161,162,176,185,161
167,Dalton Schultz,TE20,HOU,165.8,167,181,210,149,157,159,139
167,Cam Ward,QB25,TEN,214.2,167,249,222,185,160,,255
168,Chris Brooks,RB71,GB,234.3,168,,225,244,228,,240
171,T.J. Hockenson,TE22,MIN,174.5,171,165,155,215,169,198,145
171,Kaleb Johnson,RB69,GB,225.0,171,218,266,210,196,,235
172,Kenyon Sadiq,TE23,NYJ,177.2,172,173,175,195,178,189,153
173,Terrance Ferguson,TE19,LAR,158.4,173,208,162,151,151,,120
173,Isiah Pacheco,RB59,DET,186.8,173,191,145,197,230,165,193
173,Bryce Young,QB26,CAR,217.2,173,235,221,182,168,,280
176,Caleb Douglas,WR67,MIA,185.8,176,198,168,179,180,203,187
177,Zach Charbonnet,RB49,SEA,147.8,177,152,140,148,166,144,137
177,Tre Harris,WR71,LAC,195.4,177,251,207,184,158,,177
177,Roschon Johnson,RB97,CHI,338.3,177,,543,280,238,,292
179,Jalen Nailor,WR66,LV,181.2,179,182,172,186,159,214,174
180,AJ Barner,TE24,SEA,188.2,180,185,220,183,173,200,168
181,Kaelon Black,RB56,SF,176.5,181,195,200,169,172,169,154
181,Oronde Gadsden,TE25,LAC,208.0,181,151,291,217,206,,175
182,Darnell Mooney,WR110,NYG,289.0,182,340,294,261,251,,299
184,Tyrone Tracy,RB60,NYG,193.3,184,174,246,232,188,156,164
184,Najee Harris,RB61,NYG,201.8,184,224,181,201,194,,209
185,Malik Washington,WR70,MIA,190.0,185,175,214,208,175,,178
187,Nicholas Singleton,RB67,TEN,220.0,187,213,267,204,215,,201
189,Kaytron Allen,RB72,WAS,246.4,189,290,280,227,237,,198
191,Alvin Kamara,RB54,NO,176.2,191,167,150,191,201,181,167
191,Braelon Allen,RB55,NYJ,176.3,191,205,173,164,181,178,157
191,Cyrus Allen,WR79,KC,210.8,191,176,369,180,167,,162
191,Antonio Williams,WR90,WAS,246.0,191,271,236,238,225,,260
192,Ryan Flournoy,WR73,DAL,199.2,192,252,208,172,170,,194
192,Tank Dell,WR75,HOU,206.2,192,189,138,262,219,206,223
195,Ray Davis,RB57,BUF,182.8,195,228,180,159,187,,160
195,Chris Bell,WR83,MIA,226.0,195,298,233,206,179,,214
195,Calvin Ridley,WR86,TEN,233.0,195,354,166,251,195,196,236
197,Sean Tucker,RB76,TB,257.2,197,318,247,253,235,,233
198,Malik Davis,RB62,DAL,202.0,198,,228,176,186,,218
198,Germie Bernard,WR87,PIT,237.0,198,250,206,266,205,,258
198,Aaron Rodgers,QB29,PIT,250.0,198,245,270,249,183,,303
198,David Njoku,TE31,LAC,254.8,198,229,290,315,223,,217
198,Devin Singletary,RB102,NYG,356.0,198,,508,276,303,,337
199,Gunnar Helm,TE29,TEN,226.2,199,266,218,264,199,,184
200,Jerry Jeudy,WR68,CLE,188.3,200,184,165,196,202,176,207
200,Zachariah Branch,WR80,ATL,215.6,200,212,211,212,204,,239
200,Jacoby Brissett,QB28,ARI,243.0,200,315,223,209,198,,270
202,Jauan Jennings,WR76,MIN,207.2,202,214,204,207,184,212,222
203,Kimani Vidal,RB65,LAC,218.2,203,281,215,213,203,,179
205,Adonai Mitchell,WR65,NYJ,181.0,205,254,167,145,163,,176
205,Malachi Fields,WR77,NYG,207.6,205,223,205,225,182,,203
205,Isaac TeSlaa,WR88,DET,243.0,205,239,262,254,207,,253
207,Pat Freiermuth,TE27,PIT,220.0,207,294,209,216,193,,188
208,Greg Dulcich,TE26,MIA,208.0,208,248,259,193,191,199,158
209,Troy Franklin,WR121,DEN,302.6,209,307,371,299,241,,295
210,Demond Claiborne,RB73,MIN,247.6,210,312,278,203,239,,206
210,Geno Smith,QB30,NYJ,251.8,210,,268,245,189,,305
211,Cade Otton,TE28,TB,222.2,211,265,261,223,190,197,197
212,Dontayvion Wicks,WR60,PHI,164.5,212,,177,152,156,,173
212,Pat Bryant,WR74,DEN,205.6,212,237,263,171,171,,186
213,Elijah Sarratt,WR132,BAL,317.4,213,246,411,301,259,,370
214,Brashard Smith,RB82,KC,282.2,214,234,227,335,304,,311
214,Elic Ayomanor,WR137,TEN,328.8,214,304,414,323,274,,329
215,Darius Slayton,WR112,NYG,292.3,215,,235,298,278,,358
216,Ted Hurst,WR89,TB,245.8,216,292,284,241,192,,220
216,Ollie Gordon II,RB78,MIA,270.8,216,,217,285,307,,274
216,Eli Stowers,TE47,PHI,299.3,216,287,329,304,,,277
217,Keon Coleman,WR98,BUF,262.2,217,268,254,275,221,,293
217,Calvin Austin,WR339,NYG,688.7,217,,532,376,1158,,
218,Fernando Mendoza,QB27,LV,230.6,218,187,269,214,197,,286
218,Luke McCaffrey,WR169,WAS,372.0,218,,427,325,364,,
220,Jordan James,RB70,SF,230.2,220,,249,242,244,208,208
220,Jack Bech,WR101,LV,269.2,220,284,274,236,262,,290
220,Chimere Dike,WR134,TEN,326.8,220,247,387,322,293,,385
221,Samaje Perine,RB63,CIN,207.0,221,,158,230,214,,226
221,Jaylin Noel,WR78,HOU,208.6,221,215,179,190,200,,259
221,Christian Kirk,WR153,SF,352.4,221,305,509,331,315,,302
222,James Conner,RB77,ARI,269.4,222,253,308,271,268,,247
222,Charlie Kolar,TE41,LAC,277.8,222,,391,259,209,,252
223,Seth McGowan,RB68,IND,224.0,223,,248,224,213,,211
223,Tez Johnson,WR161,TB,363.7,223,,417,401,273,,
224,Devaughn Vele,WR81,NO,218.0,224,293,178,205,185,,229
224,Ty Johnson,RB86,BUF,287.8,224,,224,333,284,,310
224,Bryce Lance,WR119,NO,300.8,224,,381,287,256,,279
225,Jaydon Blue,RB111,PHI,401.2,225,243,975,332,240,,216
227,Kyle Williams,WR85,,232.0,227,,,,232,,
227,Tyquan Thornton,WR91,KC,254.3,227,,253,231,226,,307
227,Kendre Miller,RB74,NO,255.0,227,232,276,228,267,,272
227,Tory Horton,WR106,SEA,278.2,227,244,275,297,252,,323
228,Isaiah Davis,RB84,NYJ,284.8,228,,242,279,296,,322
228,Skyler Bell,WR126,BUF,312.0,228,,396,309,234,,309
228,Max Klare,TE61,LAR,368.4,228,337,331,494,353,,327
228,Cedric Tillman,WR376,NO,731.0,228,1631,858,395,370,,401
229,Justice Hill,RB64,BAL,213.8,229,,199,246,220,,190
229,Adam Randall,RB80,BAL,279.8,229,,307,256,294,,262
230,Mike Gesicki,TE43,CIN,280.0,230,,292,313,231,,284
231,Rashod Bateman,WR82,BAL,225.6,231,262,176,222,212,,256
231,Tua Tagovailoa,QB36,ATL,301.4,231,276,296,294,257,,384
232,Eli Raridon,TE38,NE,274.0,232,,333,274,243,,246
232,Andrei Iosivas,WR113,CIN,294.0,232,,265,321,242,,348
233,Cooper Kupp,WR84,SEA,227.2,233,199,226,263,216,210,249
233,Emanuel Wilson,RB87,SEA,289.4,233,345,251,258,311,,282
233,Isaac Guerendo,RB176,SF,642.3,233,,561,940,426,,
234,George Holani,RB66,SEA,218.5,234,,245,219,210,,200
234,Evan Engram,TE32,DEN,255.8,234,,289,286,218,,230
235,Michael Penix,QB31,ATL,268.2,235,240,310,250,208,,333
235,DJ Giddens,RB88,IND,295.8,235,,281,282,324,,296
237,Xavier Legette,WR108,CAR,286.3,237,,229,268,261,,387
238,Colby Parkinson,TE39,LAR,274.6,238,349,312,247,222,,243
238,Brandon Aiyuk,WR167,SF,369.0,238,348,516,340,310,,331
239,Kirk Cousins,QB35,LV,296.5,239,,302,308,229,,347
239,Hollywood Brown,WR152,PHI,351.0,239,,395,349,285,,375
241,Deshaun Watson,QB32,CLE,288.0,241,,271,306,247,,328
241,Shedeur Sanders,QB34,CLE,295.8,241,275,301,305,236,,362
242,Jaylen Wright,RB75,MIA,256.6,242,334,216,255,246,,232
243,Mack Hollins,WR142,NE,332.5,243,,295,361,308,,366
243,Devin Neal,RB134,,509.6,243,211,586,319,1082,,350
245,Jake Tonges,TE40,SF,276.8,245,303,311,300,249,,221
245,Konata Mumpfield,WR256,LAR,532.0,245,,421,828,347,,
246,Darnell Washington,TE46,PIT,299.0,246,,314,311,245,,326
246,Trey Benson,RB104,ARI,362.4,246,359,321,405,375,,352
246,Olamide Zaccheaus,WR164,ATL,365.3,246,,397,393,306,,
247,Darren Waller,TE30,CAR,239.0,247,,260,248,211,,237
247,Tyreek Hill,WR160,,361.8,247,236,684,352,254,,283
248,Carson Beck,QB33,ARI,295.7,248,,316,318,253,,
249,Theo Johnson,TE48,NYG,313.0,249,260,325,334,286,,360
251,Mason Taylor,TE42,NYJ,278.4,251,231,324,314,250,,273
251,LeQuint Allen,RB83,JAX,283.3,251,,244,320,298,,271
253,Joshua Palmer,WR130,BUF,315.3,253,,372,292,282,,
253,Anthony Richardson,QB50,IND,509.0,253,,336,891,300,,
255,Michael Mayer,TE34,LV,261.5,255,,293,288,227,,238
259,J.J. McCarthy,QB39,MIN,345.8,259,230,315,398,410,,376
259,Mac Jones,QB40,SF,348.7,259,,319,413,314,,
259,Jaylin Lane,WR236,WAS,498.3,259,,403,701,391,,
262,Justin Fields,QB38,KC,329.7,262,,317,355,317,,
264,Trevor Etienne,RB116,CAR,431.3,264,,574,324,396,,
266,Ty Simpson,QB49,LAR,494.3,266,308,334,975,360,,
268,Elijah Arroyo,TE44,SEA,291.0,268,,323,312,260,,269
270,Cole Kmet,TE49,CHI,320.8,270,,326,372,265,,320
270,Dawson Knox,TE50,BUF,322.0,270,,322,362,264,,340
272,Oscar Delp,TE57,NO,355.5,272,,431,327,322,,342
272,Dont'e Thornton Jr.,WR351,LV,703.0,272,,577,829,,,
273,Isaiah Bond,WR150,CLE,350.3,273,,392,336,323,,
275,Jarquez Hunter,RB123,,471.8,275,297,976,342,429,,315
276,Ja'Tavion Sanders,TE67,CAR,395.3,276,,327,399,460,,
277,Zavion Thomas,WR128,CHI,313.0,277,,390,345,217,,300
279,DeMario Douglas,WR97,NE,261.3,279,,234,293,224,,294
281,Jalen Tolbert,WR133,MIA,319.3,281,,232,410,280,,355
282,Treylon Burks,WR136,WAS,327.0,282,,376,278,327,,
283,Noah Gray,TE55,KC,347.5,283,,328,421,305,,336
284,Marvin Mims,WR116,DEN,298.8,284,222,264,337,297,,374
287,Emari Demercado,RB85,DAL,285.3,287,,252,343,279,,267
289,Kyle Williams,WR122,NE,305.8,289,226,370,329,,,298
290,Justin Joly,TE80,MIA,452.0,290,,606,464,346,,392
291,Jerome Ford,RB304,WAS,894.3,291,,824,726,1133,,
292,Tahj Brooks,RB89,CIN,301.5,292,,277,281,316,,332
292,Drew Allar,QB122,PIT,867.0,292,2208,448,969,331,,379
293,Noah Fant,TE58,NO,365.7,293,,386,366,345,,
294,Cade Klubnik,QB94,NYJ,728.0,294,,478,978,,,
295,Jaleel McLaughlin,RB145,CLE,550.3,295,,886,558,376,,381
296,Audric Estime,RB108,NO,391.4,296,279,562,373,355,,388
297,Kendrick Bourne,WR143,ARI,334.7,297,,373,348,283,,
297,Luke Musgrave,TE84,GB,463.7,297,,544,440,407,,
298,Will Shipley,RB128,PHI,497.3,298,,250,945,401,,393
299,Tutu Atwell,WR175,LAR,380.5,299,,400,437,287,,398
300,Kareem Hunt,RB112,,401.5,300,,695,330,292,,289
303,Jameis Winston,QB51,NYG,515.3,303,,335,921,290,,
304,Tyler Higbee,TE52,LAR,340.8,304,,330,358,326,,349
305,Marcus Mariota,QB44,WAS,427.0,305,,340,535,406,,
305,Jordan Whittington,WR229,LAR,485.8,305,,416,825,363,,339
310,Luke Schoonmaker,TE99,DAL,499.0,310,,404,699,394,,
311,Eli Heidenreich,RB120,PIT,448.5,311,,309,747,335,,403
312,Brenen Thompson,WR140,LAC,331.8,312,,406,310,281,,330
314,Jahan Dotson,WR95,ATL,257.3,314,,230,234,248,,317
316,Jawhar Jordan,RB179,HOU,646.8,316,,921,381,931,,354
317,Savion Williams,WR146,GB,345.3,317,,383,344,309,,
320,Xavier Hutchinson,WR105,HOU,274.5,320,,231,295,266,,306
321,Kevin Coleman Jr.,WR177,MIA,383.3,321,,272,575,321,,365
323,KaVontae Turpin,WR124,DAL,309.7,323,,273,387,269,,
324,Kalif Raymond,WR148,CHI,347.8,324,,374,350,272,,395
325,Joe Flacco,QB41,CIN,355.7,325,,318,390,359,,
326,Nick Westbrook-Ikhine,WR312,IND,639.7,326,,774,714,431,,
327,Ashton Dulin,WR155,IND,354.7,327,,398,316,350,,
331,Devontez Walker,WR165,BAL,367.0,331,,378,400,299,,391
332,Dameon Pierce,RB283,PHI,851.3,332,,810,929,815,,
337,Roman Wilson,WR147,PIT,347.7,337,,402,346,295,,
338,Dyami Brown,WR193,WAS,416.0,338,,375,450,423,,
339,Greg Dortch,WR217,BUF,455.7,339,,663,385,319,,
340,Demarcus Robinson,WR158,SF,358.8,340,,423,418,270,,324
341,Theo Wease Jr.,WR371,LAC,722.3,341,,992,693,807,,397
342,Riley Leonard,QB80,IND,649.7,342,,451,1010,488,,
343,Mo Alie-Cox,TE111,IND,539.5,343,794,405,544,415,,
344,Gardner Minshew,QB137,ARI,929.8,344,1809,488,1024,398,,
345,DeAndre Hopkins,WR269,,557.3,345,,714,415,543,,
346,Taysom Hill,TE86,,466.0,346,,652,369,377,,
347,Tyrod Taylor,QB104,GB,789.3,347,1490,449,804,414,,
348,JuJu Smith-Schuster,WR308,,635.0,348,,689,430,786,,
349,Zonovan Knight,RB98,ARI,340.0,349,,303,377,,,
350,Raheim Sanders,RB114,CLE,416.0,350,,590,326,332,,
,Brandon Aubrey,K1,DAL,116.0,,90,98,153,,106,133
,Houston Texans,DEF1,HOU,128.0,,95,139,150,,,
,Denver Broncos,DEF2,DEN,140.0,,116,141,163,,,
,Los Angeles Rams,DEF3,LAR,141.7,,86,184,155,,,
,Cameron Dicker,K2,LAC,150.6,,118,129,178,,146,182
,Seattle Seahawks,DEF4,SEA,151.0,,105,183,165,,,
,Ka'imi Fairbairn,K3,HOU,151.0,,129,144,168,,133,181
,Jason Myers,K4,SEA,151.6,,124,135,188,,126,185
,Philadelphia Eagles,DEF5,PHI,159.7,,123,186,170,,,
,Baltimore Ravens,DEF6,BAL,167.0,,135,185,181,,,
,Cam Little,K5,JAX,173.4,,133,193,194,,155,192
,New England Patriots,DEF7,NE,174.7,,136,188,200,,,
,Pittsburgh Steelers,DEF8,PIT,176.7,,149,182,199,,,
,Harrison Mevis,K6,LAR,188.8,,156,147,252,,187,202
,Jake Bates,K7,DET,191.0,,140,194,235,,173,213
,Eddy Pineiro,K8,SF,194.4,,190,159,220,,188,215
,Detroit Lions,DEF9,DET,194.7,,158,189,237,,,
,Los Angeles Chargers,DEF10,LAC,197.3,,168,191,233,,,
,Will Reichard,K9,MIN,201.0,,170,197,211,,202,225
,Tyler Loop,K10,BAL,202.4,,177,195,202,,211,227
,Jacksonville Jaguars,DEF11,JAX,203.3,,157,255,198,,,
,Harrison Butker,K11,KC,212.0,,161,192,277,,186,244
,Minnesota Vikings,DEF12,MIN,214.3,,155,299,189,,,
,Evan McPherson,K12,CIN,219.6,,180,257,221,,190,250
,Kansas City Chiefs,DEF13,KC,220.7,,233,190,239,,,
,Cairo Santos,K13,CHI,224.2,,241,196,218,,201,265
,Green Bay Packers,DEF14,GB,227.3,,204,238,240,,,
,Chris Boswell,K14,PIT,229.0,,143,239,270,,,264
,Chase McLaughlin,K15,TB,234.6,,227,240,269,,209,228
,Dallas Cowboys,DEF15,DAL,241.3,,201,297,226,,,
,Trey Smack,K16,GB,250.5,,196,287,265,,,254
,San Francisco 49ers,DEF16,SF,254.3,,217,286,260,,,
,Braylon Bell,WR92,,255.0,,255,,,,,
,Devin Gardner,WR93,,256.0,,256,,,,,
,Chris Tyree,WR94,,257.0,,257,,,,,
,Tampa Bay Buccaneers,DEF17,TB,257.0,,261,237,273,,,
,Josh Reese,WR96,,258.0,,258,,,,,
,Matt Lengel,TE33,,259.0,,259,,,,,
,Dennis Parks,WR99,,263.0,,263,,,,,
,Eli Stowers,TE35,,263.0,,,,,263,,
,Indianapolis Colts,DEF18,IND,263.7,,221,298,272,,,
,Jazz Ferguson,WR100,,264.0,,264,,,,,
,Andy Borregales,K17,NE,267.0,,193,350,284,,,241
,Gannon Sinclair,TE36,,267.0,,267,,,,,
,David White,WR102,,270.0,,270,,,,,
,Cody Chrest,WR103,,272.0,,272,,,,,
,Peter LeBlanc,WR104,,273.0,,273,,,,,
,Ray Hamilton,TE37,,274.0,,274,,,,,
,Buffalo Bills,DEF19,BUF,275.3,,219,364,243,,,
,Marcus Major,RB79,,278.0,,278,,,,,
,Cayleb Jones,WR107,,280.0,,280,,,,,
,Chris Warren,RB81,,282.0,,282,,,,,
,Wil Lutz,K18,DEN,283.6,,355,346,229,,213,275
,Cincinnati Bengals,DEF20,CIN,286.3,,302,300,257,,,
,Thomas Ives,WR109,CHI,289.0,,289,,,,,
,New Orleans Saints,DEF21,NO,289.3,,323,256,289,,,
,Kendrick Ings,WR111,,291.0,,291,,,,,
,Chicago Bears,DEF22,CHI,291.3,,225,359,290,,,
,Erick All,TE45,CIN,291.5,,,313,317,255,,281
,Cleveland Browns,DEF23,CLE,292.3,,388,187,302,,,
,Jamel Johnson,WR114,,295.0,,295,,,,,
,Kasey Closs,WR115,,296.0,,296,,,,,
,Atlanta Falcons,DEF24,ATL,298.7,,242,363,291,,,
,Ezell Ruffin,WR117,,299.0,,299,,,,,
,Garett Maag,WR118,,300.0,,300,,,,,
,Tony Jones,WR120,,301.0,,301,,,,,
,New York Giants,DEF25,NYG,303.7,,286,358,267,,,
,Blake Grupe,K19,NYJ,303.8,,,357,371,,183,304
,Sione Vaki,RB90,DET,304.8,,,282,328,291,,318
,Adam Humphries,WR123,,309.0,,309,,,,,
,Anthony Dable,WR125,,310.0,,310,,,,,
,Malik Benson,WR127,LV,312.8,,,368,296,271,,316
,Dorian Baker,WR129,,314.0,,314,,,,,
,Rory Starkey,WR131,,317.0,,317,,,,,
,Jalen Jackson,RB91,,320.0,,320,,,,,
,Jake Elliott,K20,PHI,320.5,,220,344,347,,,371
,Anthony Grant,RB92,,324.0,,324,,,,,
,Spencer Shrader,K21,IND,325.0,,527,288,354,,180,276
,Chris Swain,RB93,,326.0,,326,,,,,
,Dimitri Stanley,WR135,,327.0,,327,,,,,
,Cade Klubnik,QB37,,328.0,,,,,328,,
,Tanner Gentry,WR138,,329.0,,329,,,,,
,D.J. Foster,RB94,,330.0,,330,,,,,
,Ka'Raun White,WR139,,331.0,,331,,,,,
,Kalija Lipscomb,WR141,,332.0,,332,,,,,
,Jarveon Howard,RB95,,335.0,,335,,,,,
,Tre Mosley,WR144,,336.0,,336,,,,,
,Kenjon Barner,RB96,,338.0,,338,,,,,
,Lincoln Sefcik,TE51,,339.0,,339,,,,,
,Colbie Young,WR145,CIN,340.5,,,401,339,276,,346
,Javorius Allen,RB99,,343.0,,343,,,,,
,Carolina Panthers,DEF26,CAR,343.3,,285,361,384,,,
,Rodney Anderson,RB100,,344.0,,344,,,,,
,Marlin Klein,TE53,HOU,345.3,,,460,307,289,,325
,Andrew Price,TE54,,346.0,,346,,,,,
,Jonnu Smith,TE56,GB,347.8,,,384,360,275,,372
,Xavier Rush,WR149,,350.0,,350,,,,,
,Isaiah Weston,WR151,,351.0,,351,,,,,
,Josh Adams,RB101,,352.0,,352,,,,,
,Marquez Stevenson,WR154,,353.0,,353,,,,,
,Tennessee Titans,DEF27,TEN,353.0,,396,360,303,,,
,Nick Folk,K22,ATL,354.3,,417,258,374,,,368
,Gabe Marks,WR156,,356.0,,356,,,,,
,Cameron Posey,WR157,,357.0,,357,,,,,
,Ben Wooldridge,QB42,,358.0,,358,,,,,
,Adonis Jennings,WR159,,360.0,,360,,,,,
,Marquis Young,RB103,,362.0,,362,,,,,
,Cody Core,WR162,,364.0,,364,,,,,
,Jared Smart,WR163,,365.0,,365,,,,,
,Daniel Carlson,K23,NO,365.7,,,345,417,,,335
,Jordan Leggett,TE59,,366.0,,366,,,,,
,Matt Seybert,TE60,,367.0,,367,,,,,
,Tyler Hudson,WR166,,368.0,,368,,,,,
,Jordan Williams-Lambert,WR168,,369.0,,369,,,,,
,Matt Gay,K24,LV,369.3,,381,352,375,,,
,Tommy Tremble,TE62,CAR,369.3,,,379,404,325,,
,Tyree Mayfield,TE63,,371.0,,371,,,,,
,Carson Meier,TE64,,372.0,,372,,,,,
,George Campbell,WR170,,373.0,,373,,,,,
,Jalen Hurd,WR171,,374.0,,374,,,,,
,Reggie White,WR172,,375.0,,375,,,,,
,Dontez Byrd,WR173,,376.0,,376,,,,,
,Riley Patterson,K25,MIA,376.0,,389,351,388,,,
,Matt Colburn,RB105,,377.0,,377,,,,,
,Trayone Gray,RB106,,380.0,,380,,,,,
,Malik Taylor,WR174,,380.0,,,,,380,,
,Robert Foster,WR176,,382.0,,382,,,,,
,Trenton Cannon,RB107,,384.0,,384,,,,,
,DaVaris Daniels,WR178,,386.0,,386,,,,,
,Josh Oliver,TE65,MIN,386.0,,,388,378,392,,
,Daniel Bellinger,TE66,TEN,386.0,,,408,402,348,,
,Washington Commanders,DEF28,WAS,387.0,,,362,412,,,
,Jahdae Walker,WR179,CHI,389.8,,,464,424,288,,383
,Arizona Cardinals,DEF29,ARI,391.3,,400,366,408,,,
,KeAndre Lambert-Smith,WR180,LAC,391.5,,,429,,354,,
,Devin Gray,WR181,,392.0,,392,,,,,
,John Metchie,WR182,CAR,392.0,,,530,407,344,,287
,Miami Dolphins,DEF30,MIA,392.3,,431,367,379,,,
,Dominique Brown,RB109,,394.0,,394,,,,,
,Artayvious Lynn,TE68,,397.0,,397,,,,,
,C.J. Daniels,WR183,LAR,397.5,,,604,341,301,,344
,Las Vegas Raiders,DEF31,LV,397.7,,409,365,419,,,
,Luke Deal,TE69,,398.0,,398,,,,,
,Rasheed Williams,RB110,,399.0,,399,,,,,
,Elijah Higgins,WR184,ARI,400.3,,,382,429,390,,
,Josh Pearson,WR185,,401.0,,401,,,,,
,Marcus Johnson,WR186,,403.0,,403,,,,,
,Alonzo Moore,WR187,,404.0,,404,,,,,
,Chad Ryland,K26,ARI,405.3,,491,355,370,,,
,Joey Slye,K27,TEN,405.3,,494,354,368,,,
,Ben Sinnott,TE70,WAS,406.3,,,409,426,400,,390
,Tyler Adams,WR188,,407.0,,407,,,,,
,Josh Smith,WR189,,408.0,,408,,,,,
,Andre Lindsey,WR190,,410.0,,410,,,,,
,Justin Strong,RB113,,413.0,,413,,,,,
,Bra'Lon Cherry,WR191,,414.0,,414,,,,,
,Carlos Henderson,WR192,,415.0,,415,,,,,
,Aaron Bailey,QB43,BAL,419.0,,419,,,,,
,Antonio Nunn,WR194,,420.0,,420,,,,,
,Nate Boerkircher,TE71,JAX,420.3,,,426,479,356,,
,Barion Brown,WR195,NO,421.5,,,419,627,277,,363
,Rahsul Faison,RB115,,422.0,,422,,,,,
,Tajae Sharpe,WR196,,423.0,,423,,,,,
,Jayden Higgins,WR197,HOU,423.2,,216,573,363,719,,245
,Andre Szmyt,K28,CLE,423.7,,480,356,435,,,
,Paul Browning,WR198,,425.0,,425,,,,,
,Jamaal Jones,WR199,,426.0,,426,,,,,
,Will Kacmarek,TE72,MIA,426.3,,,385,525,388,,407
,Ryan Fitzgerald,K29,CAR,426.3,,487,353,439,,,
,Drew Sample,TE73,CIN,426.7,,,332,551,397,,
,Micah Wright,WR200,,427.0,,427,,,,,
,Austin Hooper,TE74,ATL,427.6,,600,380,380,389,,389
,Bronson Kaufusi,TE75,GB,428.0,,428,,,,,
,Sam Roush,TE76,CHI,428.3,,,463,471,351,,
,Odell Beckham,WR201,NYG,428.5,,,413,730,258,,313
,Gio Pascascio,WR202,,430.0,,430,,,,,
,Devontae Booker,RB117,,433.0,,433,,,,,
,Carson Wentz,QB45,MIN,434.3,,,511,364,428,,
,Spencer Rattler,QB46,NO,435.0,,,459,442,404,,
,Terry Wright,WR203,,437.0,,437,,,,,
,Cody Hollister,WR204,,440.0,,440,,,,,
,Devon Williams,WR205,,441.0,,441,,,,,
,Kenneth Dixon,RB118,,442.0,,442,,,,,
,Hal Presley,WR206,,443.0,,341,,606,382,,
,Patrick DiMarco,RB119,,443.0,,443,,,,,
,Tanner Koziol,TE77,JAX,443.3,,,453,474,403,,
,Brian Walker,TE78,,444.0,,444,,,,,
,Keelan Cole,WR207,,445.0,,445,,,,,
,Tevin Jones,WR208,,446.0,,446,,,,,
,Speedy Noil,WR209,,447.0,,447,,,,,
,Caleb Chapman,WR210,,448.0,,448,,,,,
,Julio Jones,WR211,,448.0,,,,,448,,
,Jonathon Rumph,WR212,,449.0,,449,,,,,
,Jelani Woods,TE79,NYJ,450.3,,316,531,513,441,,
,Tra Carson,RB121,,451.0,,451,,,,,
,Kermit Whitfield,WR213,,452.0,,452,,,,,
,RJ Maryland,TE81,GB,452.0,,,,452,,,
,Nic Shimonek,QB47,,454.0,,454,,,,,
,Dont'e Thornton,WR214,LV,454.0,,,,,454,,
,Cade McDonald,WR215,,455.0,,455,,,,,
,Tyler Bass,K30,BUF,455.3,,432,347,721,,,321
,Jalen Royals,WR216,KC,455.7,,,428,609,330,,
,DeAndre Thompkins,WR218,GB,457.0,,457,,,,,
,Noah Togiai,TE82,,457.5,,390,,,525,,
,Troy Mangen,TE83,,460.0,,460,,,,,
,Cody Chrest,WR219,,463.0,,463,,,,,
,New York Jets,DEF32,NYJ,465.0,,412,285,698,,,
,Marcus Baugh,TE85,,465.0,,465,,,,,
,Cameron Scarlett,RB122,,466.0,,466,,,,,
,Hunter Thedford,TE87,,467.0,,467,,,,,
,Matthew Hibner,TE88,BAL,467.0,,,467,,,,
,Cade Stover,TE89,HOU,467.7,,,393,560,450,,
,Lil'Jordan Humphrey,WR220,DEN,468.0,,,514,420,470,,
,Austin Fort,TE90,,469.0,,469,,,,,
,Shaq Hill,WR221,,470.0,,470,,,,,
,John Bates,TE91,WAS,470.7,,,394,567,451,,
,Eric McAlister,WR222,,471.0,,471,,,,,
,Jeremy Ruckert,TE92,NYJ,471.3,,,410,536,468,,
,Tyler Rutenbeck,WR223,,473.0,,473,,,,,
,Mitchell Evans,TE93,CAR,473.0,,,579,423,417,,
,Zach Ertz,TE94,,474.0,,,717,353,444,,382
,Chevan Cordeiro,QB48,,475.0,,475,,,,,
,Keytaon Thompson,WR224,,477.0,,477,,,,,
,Ryan Smith,TE95,,478.0,,478,,,,,
,Kyle Juszczyk,RB124,SF,480.5,,,377,834,352,,359
,Jordan Franks,TE96,,481.0,,481,,,,,
,Jimmy Horn Jr.,WR225,CAR,482.3,,,418,727,302,,
,John Jiles,WR226,,482.5,,321,,644,,,
,Nick O'Leary,TE97,,483.0,,483,,,,,
,Isaiah Williams,WR227,NYJ,484.0,,,399,733,320,,
,Chris Autman-Bell,WR228,,485.0,,485,,,,,
,Ryan Davis,WR230,,486.0,,486,,,,,
,Thayer Thomas,WR231,,491.5,,383,,,600,,
,Chase Roberts,WR232,,492.0,,492,,,,,
,Cyril Grayson,WR233,,493.0,,493,,,,,
,Amara Darboh,WR234,,495.0,,495,,,,,
,Rasheen Ali,RB125,BAL,495.0,,,279,937,358,,406
,Corey Kiner,RB126,NE,495.8,,702,589,351,341,,
,Jermiah Braswell,WR235,,496.0,,496,,,,,
,Jeremy Cox,RB127,,497.0,,497,,,,,
,Charlie Smyth,K31,NO,497.5,,393,1000,283,,,314
,Marshall Lang,TE98,MIN,498.0,,,,498,,,
,Ko Kieft,TE100,TB,499.3,,,455,530,513,,
,Robert Davis,WR237,,500.0,,500,,,,,
,Phil Mafah,RB129,,500.0,,,979,338,342,,341
,Malachi Corley,WR238,CLE,500.3,,313,437,839,412,,
,I'Tavius Mathers,RB130,,501.0,,501,,,,,
,Nick Chubb,RB131,,501.3,,,686,386,432,,
,Braylon Heard,RB132,,502.0,,502,,,,,
,Chris Bazile,TE101,,503.0,,503,,,,,
,Austin MacGinnis,K32,,504.0,,504,,,,,
,B.J. Johnson,WR239,,506.0,,506,,,,,
,Darius Cooper,WR240,PHI,506.7,,,470,732,318,,
,Josh Rounds,RB133,,507.0,,507,,,,,
,Keith Towbridge,TE102,,508.0,,508,,,,,
,Latreal Jones,WR241,,510.0,,510,,,,,
,Dominic Zvada,K33,NYG,510.5,,499,348,861,,,334
,Kyrese White,WR242,,511.0,,511,,,,,
,Jack Endries,TE103,CIN,511.0,,,611,503,419,,
,Ian Thomas,TE104,LV,511.3,,535,475,539,496,,
,Jared Pinkney,TE105,,513.0,,513,,,,,
,Trevor Davis,WR243,,514.0,,514,,,,,
,Coleman Owen,WR244,IND,514.7,,319,600,625,,,
,Mekale McKay,WR245,,515.0,,515,,,,,
,Ryan Yurachek,TE106,,518.0,,518,,,,,
,Vinny Anthony II,WR246,ATL,518.0,,,,570,607,,377
,Dalevon Campbell,WR247,LAC,519.0,,306,601,650,,,
,Derrick Dillon,WR248,,519.0,,519,,,,,
,Tyler Kahmann,WR249,,522.0,,,,,522,,
,Josh Cameron,WR250,JAX,523.0,,,458,690,421,,
,Mark Redman,TE107,GB,523.3,,531,,518,521,,
,Jam Miller,RB135,,523.8,,,320,784,613,,378
,J'Mar Smith,QB52,,524.0,,524,,,,,
,Efton Chism,WR251,NE,524.0,,,445,815,312,,
,Nick Sharga,RB136,,525.0,,525,,,,,
,Kaden Wetjen,WR252,PIT,525.0,,,490,640,445,,
,Jacob Cowing,WR253,SF,525.3,,,442,798,336,,
,Davis Mills,QB53,HOU,528.8,,,473,835,405,,402
,Tim Semisch,TE108,,529.0,,529,,,,,
,Bryce Pierre,TE109,,529.0,,,,529,,,
,Ray Lawry,RB137,,530.0,,530,,,,,
,Marvin Hall,WR254,,530.0,,,,,530,,
,AJ Dillon,RB138,CAR,530.3,,,517,909,383,,312
,Landon Parker,WR255,,531.0,,,,,531,,
,Jacques Patrick,RB139,,532.0,,429,,,635,,
,Tony Brooks-James,RB140,,532.0,,532,,,,,
,Anthony Schwartz,WR257,,532.0,,,,,532,,
,David Sills,WR258,TB,532.5,,564,529,534,503,,
,Jordan Watkins,WR259,SF,533.0,,,580,680,339,,
,Cole Hedlund,K34,,534.0,,534,,,,,
,Robert Lewis,WR260,,535.0,,,,,535,,
,Reggie Virgil,WR261,ARI,535.7,,,480,638,489,,
,Nick Schuessler,QB54,PIT,537.0,,537,,,,,
,Brevyn Spann-Ford,TE110,DAL,537.7,,,447,805,361,,
,Younghoe Koo,K35,,538.7,,476,704,436,,,
,Dylan Laube,RB141,LV,539.3,,,304,1008,465,,380
,Skyler Howard,QB55,SEA,540.0,,540,,,,,
,Trey Knox,TE112,,540.0,,,,,540,,
,Zach D'Orazio,WR262,,541.0,,541,,,,,
,Mark McNamee,K36,,542.0,,542,,,,,
,Ricky Ortiz,RB142,,543.0,,543,,,,,
,Caleb Shudak,K37,,544.0,,544,,,,,
,Nick Boyle,TE113,,545.0,,,,,545,,
,Christian Trahan,TE114,,546.0,,546,,,,,
,Kisean Johnson,WR263,,546.5,,474,,619,,,
,Jon Hilliman,RB143,,548.0,,548,,,,,
,Gus Johnson,RB144,,549.0,,549,,,,,
,C.J. Uzomah,TE115,,550.0,,311,650,,689,,
,Chris Brazzell II,WR264,CAR,550.0,,559,603,695,343,,
,Jordan Akins,TE116,,550.3,,387,625,,639,,
,Josh Johnson,WR265,,552.0,,552,,,,,
,Luke Lundy,RB146,,553.0,,553,,,,,
,Damiere Byrd,WR266,,554.0,,,,,554,,
,Daniel Rodriguez,WR267,,556.0,,556,,,,,
,Deion Burks,WR268,IND,556.3,,,609,661,399,,
,Kevin Davidson,QB56,,557.0,,557,,,,,
,Joel Wilson,TE117,TEN,557.3,,651,,485,536,,
,Algernon Brown,RB147,,558.0,,558,,,,,
,Jake Moody,K38,BAL,559.7,,468,852,359,,,
,Austin Seibert,K39,,560.0,,450,670,,,,
,Moral Stephens,TE118,,560.0,,560,,,,,
,Tyler Badie,RB148,DEN,560.7,,,305,894,483,,
,Jackson Hawes,TE119,BUF,561.3,,1034,407,411,393,,
,Isaiah Bowser,RB149,,562.0,,562,,,,,
,Chad Hansen,WR270,,563.0,,563,,,,,
,Ricky Pearsall,WR271,SF,564.0,,322,559,357,1226,,356
,Joe Mixon,RB150,,564.3,,238,683,383,953,,
,Levern Jacobs,WR272,,565.0,,565,,,,,
,Tay Martin,WR273,DET,566.0,,809,438,581,436,,
,Ryan Izzo,TE120,,568.0,,568,,,,,
,Jeremy McNichols,RB151,WAS,568.0,,,507,707,490,,
,Jakeem Grant,WR274,,569.0,,489,,,649,,
,Matt LaCosse,TE121,NE,570.0,,,,,570,,
,Kene Nwangwu,RB152,NYJ,570.3,,,283,918,510,,
,Mitch Van Vooren,WR275,,570.5,,675,,466,,,
,Kano Dillon,TE122,,571.0,,571,,,,,
,Tyler Huntley,QB57,BAL,571.0,,,466,890,357,,
,Tyson Bagent,QB58,CHI,572.3,,,341,1014,362,,
,Maxx Williams,TE123,,575.0,,575,,,,,
,J'Mari Taylor,RB153,JAX,575.5,,,,783,368,,
,C.J. Duncan,WR276,,576.0,,576,,,,,
,Tim Patrick,WR277,NYJ,576.8,,894,510,428,475,,
,Drew Estrada,WR278,,577.0,,577,,,,,
,Daniel Marx,RB154,,579.0,,579,,,,,
,Jarrett Stidham,QB59,DEN,581.3,,,338,997,409,,
,Jake Roh,TE124,,582.0,,582,,,,,
,Ahmani Marshall,RB155,CAR,582.3,,572,,790,385,,
,Gabe Nabers,RB156,,583.0,,583,,,,,
,Marcus Yarns,RB157,,584.0,,584,,,,,
,Sam Howell,QB60,DAL,586.7,,,342,979,439,,
,Ben Mason,TE125,,587.0,,411,,,763,,
,Kendrick Law,WR279,DET,587.3,,,607,577,578,,
,Bryson Green,WR280,,587.5,,536,,639,,,
,Tommy Sweeney,TE126,,588.0,,424,,,752,,
,Jeremiah Hall,TE127,,588.0,,588,,,,,
,Kayron Lynch-Adams,RB158,,590.0,,550,,,630,,
,Keeon Johnson,WR281,,590.0,,590,,,,,
,Breshad Perriman,WR282,,590.0,,609,,,571,,
,Tommy DeVito,QB61,NE,590.3,,,339,973,459,,
,Quincy Enunwa,WR283,,591.0,,591,,,,,
,Luke Farrell,TE128,SF,591.8,,717,461,713,476,,
,Marcus Marshall,RB159,,592.0,,592,,,,,
,Devron Harper,WR284,,593.0,,593,,,,,
,Mario Williams,WR285,,594.3,,434,,605,744,,
,Kyle McCord,QB62,MIA,594.3,,,482,963,338,,
,TaMerik Williams,RB160,,595.0,,595,,,,,
,Jacob Saylors,RB161,DET,595.8,,1293,243,949,233,,261
,Key'Shawn Smith,WR286,,596.0,,596,,,,,
,Ben Sims,TE129,MIA,596.3,,668,553,545,619,,
,Sam Schnee,WR287,,598.0,,598,,,,,
,Blake Whiteheart,TE130,CLE,598.3,,,436,874,485,,
,Brandon Polk,WR288,,599.0,,599,,,,,
,Malcolm Brown,RB162,,601.5,,325,,,878,,
,Braxton Westfield,WR289,,602.0,,602,,,,,
,Caleb Huntley,RB163,,602.0,,,,,602,,
,Brogan Roback,QB63,,603.0,,603,,,,,
,Quinn Ewers,QB64,JAX,603.7,,,452,907,452,,
,Mitch Leidner,QB65,,604.0,,604,,,,,
,Hamze El-Zayat,WR290,,605.0,,605,,,,,
,Tyrone Swoopes,TE131,,606.0,,606,,,,,
,Kyric McGowan,WR291,,606.0,,,,,606,,
,Quenton Bundrage,WR292,,607.0,,607,,,,,
,Tanner McKee,QB66,PHI,607.0,,,343,1017,461,,
,Antonio Gibson,RB164,,608.3,,,751,433,641,,
,Derek Carr,QB67,,609.5,,,715,,504,,
,Dallas Daniels,WR293,,610.0,,610,,,,,
,Kyle Lewis,WR294,,611.0,,611,,,,,
,Phillip Sims,QB68,,612.0,,612,,,,,
,Bauer Sharp,TE132,TB,613.0,,935,612,456,449,,
,Simi Fehoko,WR295,ARI,613.0,,,525,927,387,,
,Mikah Holder,WR296,,614.0,,614,,,,,
,Ronald Jones,RB165,,616.0,,616,,,,,
,Arian Smith,WR297,NYJ,616.5,,597,493,884,492,,
,Jeremiah Webb,WR298,NE,616.5,,664,,569,,,
,Trinidad Chambliss,QB69,,617.0,,,,,617,,
,John Lunsford,K40,,619.0,,619,,,,,
,Noah Cain,RB166,,619.5,,464,,,775,,
,Tip Reiman,TE133,ARI,619.7,,,560,837,462,,
,Nick Kallerup,TE134,SEA,620.0,,773,596,491,,,
,Derius Davis,WR299,LAC,622.0,,,439,926,501,,
,Sergio Bailey,WR300,,623.0,,623,,,,,
,James Mitchell,TE135,DAL,623.3,,,827,478,565,,
,Hale Hentges,TE136,,624.0,,624,,,,,
,JJ Galbreath,TE137,,624.0,,740,,508,,,
,Luke Floriea,WR301,,624.0,,,,624,,,
,Tre Nixon,WR302,,625.5,,421,,,830,,
,Julius Chestnut,RB167,TEN,625.7,,,539,1004,334,,
,A.J. Ouellette,RB168,,626.0,,626,,,,,
,Andy Phillips,K41,,627.0,,627,,,,,
,Scotty Washington,WR303,,628.0,,,,,628,,
,Xavier Johnson,WR304,,628.5,,670,,587,,,
,Trey Lance,QB70,LAC,628.7,,,450,1020,416,,
,Chris Thompson,RB169,,629.0,,629,,,,,
,Shane Zylstra,TE138,NE,629.0,,,802,532,553,,
,Sawyer Robertson,QB71,,630.0,,630,,,,,
,Brittain Brown,RB170,CHI,630.7,,,538,743,611,,
,Alfred Morris,RB171,,631.0,,631,,,,,
,Khalil Herbert,RB172,,631.5,,,790,930,433,,373
,Tre Stewart,RB173,,632.0,,547,,767,582,,
,John Hoyland,K42,,632.0,,632,,,,,
,Bryan Thompson,WR305,,632.5,,628,,,637,,
,Trent Taylor,WR306,,632.8,,780,631,594,526,,
,Xavier Jones,RB174,,633.0,,633,,,,,
,Taylen Green,QB72,CLE,633.7,,,610,958,333,,
,Matthew Wright,K43,,634.0,,488,780,,,,
,J.J. Taylor,RB175,,634.3,,361,768,,774,,
,Nyqwan Murray,WR307,,635.0,,635,,,,,
,Cole Hunt,TE139,,636.0,,636,,,,,
,Jack Heneghan,QB73,,637.0,,637,,,,,
,Andrew Ogletree,TE140,IND,637.5,,,462,813,,,
,Devon Garrison,TE141,,638.0,,638,,,,,
,KJ Hamler,WR309,,638.0,,,,,638,,
,Shae Wyatt,WR310,,639.0,,639,,,,,
,LaJohntay Wester,WR311,BAL,639.0,,,498,920,499,,
,Xavier White,WR313,,640.0,,640,,,,,
,Xavier Smith,WR314,LAR,642.0,,845,440,827,456,,
,Feleipe Franks,TE142,CAR,643.3,,,527,892,511,,
,Dillon Gabriel,QB74,CLE,643.7,,,575,954,402,,
,Devin Duvernay,WR315,ARI,644.0,,,499,931,502,,
,Nikko Remigio,WR316,KC,644.3,,,500,928,505,,
,Paul Perkins,RB177,,645.0,,645,,,,,
,Ben DiNucci,QB75,,645.0,,,,,645,,
,Kenny Pickett,QB76,CAR,645.3,,,456,1023,457,,
,Dezmon Patmon,WR317,,646.0,,586,,,706,,
,Max Wittek,QB77,,646.0,,646,,,,,
,Ronald Jones,RB178,,646.0,,713,,,579,,
,Andy Dalton,QB78,PHI,646.0,,,512,1018,408,,
,Ben Yurosek,TE143,MIN,646.0,,,594,844,500,,
,Nick Muse,TE144,ATL,646.3,,,826,493,620,,
,Phillip Dorsett,WR318,,647.0,,580,647,633,728,,
,David Fales,QB79,,647.0,,647,,,,,
,Nate Adkins,TE145,DEN,647.0,,1113,424,554,497,,
,Leroy Watson,TE146,,647.0,,,,,647,,
,Patrick Ricard,RB180,NYG,649.0,,,487,951,509,,
,Antwane Wells Jr.,WR319,ATL,649.0,,,,649,,,
,Roman Hemby,RB181,,649.7,,,,776,804,,369
,Mitchell Trubisky,QB81,TEN,651.7,,,486,1011,458,,
,Payne Durham,TE147,TB,651.8,,868,430,830,479,,
,Qadree Ollison,RB182,,652.5,,526,,,779,,
,Deon Yelder,TE148,,653.0,,653,,,,,
,Zane Gonzalez,K44,,653.5,,,951,356,,,
,Savon Scarver,WR320,,654.0,,654,,,,,
,Ronnie Rivers,RB183,LAR,654.7,,,541,942,481,,
,Stanley Berryhill,WR321,,655.0,,655,,,,,
,Easop Winston,WR322,,655.0,,,,,655,,
,Kylen Granson,TE149,TEN,655.3,,744,524,847,506,,
,Chris Manhertz,TE150,NYG,656.0,,1095,489,542,498,,
,Eli Wolf,TE151,,657.0,,657,,,,,
,Charleston Rambo,WR323,,657.5,,880,,,435,,
,Milton Wright,WR324,,658.0,,658,,,,,
,Keaontay Ingram,RB184,,658.3,,453,820,757,603,,
,Donald Parham,TE152,,658.7,,,743,531,702,,
,Treyton Pickering,TE153,,660.0,,660,,,,,
,Ameer Abdullah,RB185,JAX,660.0,,1029,306,818,487,,
,Caleb Lohner,TE154,DEN,660.5,,878,584,520,660,,
,Marshall Morgan,K45,,662.0,,662,,,,,
,Deshaun Fenwick,RB186,,662.0,,,,,662,,
,Mason Rudolph,QB82,PIT,662.7,,,506,1016,466,,
,Nick Williams,WR325,DEN,663.0,,,,,663,,
,E.J. Jenkins,TE155,PHI,663.8,,698,569,472,916,,
,British Brooks,RB187,HOU,664.0,,574,495,923,,,
,Eric Frohnapfel,TE156,,665.0,,665,,,,,
,Ryan Willis,QB83,,666.0,,666,,,,,
,Josh Reynolds,WR326,,667.0,,418,649,434,1167,,
,Cole Burgess,WR327,PIT,667.5,,751,,584,,,
,Foster Moreau,TE157,HOU,668.5,,1228,422,547,477,,
,Keilan Robinson,RB188,,668.7,,405,926,,675,,
,Mitchell Tinsley,WR328,HOU,669.0,,,892,446,,,
,Quintin Morris,TE158,JAX,671.3,,858,540,796,491,,
,Will Howard,QB84,PIT,671.7,,,588,964,463,,
,De'Mard Llorens,RB189,,672.0,,672,,,,,
,Eric Saubert,TE159,SEA,672.3,,902,469,832,486,,
,Deante' Gray,WR329,,673.0,,673,,,,,
,Tanner Morgan,QB85,,673.0,,,,,673,,
,Jalen Milroe,QB86,SEA,676.0,,,576,1028,424,,
,Chris Moore,WR330,BAL,676.0,,,620,553,855,,
,Reggie Gilliam,RB190,NE,676.3,,,485,1006,538,,
,Jalen Simmons,RB191,,677.0,,677,,,,,
,Thomas Yassmin,TE160,GB,677.0,,1122,,528,381,,
,Luke McNitt,RB192,,678.0,,678,,,,,
,Brandon Cottom,RB193,,679.0,,679,,,,,
,Nelson Agholor,WR331,,679.0,,,710,,648,,
,Samson Nacua,WR332,,679.0,,,,,679,,
,DJ Turner,WR333,,679.5,,416,833,703,766,,
,Irvin Charles,WR334,SEA,679.5,,,552,807,,,
,Bryce Love,RB194,,680.0,,680,,,,,
,Jonathan Ward,RB195,BAL,682.7,,,775,843,430,,
,Ryan Griffin,TE161,,683.0,,709,657,,,,
,Micah Bernard,RB196,,683.0,,,,,683,,
,Zack Kuntz,TE162,,683.7,,,868,495,688,,
,Kyle Sloter,QB87,,684.0,,684,,,,,
,Seth Henigan,QB88,,684.3,,482,,1002,569,,
,Pharaoh Brown,TE163,IND,684.8,,643,739,555,802,,
,Brock Lampe,RB197,,685.0,,621,,749,,,
,Samson Evans,RB198,,685.0,,685,,,,,
,Jimmy Holiday,WR335,KC,685.0,,864,599,592,,,
,Jaylen Johnson,WR336,,685.5,,406,965,,,,
,Zay Malone,WR337,,686.0,,686,,,,,
,Qadir Ismail,WR338,CHI,686.0,,839,,533,,,
,Brandon Silvers,QB89,,687.0,,687,,,,,
,Le'Veon Moss,RB199,,687.0,,,,741,633,,
,J.D. McKissic,RB200,,688.0,,688,,,,,
,Jake Briningstool,TE164,KC,688.0,,1127,,497,440,,
,Dallen Bentley,TE165,DEN,688.5,,620,615,477,1042,,
,Eric Dungey,QB90,,689.0,,689,,,,,
,Gunner Olszewski,WR340,NYG,689.7,,,515,820,734,,
,Austin Mack,WR341,,690.0,,,,,690,,
,Ty Chandler,RB201,NO,690.3,,,535,821,715,,
,C.J. Conrad,TE166,,691.0,,691,,,,,
,Tony Stevens,WR342,,693.0,,693,,,,,
,Kye Robichaux,RB202,,693.5,,642,,745,,,
,Jamal Robinson,WR343,,695.0,,695,,,,,
,Theo Riddick,RB203,,695.0,,789,,,601,,
,Raleigh Webb,WR344,,695.0,,,,,695,,
,Drake Dabney,TE167,GB,695.7,,570,1017,500,,,
,Travon McMillian,RB204,,696.0,,696,,,,,
,Noah Brown,WR345,,696.0,,1170,621,447,546,,
,Thomas Fidone II,TE168,NYG,696.5,,512,582,453,1239,,
,Nikola Kalinic,TE169,CHI,697.3,,837,542,470,940,,
,Traeshon Holden,WR346,,697.7,,842,,678,573,,
,Maurice Alexander,WR347,,697.7,,,850,597,646,,
,Cade York,K46,,698.3,,490,811,794,,,
,Mathieu Severance,RB205,,699.0,,699,,,,,
,Kameron Johnson,WR348,TB,700.0,,,492,908,,,
,De'Quan Hampton,WR349,,701.0,,701,,,,,
,Austin Jones,RB206,,701.5,,520,,,883,,
,Jason Sanders,K47,NYJ,701.5,,,698,705,,,
,Elijah Marks,WR350,,703.0,,703,,,,,
,Ross Dwelley,TE170,,704.7,,915,637,,562,,
,Taj Williams,WR352,,705.0,,705,,,,,
,Pete Guerriero,RB207,,705.0,,718,,,692,,
,Jake Bobo,WR353,SEA,705.0,,,554,896,665,,
,Mason Tipton,WR354,NO,705.3,,712,566,840,703,,
,Erik Ezukanma,WR355,,706.5,,1011,818,657,340,,
,Tyrell Shavers,WR356,BUF,706.8,,1385,571,444,427,,
,Kobe Lewis,RB208,,707.0,,707,,,,,
,Anthony Firkser,TE171,,707.0,,843,634,564,787,,
,Cam Camper,WR357,,707.5,,,,686,729,,
,Jordan Hudson,WR358,,707.5,,,,691,724,,
,Montrell Johnson,RB209,,707.5,,,,773,642,,
,Amari Cooper,WR359,,709.0,,,709,,,,
,Eric McAlister,WR360,,709.0,,,,,709,,
,Davis Allen,TE172,LAR,710.0,,1524,420,425,471,,
,Dee Eskridge,WR361,,711.3,,,784,913,437,,
,Jeff Driskel,QB91,,712.5,,649,640,962,599,,
,Chosen Anderson,WR362,,713.0,,,713,,,,
,Scott Orndoff,TE173,,714.0,,714,,,,,
,Sterling Shepard,WR363,,714.0,,747,711,391,1007,,
,Michael Gallup,WR364,,714.0,,,,,714,,
,Cortrelle Simpson,WR365,,715.0,,715,,,,,
,Caullin Lacy,WR366,,715.3,,613,,612,921,,
,Sage Surratt,TE174,,716.5,,363,,,1070,,
,Paul Richardson,WR367,,717.0,,,,,717,,
,Gerald Everett,TE175,,717.3,,823,671,,658,,
,Justin Tucker,K48,,718.0,,,718,,,,
,Max Duggan,QB92,,718.0,,,877,,559,,
,Kaden Smith,TE176,,718.5,,781,,,656,,
,Reggie Bonnafon,RB210,,719.0,,719,,,,,
,Rakim Jarrett,WR368,,719.5,,,888,,551,,
,Troymaine Pope,RB211,,720.0,,720,,,,,
,Peyton Hendershot,TE177,,720.0,,,835,,605,,
,River Cracraft,WR369,,720.3,,,627,717,817,,
,Geoff Swaim,TE178,,720.5,,,699,,742,,
,Jamaal Williams,RB212,,721.0,,,706,,736,,
,Samori Toure,WR370,,721.3,,566,829,596,894,,
,Josh Hill,TE179,,722.0,,722,,,,,
,Marcus Yarns,RB213,,722.0,,,,,722,,
,Dare Ogunbowale,RB214,LV,722.7,,,641,915,612,,
,Joshua Simon,TE180,WAS,723.0,,615,,483,1071,,
,Jawon Chisholm,RB215,,723.0,,723,,,,,
,Charles McClelland,RB216,,725.0,,725,,,,,
,Senorise Perry,RB217,,726.0,,726,,,,,
,Moliki Matavao,TE181,NO,726.3,,,585,510,1084,,
,Shea Patterson,QB93,,727.0,,727,,,,,
,Clyde Edwards-Helaire,RB218,,727.0,,,744,,710,,
,Armani Rogers,TE182,,727.0,,,,,727,,
,Austin Ekeler,RB219,,727.3,,,697,431,1417,,364
,Mac Dalena,WR372,,727.3,,682,,591,909,,
,John David Moore,RB220,,728.0,,728,,,,,
,Troy Hairston,RB221,,728.0,,,841,,615,,
,Jacoby Jones,WR373,WAS,728.3,,986,598,601,,,
,Jake Funk,RB222,,729.5,,648,,,811,,
,Adam Choice,RB223,,730.0,,730,,,,,
,Gabe Davis,WR374,,730.3,,690,759,406,1066,,
,Marcedes Lewis,TE183,,730.5,,1145,653,458,666,,
,Teagan Quitoriano,TE184,ARI,730.7,,,821,506,865,,
,Justin Hardy,WR375,,731.0,,731,,,,,
,Michael Wiley,RB224,,731.3,,659,941,758,567,,
,Anthony Gordon,QB95,,732.0,,732,,,,,
,Jordan Reed,TE185,,733.0,,733,,,,,
,Terrell Jennings,RB225,,733.7,,379,952,870,,,
,Brevin Jordan,TE186,HOU,734.5,,1381,522,527,508,,
,Damion Jeanpiere,WR377,,736.0,,736,,,,,
,Stephen Anderson,TE187,,736.5,,741,,,732,,
,Brandon Powell,WR378,,737.0,,,622,,852,,
,Will Ferrin,K49,,737.5,,618,,857,,,
,Jordan Mims,RB226,,737.5,,656,902,808,584,,
,Kelly Akharaiyi,WR379,,738.0,,585,,,891,,
,Francis Owusu,WR380,,738.0,,738,,,,,
,DeAndre Carter,WR381,,738.0,,,632,938,644,,
,Montorie Foster,WR382,SEA,738.5,,1332,616,634,372,,
,Brandin Cooks,WR383,,738.7,,,719,445,1052,,
,Sean McKeon,TE188,IND,738.8,,925,771,512,747,,
,Devin Lucien,WR384,,739.0,,739,,,,,
,Lawrence Keys,WR385,,739.0,,,,643,835,,
,Demetric Felton,RB227,,739.0,,,,,739,,
,Dallin Holker,TE189,,740.0,,,939,,541,,
,Davis Koppenhaver,TE190,,742.0,,742,,,,,
,Mason Pline,TE191,,742.7,,998,,523,707,,
,Jaren Kanak,TE192,TEN,743.3,,800,608,496,1069,,
,Tanner Hudson,TE193,CIN,744.3,,,737,397,1099,,
,Quartney Davis,WR386,,745.0,,745,,,,,
,Tarik Cohen,RB228,,745.0,,,,,745,,
,Marcus Tucker,WR387,,746.0,,746,,,,,
,Tru Edwards,WR388,,746.5,,,,651,842,,
,Princeton Fant,TE194,DAL,747.3,,644,555,507,1283,,
,Kevin Austin,WR389,NO,747.3,,,960,394,888,,
,Deion Hankins,RB229,,748.0,,,,748,,,
,Albert Okwuegbunam,TE195,,748.7,,,758,455,1033,,
,Michael Trigg,TE196,DAL,750.0,,342,1022,481,1155,,
,Tyler Lockett,WR390,,750.3,,,707,438,1106,,
,Colton Dowell,WR391,,751.5,,402,880,602,1122,,
,Manny Wilkins,QB96,,752.0,,752,,,,,
,Messiah Swinson,TE197,CLE,752.3,,472,,461,1324,,
,Clayton Tune,QB97,,752.7,,,876,1015,367,,
,Snoop Conner,RB230,,753.0,,522,,,984,,
,T.J. Vasher,WR392,,753.0,,753,,,,,
,Jordan Ellis,RB231,,755.0,,755,,,,,
,Jerick McKinnon,RB232,,756.0,,,,,756,,
,Jalin Moore,RB233,,757.0,,757,,,,,
,Isaiah McKenzie,WR393,,757.0,,,,,757,,
,Jaelon Darden,WR394,,757.3,,907,789,,576,,
,Quez Watkins,WR395,,757.7,,,760,611,902,,
,Charlie Woerner,TE198,ATL,758.0,,1264,477,817,474,,
,Aleva Hifo,WR396,,759.0,,759,,,,,
,Anthony McFarland,RB234,,759.0,,,,,759,,
,Stephen Gosnell,WR397,BUF,760.0,,938,,582,,,
,Preston Williams,WR398,,763.0,,763,,,,,
,Quali Conley,RB235,,764.0,,283,,,1245,,
,Michael Dyer,RB236,,764.0,,764,,,,,
,Carlos Washington,RB237,,764.3,,395,962,789,911,,
,Diontae Spencer,WR399,,765.0,,765,,,,,
,D'Ernest Johnson,RB238,,765.5,,641,734,947,740,,
,Josiah Deguara,TE199,,765.8,,828,756,797,682,,
,Garrett Walston,TE200,,766.0,,766,,,,,
,Brandon Allen,QB98,,766.3,,,639,993,667,,
,Michael Woods,WR400,DEN,766.8,,785,823,718,741,,
,Matt Landers,WR401,,767.0,,949,,,585,,
,Tyree Jackson,TE201,,767.0,,1066,731,480,791,,
,Dalton Crossan,RB239,,768.0,,768,,,,,
,Payton Thorne,QB99,,768.0,,,,,768,,
,Peter Pujals,QB100,,769.0,,769,,,,,
,Jalen Wydermyer,TE202,,769.5,,573,,,966,,
,Daniel George,WR402,,770.0,,770,,,,,
,Jake Herslow,WR403,,771.0,,771,,,,,
,Jamal Haynes,RB240,,771.0,,,,771,,,
,Seydou Traore,TE203,MIA,771.5,,1647,435,526,478,,
,Nathaniel Peat,RB241,,772.0,,551,,,993,,
,Eric Tomlinson,TE204,,772.0,,761,633,,922,,
,Michael Warren,RB242,DET,772.0,,772,,,,,
,Luke Altmyer,QB101,DET,772.0,,,,988,556,,
,Joseph Ngata,WR404,,772.7,,589,885,,844,,
,Trishton Jackson,WR405,,773.0,,484,772,,1063,,
,Kenny Golladay,WR406,,773.0,,,,,773,,
,Javess Blue,WR407,,774.0,,774,,,,,
,Juwann Winfree,WR408,,774.0,,,,574,974,,
,Adam Trautman,TE205,DEN,774.3,,1899,389,414,395,,
,Kenyan Drake,RB243,,774.5,,865,,,684,,
,Antwan Goodley,WR409,,775.0,,775,,,,,
,Dontae Fleming,WR410,,776.0,,811,,613,904,,
,KhaDarel Hodge,WR411,SF,776.0,,,643,905,780,,
,John Diarse,WR412,,777.0,,777,,,,,
,Dontay Demus,WR413,,777.5,,1117,,,438,,
,Zander Horvath,RB244,,778.0,,,,,778,,
,Devin Smith,WR414,,779.0,,779,,,,,
,Jordan Travis,QB102,,781.0,,,931,,631,,
,Mitchell Wilcox,TE206,,781.5,,,799,,764,,
,Dylan Cantrell,TE207,,782.0,,782,,,,,
,Alexander Mattison,RB245,,782.0,,786,681,443,1218,,
,Rocky Lombardi,QB103,,782.0,,,,,782,,
,Drew Stevens,K50,WAS,782.3,,1135,349,863,,,
,Robert Henry Jr.,RB246,WAS,782.8,,808,,782,1196,,345
,Jalen Reagor,WR415,,783.0,,617,746,722,1047,,
,Redford Jones,K51,,783.0,,783,,,,,
,Dede Westbrook,WR416,,783.0,,,,,783,,
,Luke Benson,TE208,,784.0,,784,,,,,
,Jalen Cropper,WR417,NO,784.0,,,964,604,,,
,Terrell Bynum,WR418,,784.3,,899,907,,547,,
,Eric Gray,RB247,,785.0,,,864,838,653,,
,Thomas Odukoya,TE209,KC,785.0,,,949,,621,,
,Tyler Johnson,WR419,,785.3,,817,753,427,1144,,
,Julian Hicks,WR420,SEA,785.5,,892,,679,,,
,Stone Smartt,TE210,NO,785.7,,,849,711,797,,
,Tyler Conklin,TE211,DET,786.0,,1779,454,416,495,,
,Zaire Mitchell-Paden,TE212,HOU,786.0,,,1008,484,866,,
,Ellis Merriweather,RB248,,786.7,,479,903,,978,,
,Greg Ward,WR421,,788.0,,676,,,900,,
,Anthony Miller,WR422,,789.0,,277,969,,1121,,
,Cole Payton,QB105,PHI,789.5,,,614,965,,,
,Eric Wallace,TE213,,790.0,,790,,,,,
,Carter Runyon,TE214,LV,790.0,,905,593,872,,,
,Michael Burton,RB249,CLE,790.8,,498,444,816,1405,,
,Jeff Heuerman,TE215,,791.0,,791,,,,,
,Devontae Jackson,RB250,,792.0,,792,,,,,
,Bryson Nesbit,TE216,MIN,792.3,,1380,,473,524,,
,D.J. Montgomery,WR423,IND,793.5,,1268,528,629,749,,
,Anthony Gould,WR424,IND,794.0,,,918,936,528,,
,Phillip Lindsay,RB251,,794.0,,,,,794,,
,Matt Barkley,QB106,,795.5,,652,,,939,,
,Isaac Rex,TE217,,795.5,,748,,,843,,
,Taylor Bertolet,K52,,796.0,,796,,,,,
,Ben Sauls,K53,,796.7,,516,1015,859,,,
,Brock Wright,TE218,DET,796.8,,2031,425,382,349,,
,D'Vonte Price,RB252,,797.0,,797,,,,,
,Karel Hamilton,WR425,,798.0,,798,,,,,
,Joe Milton,QB107,DAL,798.7,,,930,1019,447,,
,Casey Washington,WR426,CAR,798.8,,671,920,719,885,,
,Zack Annexstad,QB108,,799.5,,737,,,862,,
,Will Levis,QB109,,800.7,,,854,939,609,,
,Duke Williams,WR427,,801.0,,,,,801,,
,Trenton Irwin,WR428,,802.0,,694,742,799,973,,
,Michael Bandy,WR429,DEN,802.7,,,803,700,905,,
,Dylan Drummond,WR430,ATL,802.8,,347,910,871,1083,,
,Kerryon Johnson,RB253,,803.0,,803,,,,,
,MyCole Pruitt,TE219,,803.3,,378,642,,1390,,
,Zach Pascal,WR431,,803.3,,959,623,,828,,
,Ray-Ray McCloud,WR432,,803.7,,,504,563,1344,,
,Cyrus Holder,WR433,,804.0,,804,,,,,
,Patrick Herbert,TE220,LAC,805.0,,517,,502,1396,,
,DeAngelo Hardy,WR434,,805.0,,1042,,,568,,
,Joe Reed,WR435,,805.0,,,,,805,,
,Corey Taylor,RB254,,806.0,,806,,,,,
,Josh Johnson,RB255,,806.0,,,806,,,,
,Ethan Sanchez,K54,,807.0,,756,,858,,,
,Tyler Snead,WR436,,807.0,,807,,,,,
,Russell Gage,WR437,,807.0,,1173,630,,618,,
,Chris Conley,WR438,,807.0,,,708,,906,,
,Dante Miller,RB256,,807.3,,706,936,780,,,
,Zay Jones,WR439,,809.0,,1283,693,552,708,,
,Corey Acosta,K55,,810.0,,810,,,,,
,Ihmir Smith-Marsette,WR440,ARI,810.3,,461,791,801,1188,,
,K.J. Osborn,WR441,TEN,810.3,,555,762,710,1214,,
,Stephen Carlson,TE221,CHI,811.3,,,735,519,1180,,
,Jarius Wright,WR442,,812.0,,812,,,,,
,Shaq Roland,WR443,CHI,813.0,,813,,,,,
,Anthony Tyus,RB257,CAR,813.0,,889,,738,812,,
,O.J. Howard,TE222,,813.0,,,,,813,,
,Treyton Welch,TE223,NO,813.3,,767,1004,465,1017,,
,Austin Walter,RB258,,814.0,,814,,,,,
,Jermar Jefferson,RB259,MIN,814.3,,1422,521,777,537,,
,McCallan Castles,TE224,,814.3,,927,,489,1027,,
,John Michael Gyllenborg,TE225,KC,814.3,,1019,,509,915,,
,Master Teague,RB260,,815.0,,815,,,,,
,Chris Oladokun,QB110,,815.7,,,537,990,920,,
,Sincere McCormick,RB261,SF,816.0,,,950,565,933,,
,Jason Huntley,RB262,,816.0,,,,,816,,
,Trey Sermon,RB263,ATL,816.3,,1355,518,800,592,,
,Jalon Daniels,QB111,TB,816.3,,1508,337,1000,420,,
,Royce Freeman,RB264,,817.0,,711,,,923,,
,Jordan Moore,WR444,CIN,817.3,,1175,,687,590,,
,Ben Braunecker,TE226,,818.0,,818,,,,,
,Chase Allen,TE227,,819.0,,819,,,,,
,Lawrence Cager,TE228,,819.0,,,777,516,1164,,
,Emmanuel Henderson Jr,WR445,SEA,819.3,,,1021,666,771,,
,Josh Babicz,TE229,,820.0,,820,,,,,
,Graham Mertz,QB112,HOU,820.3,,778,581,987,935,,
,Hayden Rucci,TE230,JAX,821.0,,1032,1010,487,755,,
,Jeshaun Jones,WR446,MIN,821.3,,950,602,620,1113,,
,Hunter Long,TE231,ARI,821.5,,1733,474,409,670,,
,John Baron,K56,,822.0,,822,,,,,
,Cam Grandy,TE232,MIN,822.0,,968,963,548,809,,
,Thaddeus Moss,TE233,,822.0,,1084,,,560,,
,Adam Prentice,RB265,DEN,822.0,,,441,950,1075,,
,Brady Russell,TE234,SEA,822.8,,1195,556,944,596,,
,Salvon Ahmed,RB266,CHI,824.8,,1251,769,751,957,,396
,Ramel Keyton,WR447,,825.0,,333,943,,1199,,
,Patrick Murtagh,TE235,,825.0,,825,,,,,
,Je'Quan Burton,WR448,,826.0,,704,,,948,,
,Robbie Ouzts,TE236,SEA,826.3,,1017,587,697,1004,,
,Haynes King,QB113,CAR,826.3,,,617,980,882,,
,Ryan Coe,K57,,827.0,,827,,,,,
,Trace McSorley,QB114,,827.0,,,,,827,,
,Raheem Mostert,RB267,,827.8,,,665,875,1410,,361
,Quintez Cephus,WR449,,828.0,,918,,,738,,
,Jamal Agnew,WR450,,828.0,,,619,,1037,,
,Trey Palmer,WR451,NO,828.0,,,875,720,889,,
,Equanimeous St. Brown,WR452,,828.5,,,668,,989,,
,Kevin Hogan,QB115,,829.0,,829,,,,,
,Daryl Virgies,RB268,,830.0,,830,,,,,
,Dwayne Washington,RB269,,830.0,,1133,,,527,,
,Deontay Burnett,WR453,,830.5,,1119,,,542,,
,Zamir White,RB270,NO,830.8,,1154,813,902,928,,357
,Chase Roberts,WR454,,831.0,,,,663,999,,
,Wayne Gallman,RB271,,831.5,,1102,,,561,,
,Ricky Collins,WR455,,833.0,,833,,,,,
,Cody Schrader,RB272,DEN,833.7,,,948,768,785,,
,Darius Hagans,RB273,,834.0,,834,,,,,
,Giovanni Ricci,TE237,,835.0,,886,800,,819,,
,Shedrick Jackson,WR456,,835.8,,932,899,676,836,,
,Christian Sims,TE238,,836.0,,836,,,,,
,Gavin Bartholomew,TE239,MIN,836.0,,1626,578,517,623,,
,Jashaun Corbin,RB274,,836.0,,,,779,893,,
,Dante Pettis,WR457,,836.5,,1202,682,812,650,,
,DeMeer Blankumsee,WR458,,837.0,,,,,837,,
,John Stephens,TE240,,837.3,,521,938,,1053,,
,Tre Watson,TE241,MIA,837.5,,1207,,468,,,
,Kris Leach,TE242,,838.0,,838,,,,,
,Ainias Smith,WR459,,838.0,,,923,561,1030,,
,Raheem Blackshear,RB275,,838.7,,,840,845,831,,
,Colson Yankoff,TE243,WAS,839.0,,,567,886,1064,,
,Chris Blair,WR460,ATL,839.8,,1178,558,664,959,,
,Zach Heins,TE244,,840.0,,840,,,,,
,Ke'Shawn Vaughn,RB276,,840.3,,971,747,,803,,
,Keandre Lambert-Smith (duplicate),WR461,LAC,841.0,,,,841,,,
,Hunter Luepke,RB277,DAL,841.3,,1605,412,893,455,,
,Jaden Shirden,RB278,,841.5,,328,,,1355,,
,Richie James,WR462,,841.5,,851,,,832,,
,Caden Prieskorn,TE245,,841.7,,1033,,482,1010,,
,Tejhaun Palmer,WR463,,842.3,,,928,585,1014,,
,Roc Taylor,WR464,,843.5,,,,615,1072,,
,Adam Shaheen,TE246,,844.0,,1149,,,539,,
,DJ Rogers,TE247,DAL,844.0,,,,459,1229,,
,Teddy Bridgewater,QB116,,844.7,,,724,989,821,,
,Tyrie Cleveland,WR465,,845.0,,,,,845,,
,Isaiah Washington,WR466,,846.0,,385,,,1307,,
,Beau Corrales,WR467,,846.0,,846,,,,,
,Patrick Carr,RB279,,847.0,,847,,,,,
,Avery Williams,RB280,,847.3,,1078,792,,672,,
,Alec Ingold,RB281,LAC,847.8,,1553,433,932,473,,
,Jadon Janke,WR468,,848.0,,874,,,822,,
,Sam Pitz,TE248,,848.5,,962,,,735,,
,Jeremy Sprinkle,TE249,,849.0,,849,,,,,
,Cam Sims,WR469,,850.0,,,,,850,,
,Jacob Kibodi,RB282,,851.0,,669,971,,913,,
,Kansei Matsuzawa,K58,LV,851.0,,,,851,,,
,Ty Montgomery,RB284,,851.5,,554,,,1149,,
,Mark Walton,RB285,,853.0,,853,,,,,
,David Martin-Robinson,TE250,TEN,854.7,,,568,836,1160,,
,Luke Willson,TE251,,855.0,,855,,,,,
,Chris Hilton Jr.,WR470,,855.0,,965,,637,963,,
,Penny Hart,WR471,,856.0,,917,,,795,,
,Frank Gore Jr.,RB286,BUF,856.0,,,966,746,,,
,Stetson Bennett,QB117,LAR,856.3,,,545,966,1058,,
,Alex Tanney,QB118,,857.0,,857,,,,,
,Damien Martinez,RB287,,857.0,,,984,736,851,,
,Quincy Skinner,WR472,,858.0,,1047,,669,,,
,Deonte Harty,WR473,,858.0,,,733,,983,,
,Andrew Beck,TE252,NYJ,858.3,,1035,471,889,1038,,
,Shaq Davis,WR474,,859.0,,859,,,,,
,C.J. Ham,RB288,,859.0,,,629,,1089,,
,Hendon Hooker,QB119,TEN,859.0,,,855,985,737,,
,Geor'Quarius Spivey,TE253,,860.0,,860,,,,,
,Isaiah Hodgins,WR475,,860.0,,,765,540,1275,,
,Nick Fitzgerald,QB120,,863.0,,863,,,,,
,Cephus Johnson,WR476,,864.5,,876,,,853,,
,Kyle Allen,QB121,BUF,864.8,,1598,481,967,413,,
,Kevin White,WR477,,865.0,,528,,,1202,,
,Shawn Bowman,TE254,ARI,865.0,,1226,,504,,,
,Darrel Williams,RB289,,866.0,,581,,,1151,,
,Jordan Waters,RB290,LAR,866.5,,,,763,970,,
,JaMycal Hasty,RB291,,867.5,,1091,767,814,798,,
,Robert Tonyan,TE255,PIT,867.5,,1986,503,469,512,,
,Greg Bell,RB292,,868.0,,,,,868,,
,Billy Brown,TE256,,869.0,,869,,,,,
,Jake Browning,QB123,,869.0,,,893,709,1005,,
,Deon Jackson,RB293,,869.0,,,,,869,,
,Sy Barnett,WR478,,870.0,,870,,,,,
,Ke'Shawn Williams,WR479,CIN,870.0,,1197,496,917,,,
,Tim Jones,WR480,JAX,870.0,,1270,834,793,583,,
,Jason Vander Laan,TE257,,871.0,,871,,,,,
,Joe Royer,TE258,CLE,871.5,,1904,605,524,453,,
,Grant Calcaterra,TE259,PHI,871.5,,1952,533,537,464,,
,Marchie Murdock,WR481,,872.0,,872,,,,,
,Pierre Strong,RB294,GB,872.8,,1888,819,809,443,,405
,Scottie Phillips,RB295,,873.0,,873,,,,,
,Zach Davidson,TE260,,873.0,,1186,793,,640,,
,Malik Heath,WR482,ATL,873.0,,1212,889,566,825,,
,Xavier Gipson,WR483,,873.3,,802,894,948,849,,
,Racey McMath,WR484,,873.5,,729,,,1018,,
,Tanner Brown,K59,,873.5,,,881,866,,,
,Terion Stewart,RB296,,875.0,,1215,,786,624,,
,Josh Cuevas,TE261,BAL,875.8,,2157,468,460,418,,
,Trey Burton,TE262,,877.0,,,,,877,,
,Jalin Hyatt,WR485,NYG,878.0,,,857,897,880,,
,Hunter Bryant,TE263,,879.0,,900,,,858,,
,Jermaine Burton,WR486,,879.0,,953,912,,772,,
,Ryan Jones,TE264,,880.0,,505,,,1255,,
,Chase Cota,WR487,,880.0,,984,,,776,,
,Jake Verity,K60,,881.0,,881,,,,,
,Reid Sinnett,QB124,,881.0,,,,,881,,
,John Wolford,QB125,,881.8,,1005,770,968,784,,
,John Robinson-Woodgett,RB297,,883.0,,883,,,,,
,Durham Smythe,TE265,BAL,883.0,,1808,415,842,467,,
,Lucas Havrisik,K61,,883.0,,,911,855,,,
,Elijah Collins,RB298,,883.5,,435,,,1332,,
,John Ross,WR488,,883.5,,,974,,793,,
,Irv Smith,TE266,,883.7,,1298,679,,674,,
,De'Mornay Pierson-El,WR489,,884.0,,884,,,,,
,Dalvin Cook,RB299,,884.0,,1167,685,,800,,
,Trinity Benson,WR490,,884.5,,594,,,1175,,
,David Durden,WR491,,885.0,,391,,,1379,,
,Temarrick Hemingway,TE267,WAS,885.0,,885,,,,,
,Johnny Wilson,WR492,PHI,885.0,,,565,731,1359,,
,Tahj Washington,WR493,,886.0,,,927,672,1059,,
,Jalen Walthall,WR494,,886.7,,735,,636,1289,,
,Skylar Thompson,QB126,BAL,886.7,,,536,998,1126,,
,Jesse Matthews,WR495,,887.0,,750,,,1024,,
,Mike Thomas,WR496,,887.0,,887,,,,,
,CJ Dippre,TE268,TB,887.3,,1052,1005,451,1041,,
,Cedrick Wilson,WR497,,887.3,,1079,636,879,955,,
,Malcolm Perry,WR498,,887.5,,459,,,1316,,
,Gee Scott,TE269,,887.5,,,,674,1101,,
,David Moore,WR499,CAR,888.0,,901,672,546,1433,,
,Tylan Wallace,WR500,CLE,888.3,,1672,523,876,482,,
,Josh Doctson,WR501,,888.5,,569,,,1208,,
,Nate Carter,RB300,KC,888.5,,,996,781,,,
,JP Richardson,WR502,CHI,889.3,,1551,,583,534,,
,Kyle Coleman,RB301,,890.0,,890,,,,,
,Courtney Jackson,WR503,,890.0,,1209,,571,,,
,Kobe Hudson,WR504,,890.0,,,,,890,,
,Andy Janovich,RB302,,891.0,,891,,,,,
,Elijah Cooks,WR505,,892.0,,1389,895,590,694,,
,CJ Donaldson,RB303,NO,894.0,,661,,791,1230,,
,Jaylon Moore,WR506,,894.0,,1077,,,711,,
,Jalon Calhoun,WR507,,894.5,,993,,,796,,
,Will Hastings,WR508,,895.0,,895,,,,,
,Mike White,QB127,,895.7,,1493,645,,549,,
,Elijah McGuire,RB305,KC,896.0,,896,,,,,
,Holton Ahlers,QB128,,896.0,,1204,,,588,,
,Tucker Fisk,TE270,,896.0,,,898,849,941,,
,Matt Corral,QB129,,896.0,,,,,896,,
,Frank Gore,RB306,,897.5,,,,,1391,,404
,Elijah Holyfield,RB307,,898.0,,898,,,,,
,Trevor Siemian,QB130,,898.3,,1330,656,982,625,,
,Josh Whyle,TE271,GB,899.8,,2132,446,541,480,,
,Rodney Williams,TE272,,900.0,,,900,,,,
,Julian Hill,TE273,NE,900.3,,1651,551,708,691,,
,Hakeem Butler,TE274,,900.5,,,,681,1120,,
,Damien Harris,RB308,,901.0,,1423,,,379,,
,Jason Brownlee,WR509,,902.0,,,883,653,1170,,
,Brenden Bates,TE275,,902.0,,,947,724,1035,,
,Jordan Byrd,WR510,,903.0,,903,,,,,
,Xavier Guillory,WR511,BAL,903.7,,908,,586,1217,,
,Jamaal Pritchett,WR512,NYJ,903.7,,1222,,626,863,,
,Carl Tucker,TE276,,904.0,,904,,,,,
,Chase Edmonds,RB309,,904.5,,909,688,770,1251,,
,Kentrel Bullock,RB310,CIN,904.5,,1043,,766,,,
,Kaden Davis,WR513,CHI,904.7,,,957,683,1074,,
,Darius Bradwell,RB311,,906.0,,906,,,,,
,Jackson Meeks,WR514,DET,906.0,,1810,597,549,668,,
,Tanner Conner,TE277,,906.0,,,837,729,1152,,
,Gary Brightwell,RB312,,906.3,,856,788,754,1227,,
,Cody Thompson,WR515,,906.7,,821,808,,1091,,
,Chip Trayanum,RB313,,907.0,,,,760,1054,,
,Drew Plitt,QB131,,907.0,,,,,907,,
,Dylan Parham,TE278,,908.0,,,,,908,,
,Jabari Small,RB314,,908.7,,716,,739,1271,,
,Mike Boone,RB315,,910.0,,608,691,,1431,,
,Trevontae Hights,WR516,,910.0,,910,,,,,
,J. Michael Sturdivant,WR517,,910.0,,1918,618,658,446,,
,Jaheim Bell,TE279,,910.7,,,929,557,1246,,
,Spencer Brown,RB316,,911.0,,989,,,833,,
,Rodney Adams,WR518,,912.0,,458,,,1366,,
,James Gilbert,RB317,,912.0,,912,,,,,
,Cornelius Johnson,WR519,,913.0,,1179,922,656,895,,
,Dareke Young,WR520,LV,913.3,,1774,476,919,484,,
,Dean Connors,RB318,LAR,913.3,,1612,,742,386,,
,Daewood Davis,WR521,,914.0,,760,,,1068,,
,Austin Proehl,WR522,,914.0,,914,,,,,
,Cameron Latu,TE280,NE,914.8,,1728,546,878,507,,
,Mike Williams,WR523,,915.0,,866,702,,1177,,
,Harrison Bryant,TE281,,916.3,,1152,757,869,887,,
,Tyler Boyd,WR524,,917.7,,990,703,,1060,,
,Jared Wayne,WR525,HOU,918.3,,1886,570,603,614,,
,Robert Turbin,RB319,,919.0,,919,,,,,
,Makai Polk,WR526,,920.0,,848,,,992,,
,JJ Laap,WR527,,920.0,,920,,,,,
,Kwamie Lassiter,WR528,,920.5,,625,,,1216,,
,Ryan Tannehill,QB132,,920.5,,1083,,,758,,
,Camren McDonald,TE282,,921.0,,921,,,,,
,Thyrick Pitts,WR529,,921.0,,1144,,,698,,
,Keith Smith,RB320,,923.0,,710,,,1136,,
,James Butler,RB321,,923.0,,923,,,,,
,Zach Wilson,QB133,NO,923.3,,,520,1026,1224,,
,Miles Sanders,RB322,,923.5,,1180,674,396,1444,,
,Jase McClellan,RB323,,924.0,,436,915,,1421,,
,Alexander Hollins,WR530,,924.0,,924,,,,,
,Skyy Moore,WR531,GB,924.8,,1948,501,885,365,,
,Cole Fotheringham,TE283,,925.0,,,,,925,,
,James Proche,WR532,,925.7,,,763,883,1131,,
,Connor Heyward,TE284,LV,925.8,,1885,443,903,472,,
,Ricky Seale,RB324,,926.0,,926,,,,,
,Baylor Cupp,TE285,,926.3,,1326,967,486,,,
,Collin Johnson,WR533,,926.5,,,761,,1092,,
,Artavis Pierce,RB325,,928.0,,928,,,,,
,Brett Rypien,QB134,,928.5,,1583,658,956,517,,
,Robert Woods,WR534,,929.0,,,721,,1137,,
,Tyler Davis,TE286,,929.0,,,,,929,,
,Josh Johnson,QB135,CIN,929.5,,831,729,1013,1145,,
,Garrett Nussmeier,QB136,KC,929.5,,1639,613,972,494,,
,Garrett Groshek,RB326,,930.0,,930,,,,,
,Laquon Treadwell,WR535,IND,930.5,,1940,432,916,434,,
,Dominik Eberle,K62,,931.0,,931,,,,,
,Quentin Skinner,WR536,,931.5,,897,1012,607,1210,,
,Marquez Valdes-Scantling,WR537,,933.5,,1136,705,448,1445,,
,Kenny Stills,WR538,,934.0,,934,,,,,
,Daylen Baldwin,WR539,,934.0,,,,,934,,
,Brycen Hopkins,TE287,,935.0,,1486,,,384,,
,Kai Locksley,WR540,,936.0,,936,,,,,
,Jack Stoll,TE288,,936.0,,1071,801,811,1061,,
,Steven Sims,WR541,,937.5,,,732,,1143,,
,Tim Boyle,QB138,,937.7,,743,664,,1406,,
,Will Dissly,TE289,,938.3,,1333,687,432,1301,,
,Artavis Scott,WR542,,939.0,,939,,,,,
,Dan Chisena,WR543,,939.0,,1022,773,728,1233,,
,Davis Webb,QB139,,940.0,,940,,,,,
,Tai Felton,WR544,MIN,940.0,,2075,457,899,329,,
,Tavien Feaster,RB327,ARI,941.0,,941,,,,,
,Xazavian Valladay,RB328,,941.3,,862,897,,1065,,
,Nick Nash,WR545,,941.7,,,987,600,1238,,
,Darrin Hall,RB329,,942.0,,942,,,,,
,Kenny Yeboah,TE290,,942.3,,1308,795,538,1128,,
,Eno Benjamin,RB330,,942.5,,538,,,1347,,
,Jamoi Mayes,WR546,,943.0,,462,,,1424,,
,Peewee Jarrett,QB140,,943.0,,943,,,,,
,Emory Jones,QB141,,943.0,,1444,,,442,,
,Ja'Quinden Jackson,RB331,,943.0,,,,759,1127,,
,Brandon Johnson,WR547,PIT,943.3,,1160,848,618,1147,,
,Desmond Ridder,QB142,,943.7,,,814,1009,1008,,
,John Rhys Plumlee,QB143,,944.0,,1290,,598,,,
,Kendric Pryor,WR548,,944.3,,,839,642,1352,,
,Dion Lewis,RB332,,945.0,,945,,,,,
,Danny Gray,WR549,PHI,945.8,,1073,817,646,1247,,
,Antonio Gandy-Golden,TE291,,946.0,,946,,,,,
,Clive Walford,TE292,,946.0,,1103,,,789,,
,Sammis Reyes,TE293,,946.5,,1213,,,680,,
,Ryan Switzer,WR550,,947.0,,947,,,,,
,Deuce Vaughn,RB333,,948.7,,,851,823,1172,,
,Chris Collier,RB334,LV,949.0,,1428,572,850,946,,
,J.P. Holtz,TE294,,949.0,,,,,949,,
,Jeff Wilson,RB335,,949.3,,1372,662,,814,,
,Gus Edwards,RB336,,949.3,,1461,701,,686,,
,Neal Johnson,TE295,,950.0,,1169,,,731,,
,Chris Myarick,TE296,LV,950.3,,1853,,454,544,,
,Tyshaun James,WR551,,951.0,,951,,,,,
,Parris Campbell,WR552,,951.0,,1147,677,704,1276,,
,Emani Bailey,RB337,,951.0,,,,,951,,
,Jalen Greene,WR553,,952.0,,952,,,,,
,Slade Bolden,WR554,,952.5,,788,,,1117,,
,Brady Cook,QB144,MIA,953.7,,,592,1005,1264,,
,Lucas Krull,TE297,DEN,954.0,,,846,831,1185,,
,Parker Romo,K63,,954.0,,,954,,,,
,Tyler Scott,WR555,,954.3,,,867,803,1193,,
,Myles Price,WR556,MIN,954.7,,,497,933,1434,,
,Quayvon Hicks,RB338,,955.0,,955,,,,,
,Johnathan Lloyd,WR557,,956.0,,956,,,,,
,Davion Davis,WR558,,956.0,,,,,956,,
,David Bell,WR559,,956.3,,1156,816,,897,,
,Lamar Jordan,QB145,,957.0,,957,,,,,
,Michael Carter,RB339,TEN,957.3,,1960,781,367,721,,
,Sam Brown,WR560,,957.5,,1075,,,840,,
,Malik Cunningham,QB146,,957.5,,1660,891,647,632,,
,Tyler Simmons,WR561,,958.0,,958,,,,,
,Jordan Murray,TE298,,958.0,,,,,958,,
,Will Sheppard,WR562,MIA,958.5,,1610,,617,1207,,400
,DeWayne McBride,RB340,,959.0,,,878,,1040,,
,Jamari Thrash,WR563,CLE,959.3,,,564,868,1446,,
,Ryan Miller,WR564,MIA,959.8,,1244,557,873,1165,,
,Josh Malone,WR565,,960.0,,960,,,,,
,Dayton Wade,WR566,,960.7,,854,,677,1351,,
,Kearis Jackson,WR567,,960.7,,1310,896,,676,,
,Brandon Smith,WR568,PIT,962.5,,1306,830,652,1062,,
,Cody Kessler,QB147,,963.0,,963,,,,,
,Curtis Samuel,WR569,,963.0,,2000,692,556,604,,
,Brennan Presley,WR570,LAR,963.8,,1323,1018,616,898,,
,Sal Cannella,TE299,,963.8,,1637,1001,463,754,,
,Jalen Brooks,WR571,ARI,964.0,,2041,502,888,425,,
,Evan Hull,RB341,ARI,964.0,,,862,922,1108,,
,James Robinson,RB342,,964.5,,1307,,,622,,
,Will Mallory,TE300,IND,965.3,,2188,548,559,566,,
,Jalen White,RB343,,965.5,,1565,,,366,,
,Ross Martin,K64,,966.0,,966,,,,,
,Keelan Doss,WR572,,966.5,,1236,,,697,,
,Lew Nichols,RB344,PIT,967.3,,,865,765,1272,,
,John Copenhaver,TE301,,967.5,,974,,,961,,
,J.J. Arcega-Whiteside,TE302,,970.0,,970,,,,,
,Kaylon Horton,WR573,,972.0,,972,,,,,
,Cam Johnson,WR574,,973.0,,973,,,,,
,Blake Bell,TE303,,973.5,,1101,,,846,,
,John Franklin,WR575,,975.0,,975,,,,,
,L.J. Scott,RB345,,977.0,,977,,,,,
,Rahsul Faison,RB346,,977.0,,,,,977,,
,Jack Podlesny,K65,,979.0,,979,,,,,
,Dennis Houston,WR576,TB,979.0,,,847,675,1415,,
,Andrew Armstrong,WR577,KC,979.0,,,,589,1369,,
,Quincy McDuffie,WR578,,980.0,,980,,,,,
,Elijhah Badger,WR579,,980.5,,1404,,,557,,
,DJ Uiagalelei,QB148,LAC,981.0,,,,981,,,
,Hassan Haskins,RB347,NE,981.3,,,812,943,1189,,
,Marvin Jones,WR580,,982.0,,1375,,,589,,
,Bailey Gaither,WR581,,983.5,,1138,,,829,,
,Lance McCutcheon,WR582,,983.5,,,,673,1294,,
,Brandon McManus,K66,,983.7,,1864,722,365,,,
,Josh Kelly,WR583,HOU,985.7,,982,,576,1399,,
,Desmond Reid,RB348,,985.7,,1396,,737,824,,
,Israel Abanikanda,RB349,DAL,986.0,,,863,778,1317,,
,Dillon Bell,WR584,MIN,986.0,,,,668,1304,,
,P.J. Walker,QB149,,986.0,,,,,986,,
,Denzel Mims,WR585,,986.3,,1165,,660,1134,,
,Troy Fumagalli,TE304,,986.5,,875,,,1098,,
,Jack Westover,TE305,WAS,986.5,,1098,968,912,968,,
,Jimmy Graham,TE306,,987.0,,987,,,,,
,Luke Lachey,TE307,,987.5,,1481,980,488,1001,,
,D'Onta Foreman,RB350,,988.0,,1151,694,,1119,,
,Jared Wiley,TE308,KC,988.0,,1806,563,467,1116,,
,ShunDerrick Powell,RB351,,988.5,,1224,,753,,,
,Allen Robinson,WR586,,990.0,,1115,716,,1139,,
,Richard Rodgers,TE309,,990.0,,1203,,,777,,
,Parker Hesse,TE310,,990.0,,,798,,1182,,
,Drew Lock,QB150,SEA,990.5,,2074,484,935,469,,
,Joshua Dobbs,QB151,DET,990.8,,2062,465,1025,411,,
,Damon Hazelton,WR587,,991.0,,991,,,,,
,Joshua Karty,K67,,991.0,,1667,914,392,,,
,Anthony Brown,QB152,,991.5,,,845,,1138,,
,Treveyon Pratt,WR588,,992.0,,992,,,,,
,Ryquell Armstead,RB352,,994.0,,994,,,,,
,Jesper Horsted,TE311,,994.0,,,,,994,,
,DeVante Parker,WR589,,995.0,,663,,,1327,,
,Thomas Greaney,TE312,,995.0,,995,,,,,
,Ayir Asante,WR590,,996.0,,1002,,,990,,
,Taiwan Jones,RB353,,996.0,,,,,996,,
,Blake Watson,RB354,,996.3,,944,937,774,1330,,
,Jeff Caldwell,WR591,KC,996.7,,1839,,599,552,,
,Tanner McLachlan,TE313,,996.8,,2170,934,514,369,,
,LeVante Bellamy,RB355,,997.0,,997,,,,,
,Britain Covey,WR592,PHI,997.0,,,842,914,1235,,
,David Blough,QB153,,997.5,,1341,,,654,,
,Ricky Seals-Jones,TE314,,998.0,,,,,998,,
,Eli Pancol,WR593,,998.3,,1659,,623,713,,
,Jake Kumerow,WR594,,998.5,,749,,,1248,,
,Gerrid Doaks,RB356,,998.5,,1254,,,743,,
,Xavier Wade,WR595,,999.0,,999,,,,,
,Robert Burns,RB357,,1000.0,,667,,,1333,,
,CJ Verdell,RB358,,1000.0,,1000,,,,,
,Ricky White,WR596,SEA,1000.3,,1783,982,645,591,,
,Alex Erickson,WR597,,1000.7,,1130,635,,1237,,
,Bryce Ford-Wheaton,WR598,,1000.7,,,942,806,1254,,
,Jalen Virgil,WR599,,1000.8,,1761,836,580,826,,
,Mark Weisman,RB359,,1001.0,,1001,,,,,
,Cordarrelle Patterson,RB360,,1001.0,,1388,651,,964,,
,Easton Stick,QB154,TB,1002.0,,978,661,986,1383,,
,Donovan Edwards,RB361,,1002.5,,1338,990,772,910,,
,Aaron Anderson,WR600,,1002.7,,1760,,621,627,,
,Blake Sims,QB155,,1003.0,,1003,,,,,
,Lucky Jackson,WR601,DET,1003.3,,1617,,694,699,,
,Brayden Lenius,TE315,,1006.0,,1006,,,,,
,Sam Pinckney,WR602,,1006.0,,,,,1006,,
,Mecole Hardman,WR603,,1006.8,,1358,667,712,1290,,
,Dominic Lovett,WR604,DET,1007.0,,937,985,659,1447,,
,Martavis Bryant,WR605,,1007.0,,1007,,,,,
,Nyheim Hines,RB362,,1007.5,,1339,676,,,,
,Taquan Mizzell,RB363,NYG,1008.0,,1008,,,,,
,Philip Rivers,QB156,,1009.0,,,1009,,,,
,George Aston,RB364,,1010.0,,1010,,,,,
,Mason Kinsey,WR606,,1010.3,,1642,805,901,693,,
,Cole Turner,TE316,MIA,1010.5,,1613,534,515,1380,,
,Beaux Collins,WR607,ATL,1010.5,,1847,591,881,723,,
,Bernhard Seikovits,TE317,,1011.0,,,,,1011,,
,A.T. Perry,WR608,,1011.3,,2029,879,573,564,,
,Nick Vannett,TE318,BAL,1011.5,,1609,626,441,1370,,
,Ellis Richardson,TE319,,1012.0,,1012,,,,,
,Rodney Smith,RB365,,1012.0,,1294,,,730,,
,Randall Cobb,WR609,,1012.0,,,,,1012,,
,Case Keenum,QB157,CHI,1012.8,,1541,513,977,1020,,
,Junior Bergen,WR610,,1012.8,,1735,986,579,751,,
,Malik Knowles,WR611,,1013.0,,622,,,1404,,
,Dalyn Dawkins,RB366,,1013.0,,1013,,,,,
,Cody White,WR612,LV,1013.0,,1578,797,802,875,,
,Jaren Hall,QB158,,1013.5,,,874,,1153,,
,TD Ayo-Durojaiye,RB367,,1014.0,,1014,,,,,
,Tarik Black,WR613,,1015.0,,,,670,1360,,
,Hunter Renfrow,WR614,,1015.8,,2095,648,403,917,,
,J.J. Nelson,WR615,,1018.0,,1018,,,,,
,Terrace Marshall,WR616,,1018.3,,1421,783,734,1135,,
,Josh Williams,RB368,TB,1018.3,,1443,998,775,857,,
,Joshua Cephus,WR617,,1018.5,,1932,959,635,548,,
,Justice Shelton-Mosley,WR618,,1020.0,,1020,,,,,
,Chandler Brayboy,WR619,,1020.5,,1408,993,614,1067,,
,Dylan McDuffie,RB369,,1021.0,,1021,,,,,
,Dax Milne,WR620,,1022.0,,,,,1022,,
,Carson Steele,RB370,PHI,1022.3,,1131,940,826,1192,,
,Bailey Zappe,QB159,NYJ,1022.3,,,825,983,1259,,
,Malik Earl,WR621,,1023.0,,1023,,,,,
,Carter Bradley,QB160,JAX,1023.7,,683,,970,1418,,
,Tyler Mabry,TE320,,1024.5,,1242,807,,,,
,Austin Allen,TE321,,1025.0,,964,,,1086,,
,Jevoni Robinson,TE322,,1025.0,,1025,,,,,
,David Wells,TE323,,1025.0,,,,,1025,,
,Lewis Bond,WR622,HOU,1025.5,,1822,1020,608,652,,
,Aca'Cedric Ware,RB371,,1026.0,,1026,,,,,
,Lorenzo Lingard,RB372,,1026.0,,1055,,,997,,
,Casey Bauman,QB161,,1027.0,,1027,,,,,
,Tony Jones,RB373,,1027.5,,,776,,1279,,
,Marcus Simms,WR623,,1028.0,,1028,,,,,
,La'Michael Pettway,TE324,,1029.0,,,,,1029,,
,Patrick Laird,RB374,,1031.0,,1206,,,856,,
,Chris Pierce,TE325,,1031.0,,,,,1031,,
,Jakob Johnson,RB375,,1031.5,,,738,,1325,,
,Freddie Swain,WR624,,1032.0,,,,706,1358,,
,Matt Prater,K68,,1033.7,,1984,728,389,,,
,Robert Martin,RB376,,1036.0,,1036,,,,,
,Keleki Latu,TE326,BUF,1036.3,,1973,595,490,1087,,
,Zach Mathis,WR625,,1037.0,,1037,,,,,
,Alize Mack,TE327,,1038.0,,1038,,,,,
,Tony Brown,WR626,,1038.5,,,778,,1299,,
,Alex Ellis,TE328,,1039.0,,1039,,,,,
,Sean Clifford,QB162,SF,1039.0,,,860,992,1265,,
,Dymere Miller,WR627,,1039.0,,,,,1039,,
,Brian Lewerke,QB163,,1040.0,,1040,,,,,
,Justin Watson,WR628,,1040.0,,2118,628,696,718,,
,N'Keal Harry,WR629,,1040.5,,967,,,1114,,
,Trey Potts,RB377,,1041.0,,1041,,,,,
,Michael Jacobson,TE329,,1041.5,,1051,,,1032,,
,Brayden Willis,TE330,SF,1042.0,,1900,550,898,820,,
,Zach Evans,RB378,,1042.0,,,853,,1231,,
,Charlie Jones,WR630,NYG,1042.3,,,861,925,1341,,
,AJ Henning,WR631,MIA,1042.8,,1962,1023,628,558,,
,Mathew Sexton,WR632,,1043.0,,1557,,,529,,
,Zach Gentry,TE331,,1043.0,,,,,1043,,
,Marqise Lee,WR633,,1044.0,,1044,,,,,
,Bryce Oliver,WR634,CLE,1044.3,,1454,956,723,,,
,Sam Wiglusz,WR635,,1044.5,,816,,,1273,,
,Russell Wilson,QB164,,1044.5,,2109,727,792,550,,
,Brian Brown,WR636,,1045.0,,1045,,,,,
,Scotty Miller,WR637,CHI,1045.0,,2166,659,822,533,,
,Mike Bercovici,QB165,,1046.0,,1046,,,,,
,Stanley Morgan,WR638,,1046.0,,,,,1046,,
,Henry Pearson,RB379,,1046.5,,1189,904,,,,
,Marcus Rosemy-Jacksaint,WR639,,1047.0,,708,,,1386,,
,Kenny McIntosh,RB380,,1047.3,,1929,869,819,572,,
,Chase Claypool,WR640,,1048.5,,1723,,,374,,
,Luke Grimm,WR641,,1048.5,,,,684,1413,,
,Jerome Cunningham,TE332,,1049.0,,1049,,,,,
,Andre Roberts,WR642,,1049.0,,,,,1049,,
,Nick Mullens,QB166,JAX,1049.3,,1518,655,1029,995,,
,Ryan Griffin,QB167,,1050.0,,1050,,,,,
,Jordan Matthews,TE333,,1052.0,,1230,666,,1260,,
,Tommylee Lewis,WR643,,1053.0,,1053,,,,,
,Jude McAtamney,K69,,1053.5,,1134,973,,,,
,Brandon Brown-Dukes,RB381,,1054.0,,1054,,,,,
,Laviska Shenault,WR644,,1054.5,,,752,,1357,,
,Devin Mahina,TE334,,1056.0,,1056,,,,,
,TJ Harden,RB382,,1056.0,,,,769,1343,,
,Jaelen Gill,WR645,,1057.0,,1057,,,,,
,Noah Whittington,RB383,HOU,1057.0,,1452,,787,932,,
,Ja'Lynn Polk,WR646,,1057.4,,2008,913,716,1256,,394
,Pharoh Cooper,WR647,,1058.0,,776,,,1340,,
,Brycen Tremayne,WR648,CAR,1058.0,,1766,483,833,1150,,
,Gabriel Plascencia,K70,,1058.5,,1252,,865,,,
,Jacolby George,WR649,,1059.0,,1061,,,1057,,
,Jordan Scarlett,RB384,MIA,1060.0,,1060,,,,,
,Griffin Hebert,TE335,,1062.0,,1009,,,1115,,
,Cam Serigne,TE336,,1062.0,,1062,,,,,
,Lan Larison,RB385,NE,1062.0,,,994,785,1407,,
,Zack Moss,RB386,,1062.5,,,748,,1377,,
,Joseph Parker,WR650,,1063.0,,1063,,,,,
,Kristian Wilkerson,WR651,,1063.3,,1669,779,665,1140,,
,Max Mang,TE337,,1064.0,,1064,,,,,
,Deneric Prince,RB387,,1064.8,,2064,882,750,563,,
,Daniel Brown,TE338,,1065.0,,1065,,,,,
,Isaiah Neyor,WR652,GB,1065.5,,1759,989,654,860,,
,Pat Conroy,TE339,,1067.0,,1067,,,,,
,Chase Cota,WR653,,1068.0,,1246,890,,,,
,Hayden Hurst,TE340,,1068.0,,2156,675,,373,,
,Benny Snell,RB388,,1068.5,,1303,,,834,,
,Rysen John,TE341,,1070.0,,1070,,,,,
,Grant DuBose,WR654,,1070.0,,,866,,1274,,
,Brenden Rice,WR655,,1070.3,,1804,917,689,871,,
,Godwin Igwebuike,RB389,,1071.0,,805,,,1337,,
,Dorian Thompson-Robinson,QB168,,1071.7,,1584,871,,760,,
,Dan Vitale,RB390,,1072.0,,1072,,,,,
,Austin Reed,QB169,,1072.0,,1743,,959,514,,
,Nsimba Webster,WR656,,1072.5,,1163,,,982,,
,Ben Skowronek,WR657,PIT,1073.3,,1636,491,900,1266,,
,Dexter Williams,RB391,,1074.0,,1074,,,,,
,Tanner Taula,TE342,,1074.5,,844,,,1305,,
,Elijah Moore,WR658,PHI,1074.5,,2217,519,543,1019,,
,Riley Ridley,WR659,,1076.0,,1076,,,,,
,Dontrell Hilliard,RB392,,1076.0,,,,,1076,,
,Tyler Goodson,RB393,ATL,1076.2,,1916,901,946,1219,,399
,Ethan Garbers,QB170,,1077.0,,841,,,1313,,
,Gage Larvadain,WR660,,1077.0,,1347,997,887,,,
,Will Grier,QB171,,1079.0,,,,984,1174,,
,Xavier Grimble,TE343,,1079.0,,,,,1079,,
,Gavin Hardison,QB172,,1080.0,,954,,,1206,,
,Bryan Edwards,WR661,,1080.0,,1080,,,,,
,Harvey Binford,WR662,,1081.0,,1081,,,,,
,Cooper Rush,QB173,ATL,1081.5,,1881,505,1021,919,,
,Darrius Shepherd,WR663,,1082.0,,1082,,,,,
,Joaquin Davis,WR664,,1082.5,,1517,,648,,,
,Kaden Prather,WR665,,1082.8,,1979,983,692,677,,
,Michael Ezeike,TE344,,1083.0,,1153,,,1013,,
,Austin Trammell,WR666,JAX,1083.0,,1488,844,877,1123,,
,Rivaldo Fairweather,TE345,,1083.3,,1911,,475,864,,
,Xavier Restrepo,WR667,TEN,1083.8,,1763,988,568,1016,,
,Johnny Mundt,TE346,PHI,1083.8,,2211,479,715,930,,
,Chester Rogers,WR668,,1084.0,,1269,,,899,,
,Mark Gronowski,QB174,,1084.5,,,,971,1198,,
,Marcus Riley,WR669,,1085.0,,1085,,,,,
,Kelvin Harmon,WR670,,1085.0,,,,,1085,,
,Marcus Cooper,RB394,,1086.0,,1086,,,,,
,Noah Thomas,WR671,CIN,1086.0,,1329,,662,1267,,
,Jaret Patterson,RB395,,1086.0,,1793,794,562,1195,,
,Aaron Shampklin,RB396,,1086.5,,,953,,1220,,
,Nick Bowers,TE347,,1087.5,,877,,,1298,,
,Patrick Taylor,RB397,,1087.5,,1712,804,725,1109,,
,Max Brosmer,QB175,MIN,1088.0,,,1006,1022,1236,,
,Jody Fortson,TE348,,1088.5,,,796,,1381,,
,Evan Baylis,TE349,,1089.0,,1089,,,,,
,Jaydn Ott,RB398,KC,1089.0,,1192,,755,1320,,
,Blake Bortles,QB176,NO,1090.0,,1090,,,,,
,Ulysses Bentley,RB399,,1091.5,,1301,1016,762,1287,,
,Micah Simon,WR672,CAR,1092.0,,1092,,,,,
,T.J. Luther,WR673,,1092.5,,1284,,,901,,
,Jalen Guyton,WR674,,1093.0,,867,,,1319,,
,Matt Ammendola,K71,,1093.0,,1093,,,,,
,Johnny Johnson,WR675,,1093.0,,,,,1093,,
,Alex McNulty,K72,,1094.0,,1094,,,,,
,Aidan O'Connell,QB177,LV,1094.3,,1548,549,941,1339,,
,Josh Ali,WR676,,1095.0,,,,,1095,,
,Dan Villari,TE350,LAR,1095.3,,1799,,499,988,,
,KeeSean Johnson,WR677,,1096.0,,1096,,,,,
,Kendal Thompson,WR678,,1097.0,,1097,,,,,
,Craig Reynolds,RB400,WAS,1098.0,,1317,740,953,1382,,
,John Kelly,RB401,,1098.0,,1619,660,,1015,,
,Drake Stoops,WR679,,1099.0,,801,,,1397,,
,Stephen Gostkowski,K73,,1099.0,,1099,,,,,
,Trestan Ebner,RB402,,1100.0,,850,,,1350,,
,Monte Pottebaum,RB403,,1100.0,,1100,,,,,
,Braxton Berrios,WR680,NYG,1101.0,,2037,494,882,991,,
,Nathan Rourke,QB178,,1101.5,,,908,,1295,,
,Johnny Lumpkin,TE351,,1102.0,,976,,,1228,,
,Tre'Shaun Harrison,WR681,,1103.0,,1869,,,337,,
,Javon McKinley,WR682,,1104.0,,1104,,,,,
,Alfonzo Graham,RB404,,1104.0,,,,,1104,,
,Ja'Quan Gardner,RB405,,1105.0,,1105,,,,,
,DeeJay Dallas,RB406,MIN,1105.0,,1800,754,952,914,,
,Jay Lee,WR683,,1106.0,,1106,,,,,
,Dae'quan Wright,TE352,,1106.7,,1926,,521,873,,
,John Ursua,WR684,,1107.0,,1107,,,,,
,Daijun Edwards,RB407,,1107.5,,1499,,,716,,
,Andre Baccellia,WR685,,1107.8,,1823,843,895,870,,
,Landon Rice,TE353,,1108.0,,1108,,,,,
,Jermaine Terry,TE354,,1108.0,,1705,,511,,,
,Da'Quan Felton,WR686,,1108.3,,1331,,688,1306,,
,Elijah Dotson,RB408,,1108.3,,1491,887,,947,,
,James O'Shaughnessy,TE355,,1108.5,,1471,,,746,,
,Montrell Washington,WR687,,1108.8,,1834,828,572,1201,,
,Tom Kennedy,WR688,DET,1109.3,,1402,741,880,1414,,
,Devante Davis,WR689,,1110.0,,1110,,,,,
,Marquise Goodwin,WR690,,1110.5,,1309,,,912,,
,Adrian Martinez,QB179,,1111.0,,1181,1019,960,1284,,
,Justin Shorter,WR691,LV,1111.0,,2186,547,550,1161,,
,Keilahn Harris,WR692,,1111.5,,1146,,,1077,,
,Jared Rice,TE356,,1112.0,,1112,,,,,
,Shane Buechele,QB180,BUF,1112.3,,2043,838,974,594,,
,John FitzPatrick,TE357,,1113.8,,2059,822,702,872,,
,Shelton Gibson,WR693,,1114.0,,1114,,,,,
,Khalan Laborn,RB409,,1114.0,,1125,,,1103,,
,Jonathan Mingo,WR694,DAL,1116.3,,2213,472,906,874,,
,Malik Turner,WR695,,1116.5,,1933,638,610,1285,,
,Xavier Weaver,WR696,,1117.5,,1334,945,846,1345,,
,Devin Culp,TE358,TB,1117.8,,1653,924,462,1432,,
,Brian Hill,RB410,,1118.0,,,,,1118,,
,Devin Asiasi,TE359,,1118.5,,835,,,1402,,
,Jalen Richard,RB411,LV,1119.0,,1259,,,979,,
,Hunter Kampmoyer,TE360,,1120.0,,1120,,,,,
,La'Damian Webb,RB412,,1121.0,,1121,,,,,
,Sawyer Robertson,QB181,,1122.5,,,,996,1249,,
,Taylor Heinicke,QB182,,1122.7,,1530,644,,1194,,
,BJ Baylor,RB413,,1123.0,,1123,,,,,
,Maddux Trujillo,K74,,1123.5,,1393,,854,,,
,Sam Ehlinger,QB183,DEN,1123.8,,1614,526,991,1364,,
,C.J. Beathard,QB184,,1125.0,,,,,1125,,
,Jakobie Keeney-James,WR697,,1125.8,,2223,1002,578,700,,
,Reggie Begelton,WR698,,1126.0,,1126,,,,,
,Dai'Jean Dixon,WR699,,1126.0,,1231,,,1021,,
,Van Jefferson,WR700,,1127.0,,2051,755,422,1280,,
,Javon Leake,RB414,,1128.0,,1128,,,,,
,Jahmal Banks,WR701,,1128.0,,1575,,,681,,
,Jonathan Williams,RB415,,1129.0,,1129,,,,,
,Phillip Brooks,WR702,,1129.0,,1661,,,597,,
,Owen Wright,RB416,,1129.3,,2224,906,761,626,,
,De'Anthony Thomas,WR703,,1131.0,,1676,,,586,,
,Bo Melton,WR704,GB,1131.3,,2112,434,848,,,
,Changa Hodge,WR705,,1132.0,,1132,,,,,
,Kedon Slovis,QB185,GB,1133.3,,1580,1007,961,985,,
,Tyreik McAllister,RB417,,1133.5,,,944,,1323,,
,Melvin Gordon,RB418,,1134.0,,1430,,,838,,
,JaQuae Jackson,WR706,,1134.0,,1465,,641,1296,,
,SaRodorick Thompson,RB419,,1135.0,,1726,909,,770,,
,Trayveon Williams,RB420,,1136.0,,1910,654,924,1056,,
,Adrian Coxson,WR707,,1137.0,,1137,,,,,
,Dillon Johnson,RB421,,1137.0,,1356,,,918,,
,Tyrone Broden,WR708,,1139.7,,1504,,622,1293,,
,Zavier Scott,WR709,CHI,1139.8,,2085,999,824,651,,
,Stephen Sullivan,TE361,,1140.3,,1214,764,,1443,,
,Martez Carter,RB422,,1141.0,,1141,,,,,
,Leonard Taylor,TE362,,1141.5,,1640,,,643,,
,Bruno Labelle,TE363,,1142.0,,1142,,,,,
,Ezekiel Elliott,RB423,,1142.0,,2065,700,,661,,
,Isaiah Coulter,WR710,,1143.0,,1143,,,,,
,Trent Sherfield,WR711,BUF,1143.5,,2199,624,904,847,,
,Kurtis Rourke,QB186,SF,1144.8,,1778,583,976,1242,,
,Teo Redding,WR712,,1148.0,,1148,,,,,
,Shi Smith,WR713,,1148.0,,,,,1148,,
,Tanner Mordecai,QB187,,1150.0,,1087,,,1213,,
,Jacob Hollister,TE364,,1151.0,,1416,,,886,,
,Ronnie Bell,WR714,LV,1151.3,,1963,872,795,975,,
,Bub Means,WR715,,1154.8,,1988,919,449,1263,,
,Fred Trevillion,WR716,,1155.0,,1155,,,,,
,Diego Pavia,QB188,,1155.0,,,,995,1315,,
,Daurice Fountain,WR717,,1156.5,,948,,,1365,,
,Kevin Shaa,WR718,,1157.0,,1157,,,,,
,Malik Williams,RB424,,1159.0,,1159,,,,,
,Kevin Rader,TE365,,1159.0,,,,,1159,,
,Gary Jennings,WR719,LAC,1160.0,,1732,,588,,,
,Bryant Koback,RB425,,1160.5,,1620,,,701,,
,Chris Hogan,WR720,,1161.0,,1161,,,,,
,Deven Thompkins,WR721,LV,1161.3,,2191,832,910,712,,
,Napoleon Maxwell,RB426,,1162.0,,1162,,,,,
,Jaydon Mickens,WR722,,1162.0,,,,,1162,,
,David Porter,WR723,,1164.0,,1164,,,,,
,Jake Haener,QB189,NYG,1165.0,,1436,870,1012,1342,,
,TJ Sheffield,WR724,,1166.0,,1166,,,,,
,Paxton Lynch,QB190,,1168.0,,1168,,,,,
,Jermaine Jackson,WR725,,1169.0,,1366,972,,,,
,Jerjuan Newton,WR726,,1170.5,,1365,,,976,,
,Justin Hall,WR727,,1171.5,,1788,,,555,,
,Ramiz Ahmed,K75,,1172.0,,1172,,,,,
,Allen Lazard,WR728,,1172.7,,2105,646,,767,,
,Jake Luton,QB191,,1173.0,,,,,1173,,
,Travis Vokolek,TE366,ARI,1175.3,,1895,905,476,1425,,
,Ryan Santoso,K76,,1176.0,,1176,,,,,
,C.J. Saunders,WR729,,1176.0,,,,,1176,,
,Jeremiah Haydel,WR730,,1177.0,,1177,,,,,
,Ja'Corey Brooks,WR731,,1177.3,,1795,995,685,1234,,
,Cam Akers,RB427,,1177.3,,1403,745,,1384,,
,Adam Thielen,WR732,,1179.7,,1648,723,,1168,,
,Antoine Green,WR733,,1180.3,,1716,873,,952,,
,Marcell Ateman,WR734,,1181.0,,,,,1181,,
,Kalel Mullings,RB428,TEN,1181.8,,2020,978,764,965,,
,Bennie Fowler,WR735,,1182.0,,1182,,,,,
,Darion Clark,TE367,,1183.0,,1183,,,,,
,Jacardia Wright,RB429,SEA,1183.7,,1797,1014,740,,,
,Jerome Kapp,WR736,,1184.0,,1184,,,,,
,Seth DeValve,TE368,,1185.0,,1185,,,,,
,Andy Isabella,WR737,,1186.0,,996,,,1376,,
,Izaiah Gathings,TE369,,1186.0,,1243,,,1129,,
,Bryce Williams,TE370,,1187.0,,1187,,,,,
,Zach Horton,TE371,,1187.3,,2044,1013,505,,,
,DeShon Williams,TE372,,1188.0,,1188,,,,,
,Rashod Owens,WR738,,1189.0,,985,,,1393,,
,Brandon Bolden,RB430,,1189.5,,1174,,,1205,,
,Ja'Seem Reed,WR739,CAR,1189.5,,1786,,593,,,
,Mason Fairchild,TE373,,1190.0,,1069,,,1311,,
,Vance McDonald,TE374,,1190.0,,1190,,,,,
,Ian Bunting,TE375,,1191.0,,1191,,,,,
,Kyle Trask,QB192,,1191.3,,1729,785,994,1257,,
,Malik Flowers,WR740,,1193.0,,1109,,,1277,,
,Rodrigo Blankenship,K77,,1193.0,,1193,,,,,
,Thomas Hennigan,WR741,,1194.0,,1194,,,,,
,Joshua Kelley,RB431,,1195.7,,2173,750,,664,,
,Jaivon Heiligh,WR742,,1196.0,,1196,,,,,
,Tommy Mellott,QB193,,1196.3,,2097,977,,515,,
,Cade Peterson,QB194,,1198.0,,1198,,,,,
,Jason Bean,QB195,,1198.5,,1543,,,854,,
,Greg Zuerlein,K78,,1198.5,,1671,726,,,,
,Kendall Milton,RB432,CIN,1198.5,,1971,961,752,1110,,
,Sam Ficken,K79,,1199.0,,1199,,,,,
,Colby Suits,QB196,,1200.0,,1200,,,,,
,Isaiah Wooden,WR743,,1200.7,,1494,,682,1426,,
,Collin Schlee,QB197,,1201.0,,1201,,,,,
,Chris Evans,RB433,,1201.5,,1527,,,876,,
,Travis Homer,RB434,PIT,1201.5,,2121,669,1007,1009,,
,Chris Freeman,K80,,1204.0,,1546,,862,,,
,Jesse James,TE376,,1207.0,,1205,,,1209,,
,Larry Rountree,RB435,,1209.5,,1248,,,1171,,
,Damion Willis,WR744,,1210.0,,1210,,,,,
,La'Mical Perine,RB436,,1210.5,,1140,,,1281,,
,DeAndre Washington,RB437,,1211.0,,1604,,,818,,
,Miles Boykin,WR745,,1211.0,,,,,1211,,
,Sam Hartman,QB198,WAS,1214.3,,1529,,957,1157,,
,Isaiah Spiller,RB438,,1215.0,,,,,1215,,
,Eric Ebron,TE377,PIT,1215.5,,1319,,,1112,,
,Jake Rudock,QB199,,1216.0,,1216,,,,,
,Bud Sasser,WR746,,1218.0,,1218,,,,,
,John Samuel Shenker,TE378,,1218.0,,1487,970,,1197,,
,Ra'Shaun Henry,WR747,,1218.5,,1048,,,1389,,
,Connor Bazelak,QB200,,1218.5,,1434,,1003,,,
,Xavier Turner,RB439,,1219.0,,1219,,,,,
,Matt Breida,RB440,,1219.0,,1357,,,1081,,
,Eldridge Massington,WR748,NO,1220.0,,1220,,,,,
,Steven Wroblewski,TE379,,1221.0,,1221,,,,,
,Cole Beasley,WR749,,1221.0,,,,,1221,,
,Blaine Gabbert,QB201,,1222.0,,,,,1222,,
,Mike Davis,RB441,,1223.0,,1223,,,,,
,Jeff Smith,WR750,,1224.5,,1582,,,867,,
,Ian Book,QB202,,1224.5,,1790,,,659,,
,Dalen Cambre,WR751,NYG,1224.8,,1959,1003,655,1282,,
,Aaron Dykes,RB442,,1225.0,,1225,,,,,
,Frank Darby,WR752,,1225.0,,,,,1225,,
,Devin Leary,QB203,,1225.3,,1801,932,,943,,
,Justyn Ross,WR753,,1226.3,,1812,831,,1036,,
,Dylan Soehner,TE380,,1227.0,,1227,,,,,
,Cam Miller,QB204,,1228.3,,1615,981,999,1318,,
,Jack Plummer,QB205,,1228.5,,1531,,,926,,
,Henry Poggi,RB443,,1229.0,,1229,,,,,
,Seth Williams,WR754,,1230.5,,1433,,,1028,,
,Wes Hills,RB444,,1232.0,,1232,,,,,
,Terique Owens,WR755,,1232.0,,,,,1232,,
,Kairee Robinson,RB445,,1233.0,,1233,,,,,
,Hassan Hall,RB446,,1233.5,,1741,,,726,,
,Zakhari Franklin,WR756,,1233.5,,1874,,,593,,
,Blake Proehl,WR757,,1235.0,,1235,,,,,
,Tyler Eifert,TE381,,1237.0,,1237,,,,,
,Justin Jackson,RB447,,1238.0,,1238,,,,,
,Cornell Powell,WR758,,1238.0,,1690,,595,1429,,
,Taylor Grimes,WR759,,1239.0,,1239,,,,,
,Jalin Conyers,TE382,,1239.3,,1955,,522,1241,,
,Trey Quinn,WR760,,1239.5,,1300,,,1179,,
,Isaiah Winstead,WR761,,1239.7,,1845,,631,1243,,
,DeVonte Dedmon,WR762,,1240.0,,1240,,,,,
,Jacob Harris,WR763,,1240.0,,,,,1240,,
,Stevie Scott,RB448,,1241.0,,1241,,,,,
,Harrison Wallace III,WR764,,1242.3,,1990,,632,1105,,
,Elijah Mitchell,RB449,,1244.5,,2069,787,788,1334,,
,Nate Wieting,TE383,,1245.0,,1245,,,,,
,Lance Mason,TE384,,1245.0,,1942,,457,1336,,
,Eric Rivers,WR765,TB,1246.3,,2123,,671,945,,
,Justin Sinz,TE385,,1247.0,,1247,,,,,
,M.J. McFarland,TE386,,1249.0,,1249,,,,,
,Michael Colubiale,TE387,,1250.0,,1250,,,,,
,Alex Bachman,WR766,LAR,1252.8,,1682,955,934,1440,,
,Barrett Burns,TE388,BAL,1253.0,,1253,,,,,
,Boston Scott,RB450,,1254.5,,1893,,,616,,
,Warren Jackson,WR767,,1255.0,,1255,,,,,
,Justin Johnson,TE389,,1255.5,,1652,,,859,,
,Jimmy Garoppolo,QB206,,1255.5,,1947,720,1027,1328,,
,Colin Thompson,TE390,,1256.0,,1256,,,,,
,Myles Gaskin,RB451,,1256.7,,2042,673,,1055,,
,Anthony Jones,RB452,,1257.0,,1257,,,,,
,Brevin Easton,WR768,,1258.0,,,,,1258,,
,Giles Jackson,WR769,,1259.5,,1832,,,687,,
,Hayden Hatten,WR770,,1260.0,,1211,,,1309,,
,Jason Moore,WR771,,1260.0,,1260,,,,,
,Marquise Williams,QB207,,1261.0,,1261,,,,,
,Sam Sloman,K81,,1262.0,,1262,,,,,
,Silas Bolden,WR772,,1262.0,,,,,1262,,
,Lynn Bowden,WR773,,1262.5,,1414,,,1111,,
,Sione Houma,RB453,,1263.0,,1263,,,,,
,Donte Moncrief,WR774,,1265.0,,1265,,,,,
,Garrett Dickerson,TE391,,1266.0,,1266,,,,,
,Zimari Manning,WR775,,1267.0,,1267,,,,,
,Kole Taylor,TE392,,1267.5,,1501,,,1034,,
,Tre' McKitty,TE393,,1268.3,,2122,,492,1191,,
,Velus Jones,WR776,SEA,1269.3,,2088,809,911,,,
,Lee Smith,TE394,ATL,1269.5,,1698,,,841,,
,James Washington,WR777,,1269.5,,1882,,,657,,
,Kevin Harris,RB454,,1270.5,,1863,,,678,,
,Josh Caldwell,RB455,,1271.0,,1271,,,,,
,Erik Krommenhoek,TE395,,1271.0,,1497,,,1045,,
,Alex McGough,QB208,,1271.5,,1571,,,972,,
,Laith Marjan,K82,,1271.5,,1687,,856,,,
,Chandler Cox,RB456,,1272.0,,1272,,,,,
,Miller Forristall,TE396,,1272.5,,1322,,,1223,,
,Hajj-Malik Williams,QB209,,1273.0,,1273,,,,,
,Alex Wesley,WR778,,1274.0,,1274,,,,,
,De'Chavon Hayes,RB457,,1275.0,,1275,,,,,
,Ross Travis,TE397,,1276.0,,1276,,,,,
,Tony Poljan,TE398,,1277.0,,1277,,,,,
,Nate Noel,RB458,,1278.0,,,,,1278,,
,Ryan Succop,K83,,1279.0,,1279,,,,,
,Chris Coleman,WR779,,1280.0,,1280,,,,,
,Ronnie Brown,RB459,,1281.0,,1281,,,,,
,Amari Rodgers,WR780,,1283.0,,1150,,,1416,,
,Jason Cabinda,RB460,,1284.0,,1606,,,962,,
,Kadarius Toney,WR781,,1284.0,,1938,782,,1132,,
,Dominique Dafney,TE399,,1285.5,,1371,,,1200,,
,Sam Rogers,RB461,,1286.0,,1286,,,,,
,Kevin Foelsch,TE400,,1287.0,,1287,,,,,
,Isaiah Ford,WR782,,1288.0,,,,,1288,,
,Malcolm Epps,TE401,,1291.0,,1291,,,,,
,Jha'Quan Jackson,WR783,,1291.3,,1992,925,810,1438,,
,Matt Bushman,TE402,,1291.5,,1417,,,1166,,
,Will Ratelle,RB462,,1292.0,,1292,,,,,
,Lucas Scott,RB463,,1292.5,,1850,,735,,,
,Braxton Burmeister,WR784,,1295.0,,1295,,,,,
,Javon Baker,WR785,,1295.3,,1603,916,,1367,,
,Cam Worthy,WR786,,1297.0,,1297,,,,,
,Jack Doyle,TE403,IND,1297.0,,,,,1297,,
,Dustin Hopkins,K84,,1297.5,,1870,725,,,,
,Devine Ozigbo,RB464,,1298.5,,1901,,,696,,
,Tim Flanders,RB465,,1299.0,,1299,,,,,
,Christian Blake,WR787,,1302.0,,1302,,,,,
,Dresser Winn,QB210,,1302.0,,1450,,,1154,,
,Mason Shipley,K85,,1303.5,,1754,,853,,,
,Jibri Blount,TE404,,1304.0,,1304,,,,,
,Trevon Bradford,WR788,,1305.0,,1305,,,,,
,Austin Stogner,TE405,,1305.0,,1731,,,879,,
,Josh Pederson,TE406,,1306.0,,1171,,,1441,,
,Anders Carlson,K86,,1306.5,,1757,856,,,,
,Damien Williams,RB466,,1308.0,,,,,1308,,
,Abram Smith,RB467,,1310.0,,1736,,,884,,
,Jordan Wilkins,RB468,,1310.0,,,,,1310,,
,Daniel Arias,WR789,,1310.5,,1773,,,848,,
,Terry Godwin,WR790,,1311.0,,1311,,,,,
,Braydon Johnson,WR791,,1312.0,,1312,,,,,
,Kahlil Lewis,WR792,,1314.0,,1314,,,,,
,Taywan Taylor,WR793,,1315.0,,1315,,,,,
,Jeff Cotton,WR794,,1318.0,,1318,,,,,
,Amar Johnson,RB469,LAC,1318.7,,2201,1011,744,,,
,Osirus Mitchell,WR795,,1320.0,,1320,,,,,
,Chris Carson,RB470,,1320.5,,1936,,,705,,
,Jeremy Moussa,QB211,,1321.0,,1321,,,,,
,E.J. Perry,QB212,,1321.0,,,,,1321,,
,Kendall Blanton,TE407,,1323.0,,2048,,,598,,
,Nick Ralston,RB471,,1324.0,,1324,,,,,
,Dorian Singer,WR796,,1326.0,,,,,1326,,
,Jalen Morton,QB213,IND,1327.0,,1327,,,,,
,Jonathan Adams,WR797,,1328.0,,1328,,,,,
,Mohamed Ibrahim,RB472,,1329.3,,2150,884,,954,,
,Diontae Johnson,WR798,,1329.3,,2222,678,,1088,,
,Lenny Krieg,K87,GB,1329.5,,1807,,852,,,
,Neil Pau'u,WR799,,1335.0,,1335,,,,,
,Matt Sokol,TE408,,1335.0,,,,,1335,,
,Johnny Stanton,RB473,,1336.0,,1336,,,,,
,Blayne Taylor,WR800,,1337.0,,1337,,,,,
,Ethan Fernea,WR801,,1338.0,,,,,1338,,
,Derrick Willies,WR802,,1342.0,,1342,,,,,
,Luis Perez,QB214,,1342.5,,2049,,,636,,
,Joel Honigford,TE409,,1343.0,,1343,,,,,
,Aaron Fuller,WR803,,1344.0,,1344,,,,,
,Bug Howard,TE410,,1345.0,,1345,,,,,
,Dez Fitzpatrick,WR804,,1345.7,,1951,786,,1300,,
,Ed Lee,WR805,,1346.0,,1346,,,,,
,Ify Umodu,WR806,,1348.0,,1348,,,,,
,Jaxon Janke,WR807,,1348.0,,1616,,,1080,,
,Emanuel Hall,WR808,,1349.0,,1349,,,,,
,Gunnar Watson,QB215,,1350.0,,1350,,,,,
,Tyrion Davis-Price,RB474,,1350.0,,2138,815,,1097,,
,Da'Mari Scott,WR809,,1351.0,,1351,,,,,
,Jared Dangerfield,WR810,,1352.0,,1352,,,,,
,Kody Case,WR811,,1353.0,,1353,,,,,
,Braylon Sanders,WR812,,1353.0,,,,,1353,,
,Christopher Dunn,K88,,1353.5,,1848,859,,,,
,Krishawn Hogan,WR813,,1354.0,,1354,,,,,
,Luke Stocker,TE411,,1356.0,,,,,1356,,
,Rashaad Penny,RB475,,1357.5,,1278,,,1437,,
,Nick Easley,WR814,,1359.0,,1359,,,,,
,Branden Mack,WR815,,1360.0,,1360,,,,,
,C.J. Germany,WR816,,1361.0,,1361,,,,,
,Duece Watts,WR817,,1361.5,,2113,,,610,,
,Moritz Bohringer,TE412,,1362.0,,1362,,,,,
,Ty Fryfogle,WR818,,1363.0,,1363,,,,,
,Paul Geelen,K89,,1363.0,,1866,,860,,,
,Ian Wheeler,RB476,,1363.0,,1970,,756,,,
,Nathan Peterman,QB216,,1363.0,,2086,,1001,1002,,
,Jacob Sirmon,QB217,,1364.0,,1364,,,,,
,Garrett Greene,QB218,TB,1364.0,,2061,,667,,,
,Lake McRee,TE413,PIT,1365.0,,2221,,501,1373,,
,Cade Johnson,WR819,,1366.5,,1463,,,1270,,
,Keshawn Hill,RB477,,1368.0,,1368,,,,,
,Oliver Martin,WR820,,1369.0,,1369,,,,,
,B.T. Potter,K90,,1369.0,,1871,,867,,,
,James McCourt,K91,,1370.0,,1370,,,,,
,Kirk Merritt,WR821,,1371.0,,2219,,,523,,
,Logan Thomas,TE414,,1371.0,,,,,1371,,
,Cam Sutton,TE415,,1373.0,,1373,,,,,
,Khari Blasingame,RB478,,1373.7,,1958,736,,1427,,
,Charles Scarff,TE416,,1374.0,,1374,,,,,
,Mitch Mathews,WR822,,1376.0,,1376,,,,,
,Derek Wright,WR823,,1376.0,,1483,,,1269,,
,Bilal Powell,RB479,,1377.0,,1377,,,,,
,Jamison Crowder,WR824,,1377.3,,2019,712,,1401,,
,Colin Jeter,TE417,,1378.0,,1378,,,,,
,JaQuan Hardy,RB480,,1379.0,,1379,,,,,
,Jacob Eason,QB219,,1381.5,,1826,,,937,,
,Bryant Mitchell,WR825,,1382.0,,1382,,,,,
,Graham Gano,K92,,1382.0,,2034,730,,,,
,Travis Toivonen,WR826,,1383.0,,1383,,,,,
,Andrew Peasley,QB220,,1384.0,,1384,,,,,
,DJ Chark,WR827,,1385.5,,2081,690,,,,
,Riley Neal,QB221,,1386.0,,1386,,,,,
,Nathan Carter,RB481,KC,1386.0,,2192,,,580,,
,Cole Murphy,K93,,1387.0,,1387,,,,,
,Romello Brinson,WR828,,1388.0,,2146,,630,,,
,Rashard Higgins,WR829,,1389.5,,1829,,,950,,
,Dakota Caton,WR830,,1390.0,,1390,,,,,
,Sean Riley,WR831,,1391.0,,1391,,,,,
,Hunter Dekkers,QB222,,1391.5,,1828,,955,,,
,Wayne Taulapapa,RB482,,1392.0,,1392,,,,,
,Taylor Elgersma,QB223,,1392.5,,1946,,,839,,
,Anthony Ratliff-Williams,WR832,,1394.0,,1394,,,,,
,Cole Payton,QB224,,1395.0,,,,,1395,,
,AJ McCarron,QB225,,1396.0,,2215,,,577,,
,Dres Anderson,WR833,,1397.0,,1397,,,,,
,Kobe McCrary,RB483,,1398.0,,1398,,,,,
,Ty'Son Williams,RB484,,1398.0,,,,,1398,,
,Brian Hoyer,QB226,,1398.5,,1894,,,903,,
,Josh Ferguson,RB485,,1399.0,,1399,,,,,
,Jalen Camp,WR834,,1399.0,,1424,,,1374,,
,Kenneth Harper,RB486,,1400.0,,1400,,,,,
,Reggie Brown,TE418,,1401.0,,1401,,,,,
,Brandon Dillon,TE419,,1402.0,,1824,,,980,,
,Ricky Person,RB487,,1403.0,,,,,1403,,
,Reggie Diggs,WR835,,1406.0,,1406,,,,,
,Cody Latimer,WR836,,1406.0,,1464,,,1348,,
,D.J. Williams,RB488,,1406.7,,2010,958,,1252,,
,Scooter Harrington,TE420,,1407.0,,1407,,,,,
,Derrick Gore,RB489,,1408.0,,2068,,,748,,
,Mike Rigerman,TE421,,1409.0,,1409,,,,,
,Riley Sharp,TE422,,1410.0,,1410,,,,,
,Corey Coleman,WR837,,1412.0,,1412,,,,,
,Garrett Celek,TE423,,1413.0,,1413,,,,,
,Tim Cook,RB490,,1415.0,,1415,,,,,
,Tayvion Robinson,WR838,,1416.0,,1908,,,924,,
,Robbie Gould,K94,,1418.0,,1418,,,,,
,Kalen Ballage,RB491,,1418.5,,1593,,,1244,,
,Cary Angeline,TE424,,1419.0,,1419,,,,,
,Tulu Griffin,WR839,,1419.0,,,,,1419,,
,Freddie Stevenson,RB492,,1420.0,,1420,,,,,
,Jacob Copeland,WR840,,1422.0,,,,,1422,,
,Marquez Callaway,WR841,,1422.3,,2198,766,,1303,,
,Darrynton Evans,RB493,,1423.3,,2143,749,,1378,,
,Jaylen Samuels,RB494,,1425.0,,1425,,,,,
,Jeret Smith,WR842,,1426.0,,1426,,,,,
,Trevon Clark,WR843,,1427.0,,1427,,,,,
,Darrell Daniels,TE425,,1427.0,,1542,,,1312,,
,Jared Cook,TE426,,1429.0,,1429,,,,,
,Alex Smith,QB227,,1431.0,,1431,,,,,
,Pooka Williams,RB495,,1431.5,,1455,,,1408,,
,Joe Walker,WR844,,1432.0,,1432,,,,,
,Greg Joseph,K95,,1432.0,,2184,680,,,,
,Keith Kirkwood,WR845,,1436.0,,1449,,,1423,,
,Michael Badgley,K96,,1436.0,,2176,696,,,,
,Monaray Baldwin,WR846,,1436.0,,,,,1436,,
,Mark Vital,TE427,,1437.0,,1437,,,,,
,Anthony Torres,TE428,,1438.0,,1438,,,,,
,Antony Auclair,TE429,,1439.0,,1439,,,,,
,Darius Prince,WR847,,1440.0,,1440,,,,,
,Leonard Fournette,RB496,,1441.5,,1521,,,1362,,
,Trevon Wesco,TE430,,1441.5,,2084,,,799,,
,Jace Sternberger,TE431,,1442.0,,1442,,,,,
,Marlon Mack,RB497,,1444.0,,2082,,,806,,
,Kenji Bahar,QB228,,1446.0,,1446,,,,,
,Trevor Knight,QB229,,1447.0,,1447,,,,,
,Jequez Ezzard,WR848,,1448.0,,1448,,,,,
,D'Eriq King,QB230,,1451.0,,1451,,,,,
,Anthony Boone,QB231,,1453.0,,1453,,,,,
,Darrell Henderson,RB498,,1454.0,,2183,,,725,,
,Aaron Parker,WR849,,1456.0,,1456,,,,,
,Nate Becker,TE432,,1457.0,,1457,,,,,
,Jacob Dolegala,QB232,,1458.0,,1458,,,,,
,Kellen Mond,QB233,,1458.0,,2055,,,861,,
,David Olson,QB234,,1459.0,,1459,,,,,
,Demetris Robertson,WR850,,1460.0,,1460,,,,,
,Aaron Lacombe,WR851,,1462.0,,1462,,,,,
,Donovan Peoples-Jones,WR852,,1462.5,,1596,,,1329,,
,Luke Drzewiecki,K97,,1463.5,,2063,,864,,,
,Sean Mannion,QB235,,1463.5,,2104,,,823,,
,Jerod Evans,QB236,,1466.0,,1466,,,,,
,Caden Davis,K98,,1466.0,,1941,991,,,,
,Matt Schaub,QB237,,1467.0,,1467,,,,,
,Ronald Awatt,RB499,,1468.0,,1468,,,,,
,William Thompson,QB238,,1469.0,,1469,,,,,
,Brett Hundley,QB239,,1470.0,,1470,,,,,
,DeSean Smith,TE433,,1472.0,,1472,,,,,
,Jaray Jenkins,WR853,,1472.5,,1510,,,1435,,
,Levine Toilolo,TE434,NYG,1473.0,,1473,,,,,
,DaMarkus Lodge,WR854,,1474.0,,1474,,,,,
,Jake Fromm,QB240,,1474.0,,1585,,,1363,,
,Taryn Christion,QB241,,1475.0,,1475,,,,,
,Ahmad Fulwood,WR855,,1476.0,,1476,,,,,
,B.J. Emmons,RB500,,1477.0,,1477,,,,,
,Jacob Warren,TE435,,1477.5,,1601,,,1354,,
,Da'Ron Brown,WR856,,1478.0,,1478,,,,,
,Darwin Thompson,RB501,,1479.0,,1479,,,,,
,Jerell Adams,TE436,,1480.0,,1480,,,,,
,Calvin Tyler,RB502,,1482.0,,1482,,,,,
,Mike Harley,WR857,,1483.0,,1922,,,1044,,
,Phillip Andersen,K99,,1484.0,,1484,,,,,
,Nate Sudfeld,QB242,,1484.0,,2187,,,781,,
,Corey Clement,RB503,,1486.5,,2204,,,769,,
,Michael Pratt,QB243,,1488.0,,2119,933,,1412,,
,Moochie Dixon,WR858,,1489.0,,1489,,,,,
,Tre'Quan Smith,WR859,,1490.0,,1532,,,1448,,
,Josh Rosen,QB244,,1492.0,,1492,,,,,
,Curtis Hodges,TE437,,1493.0,,1547,,,1439,,
,Colt McCoy,QB245,,1496.0,,1496,,,,,
,Isaiah McKoy,WR860,,1498.0,,1498,,,,,
,Byron Pringle,WR861,,1498.0,,1624,,,1372,,
,Evan Berry,WR862,,1500.0,,1500,,,,,
,Matthew Trickett,K100,,1502.0,,1502,,,,,
,Tory Carter,RB504,,1503.0,,1503,,,,,
,Jordan Terrell,RB505,,1505.0,,1505,,,,,
,Durron Neal,WR863,,1506.0,,1506,,,,,
,Gerald Holmes,RB506,,1507.0,,1507,,,,,
,Blake Haubeil,K101,,1509.0,,1509,,,,,
,Nick Bawden,RB507,,1511.0,,1511,,,,,
,Brelan Chancellor,WR864,,1512.0,,1512,,,,,
,Nate McCrary,RB508,,1512.0,,2214,,,810,,
,Tyler Hoosman,RB509,,1513.0,,1513,,,,,
,Ben Ellefson,TE438,,1514.0,,1514,,,,,
,Dylan Leonard,TE439,,1515.0,,1515,,,,,
,Parker Houston,TE440,,1516.0,,1516,,,,,
,Tommy Hudson,TE441,,1517.0,,1742,,,1292,,
,Papi White,WR865,,1519.0,,1519,,,,,
,Kenny Lawler,WR866,,1520.0,,1520,,,,,
,Jarvion Franklin,RB510,,1522.0,,1522,,,,,
,Marshaun Coprich,RB511,,1523.0,,1523,,,,,
,Jimmy Williams,WR867,,1525.0,,1525,,,,,
,Michael Dereus,WR868,,1526.0,,1526,,,,,
,Kahale Warring,TE442,,1529.5,,1855,,,1204,,
,Jermaine Kearse,WR869,,1533.0,,1533,,,,,
,Alex Barnes,RB512,,1534.0,,1534,,,,,
,Dante Wright,WR870,,1537.0,,1537,,,,,
,Brayden Narveson,K102,,1537.5,,2129,946,,,,
,DeAndrew White,WR871,,1538.0,,1538,,,,,
,Talik Keaton,WR872,,1539.0,,1539,,,,,
,Deon Cain,WR873,,1539.5,,1977,,,1102,,
,Demetrius Wilson,WR874,,1540.0,,1540,,,,,
,Michael Thomas,WR875,,1542.5,,1991,,,1094,,
,Devon Allen,WR876,,1543.0,,2117,,,969,,
,Johnny King,WR877,,1544.0,,1544,,,,,
,Mik'Quan Deane,TE443,,1545.0,,1545,,,,,
,Cole Beck,WR878,,1549.0,,1549,,,,,
,Derrius Guice,RB513,,1550.0,,1550,,,,,
,Louis Rees-Zammit,RB514,,1551.5,,2168,935,,,,
,Sutton Smith,RB515,,1554.0,,1554,,,,,
,Kyle Philips,WR879,,1554.0,,1740,,,1368,,
,Henry Litwin,WR880,,1555.0,,1555,,,,,
,K.J. Costello,QB246,,1556.0,,1556,,,,,
,Brian Vogler,TE444,,1559.0,,1559,,,,,
,Jordan Thomas,TE445,,1560.0,,1560,,,,,
,Kazmeir Allen,WR881,,1560.0,,1711,,,1409,,
,Austin Watkins,WR882,,1560.5,,1975,,,1146,,
,Malik Henry,WR883,,1561.0,,1561,,,,,
,Christian Wade,RB516,,1561.5,,1993,,,1130,,
,Shawn Poindexter,WR884,,1563.0,,1563,,,,,
,Austin Aune,QB247,,1564.0,,1564,,,,,
,Duke Johnson,RB517,,1565.5,,1737,,,1394,,
,KJ Hill,WR885,LAC,1566.0,,1566,,,,,
,Allen Hurns,WR886,MIA,1567.0,,1567,,,,,
,Randy Bullock,K103,,1568.0,,1568,,,,,
,Tyler Kroft,TE446,,1568.5,,1981,,,1156,,
,Josh Bellamy,WR887,,1569.0,,1569,,,,,
,Daniel Williams,WR888,,1572.0,,1572,,,,,
,Elliott Fry,K104,,1573.0,,1573,,,,,
,Stevo Klotz,TE447,,1573.5,,2096,,,1051,,
,Jimmy Bell,TE448,,1574.0,,1574,,,,,
,Khalil Tate,WR889,,1576.0,,1576,,,,,
,Alex Larson,TE449,,1577.0,,1577,,,,,
,Josh McCown,QB248,,1581.0,,1581,,,,,
,Dillon Stoner,WR890,,1586.0,,1586,,,,,
,Tavonn Salter,WR891,,1588.0,,1588,,,,,
,Jaaron Hayek,WR892,,1590.0,,1590,,,,,
,Jaylen Smith,WR893,,1591.0,,1591,,,,,
,Austin Duke,WR894,,1592.0,,1592,,,,,
,Corey Davis,WR895,,1592.5,,2182,,,1003,,
,Siaosi Mariner,WR896,,1594.0,,1594,,,,,
,Jonathan Kim,K105,,1595.0,,1595,,,,,
,Julian Williams,WR897,,1597.0,,1597,,,,,
,Matthew Eaton,WR898,,1599.0,,1599,,,,,
,Alex Hale,K106,,1600.0,,1600,,,,,
,Johnathon Johnson,WR899,,1602.0,,1602,,,,,
,Logan Woodside,QB249,,1604.5,,1997,,,1212,,
,Aidan Robbins,RB518,,1605.5,,2024,,,1187,,
,Sammy Watkins,WR900,,1606.0,,1851,,,1361,,
,K.J. Maye,WR901,,1607.0,,1607,,,,,
,Malcolm Johnson,RB519,,1608.0,,1608,,,,,
,Blake Jarwin,TE450,,1610.0,,2142,,,1078,,
,Ahmarean Brown,WR902,,1611.0,,1611,,,,,
,Buddy Howell,RB520,,1621.0,,1621,,,,,
,Matthew Slater,WR903,,1621.5,,1897,,,1346,,
,Jadakis Bonds,WR904,,1622.0,,1622,,,,,
,Latavius Murray,RB521,,1622.0,,2058,,,1186,,
,William Fuller,WR905,,1623.0,,1623,,,,,
,Jay Ajayi,RB522,,1625.0,,1625,,,,,
,Jake McGee,TE451,,1627.0,,1627,,,,,
,Jaquarii Roberson,WR906,,1628.0,,1628,,,,,
,Dalton Keene,TE452,,1629.0,,1967,,,1291,,
,Taj McGowan,RB523,,1630.0,,1630,,,,,
,Graham Adomitis,TE453,,1633.0,,1633,,,,,
,Jordan Veasy,WR907,,1634.0,,1634,,,,,
,Ryan Finley,QB250,,1635.0,,1635,,,,,
,David Marvin,K107,,1638.0,,1638,,,,,
,Lincoln Victor,WR908,,1641.0,,1641,,,,,
,Travis Fulgham,WR909,,1643.0,,1643,,,,,
,Garrett Gilbert,QB251,,1644.0,,1644,,,,,
,Tristan Vizcaino,K108,,1645.0,,1645,,,,,
,Robert Griffin,QB252,,1646.0,,1646,,,,,
,Chris Herndon,TE454,,1647.5,,1884,,,1411,,
,Chris Blewitt,K109,,1649.0,,1649,,,,,
,Devlin Hodges,QB253,,1650.0,,1650,,,,,
,Aeneas Dennis,QB254,,1655.0,,1655,,,,,
,Collin Hill,QB255,,1656.0,,1656,,,,,
,Cullen Gillaspia,RB524,,1657.0,,1657,,,,,
,Dillon Mitchell,WR910,,1658.0,,1658,,,,,
,Trent Pennix,TE455,,1658.0,,2147,,,1169,,
,Devin Carter,WR911,,1662.0,,1662,,,,,
,Bronson Rechsteiner,RB525,,1664.0,,1664,,,,,
,Jamire Jordan,WR912,,1665.0,,1665,,,,,
,Jordan Bly,WR913,,1666.0,,1666,,,,,
,Mike Meyer,K110,,1668.0,,1668,,,,,
,Bobby Holly,RB526,,1670.0,,1670,,,,,
,Jelani Baker,WR914,,1673.0,,1673,,,,,
,Alec Holler,TE456,,1675.0,,1675,,,,,
,Alex Armah,RB527,,1675.5,,2148,,,1203,,
,Jake Coker,QB256,,1677.0,,1677,,,,,
,Jjay Mcafee,TE457,,1678.0,,1678,,,,,
,Sean Modster,WR915,,1679.0,,1679,,,,,
,Isaac Nauta,TE458,GB,1680.0,,1680,,,,,
,Julian Allen,RB528,,1683.0,,1683,,,,,
,Jack Colletto,RB529,,1684.0,,2046,,,1322,,
,Jacob Breeland,TE459,,1686.0,,1686,,,,,
,Nolan Henderson,QB257,,1688.0,,1688,,,,,
,Chad Kelly,QB258,,1689.0,,1689,,,,,
,Chad Beebe,WR916,,1691.0,,1691,,,,,
,John Paddock,QB259,,1692.0,,1692,,,,,
,Daniel Helm,TE460,,1693.0,,1693,,,,,
,Marcelias Sutton,RB530,,1694.0,,1694,,,,,
,Sean Ryan,WR917,,1694.5,,2001,,,1388,,
,Derek Watt,RB531,,1696.0,,1696,,,,,
,Joe Webb,QB260,,1697.0,,1697,,,,,
,Noah Rauschenberg,K111,,1699.0,,1699,,,,,
,Benjamin Watson,TE461,,1702.0,,1702,,,,,
,Camden Lewis,K112,,1703.0,,1703,,,,,
,Jalen Wayne,WR918,,1703.0,,1978,,,1428,,
,Jack Sorenson,WR919,,1704.0,,1704,,,,,
,Matt Weiser,TE462,,1706.0,,1706,,,,,
,Tim DeMorat,QB261,,1707.0,,1707,,,,,
,Aldrick Rosas,K113,,1708.0,,1708,,,,,
,Brett Gabbert,QB262,,1709.0,,1709,,,,,
,Damarea Crockett,RB532,,1710.0,,1710,,,,,
,Emmanuel Butler,WR920,,1714.0,,1714,,,,,
,C.J. Worton,WR921,,1718.0,,1718,,,,,
,Sony Michel,RB533,,1719.0,,1719,,,,,
,Clayton Thorson,QB263,NYG,1720.0,,1720,,,,,
,Larry Rose,RB534,,1721.0,,1721,,,,,
,Earnest Edwards,WR922,,1722.0,,1722,,,,,
,Jamie Newman,QB264,,1724.0,,1724,,,,,
,Ontaria Wilson,WR923,,1725.0,,1725,,,,,
,Travis Benjamin,WR924,,1727.0,,1727,,,,,
,Maurice Ffrench,WR925,,1730.0,,1730,,,,,
,Justin Tukes,TE463,,1734.0,,1734,,,,,
,Emeka Emezie,WR926,,1738.0,,1738,,,,,
,John Brown,WR927,,1739.0,,1739,,,,,
,Mason Crosby,K114,,1744.0,,1744,,,,,
,Brett Maher,K115,,1745.0,,1745,,,,,
,Xavier Ubosi,WR928,,1747.0,,1747,,,,,
,Harold Spears,TE464,,1748.0,,1748,,,,,
,Ben Koyack,TE465,,1750.0,,1750,,,,,
,Brandon Shippen,WR929,,1751.0,,1751,,,,,
,Joel Stave,QB265,,1752.0,,1752,,,,,
,Rhett Ellison,TE466,,1753.0,,1753,,,,,
,Taylor Russolino,K116,,1755.0,,1755,,,,,
,Ahmad Wagner,WR930,,1756.0,,1756,,,,,
,Drew Anderson,QB266,,1758.0,,1758,,,,,
,Jarvis Landry,WR931,,1759.5,,2099,,,1420,,
,Kai Forbath,K117,,1762.0,,1762,,,,,
,Willie Snead,WR932,,1762.5,,2125,,,1400,,
,Marcus Peterson,WR933,,1764.0,,1764,,,,,
,JaVonta Payton,WR934,,1765.0,,1765,,,,,
,Matt Fleming,WR935,,1767.0,,1767,,,,,
,Tim Wilson,WR936,,1768.0,,1768,,,,,
,Jalen McCleskey,WR937,,1769.0,,1769,,,,,
,Matt Colburn,RB535,,1770.0,,1770,,,,,
,Travell Harris,WR938,,1771.0,,1771,,,,,
,Aaron Peck,TE467,,1772.0,,1772,,,,,
,Demario Richard,RB536,,1775.0,,1775,,,,,
,Quinn Nordin,K118,,1776.0,,1776,,,,,
,Cole Herdman,TE468,,1780.0,,1780,,,,,
,Leon Johnson,WR939,,1781.0,,1781,,,,,
,Nick Eubanks,TE469,,1782.0,,1782,,,,,
,Austin Appleby,QB267,,1784.0,,1784,,,,,
,Giovani Bernard,RB537,,1785.0,,1785,,,,,
,Jacob Huesman,QB268,,1787.0,,1787,,,,,
,Devwah Whaley,RB538,,1789.0,,1789,,,,,
,Connor Slomka,RB539,,1791.0,,1791,,,,,
,Bisi Johnson,WR940,,1794.0,,1794,,,,,
,Nico Evans,RB540,,1796.0,,1796,,,,,
,Bryce Perkins,QB269,,1798.0,,1798,,,,,
,Jackson Harris,TE470,,1802.0,,1802,,,,,
,Tyler Harrell,WR941,,1803.0,,1803,,,,,
,Brennan Eagles,WR942,,1805.0,,1805,,,,,
,Mike Strachan,WR943,,1811.0,,1811,,,,,
,Bobo Wilson,WR944,,1813.0,,1813,,,,,
,Calvin Jackson,WR945,,1814.0,,1814,,,,,
,John Matocha,QB270,,1815.0,,1815,,,,,
,Jordan Petaia,TE471,,1816.0,,1816,,,,,
,Kyle Markway,TE472,,1817.0,,1817,,,,,
,Todd Gurley,RB541,,1819.0,,1819,,,,,
,Brian Cobbs,WR946,,1820.0,,1820,,,,,
,Ben Bryant,QB271,,1821.0,,1821,,,,,
,Charles Clay,TE473,,1825.0,,1825,,,,,
,Jordan Westerkamp,WR947,,1827.0,,1827,,,,,
,Tanner Knue,WR948,,1830.0,,1830,,,,,
,Michael Herzog,RB542,,1831.0,,1831,,,,,
,Jamal Pettigrew,TE474,,1833.0,,1833,,,,,
,Chris Streveler,QB272,,1835.0,,1835,,,,,
,Kyle Shurmur,QB273,,1836.0,,1836,,,,,
,Case Cookus,QB274,,1837.0,,1837,,,,,
,Jordan Johnson,RB543,,1838.0,,1838,,,,,
,Detrich Clark,WR949,,1840.0,,1840,,,,,
,Jester Weah,WR950,,1841.0,,1841,,,,,
,Tommy Stevens,QB275,NYG,1842.0,,1842,,,,,
,Alex Gray,TE475,,1843.0,,1843,,,,,
,Briley Moore,TE476,,1844.0,,1844,,,,,
,Mitchell Paige,WR951,,1846.0,,1846,,,,,
,John Hurst,WR952,,1849.0,,1849,,,,,
,Vincent Blanchard,K119,,1852.0,,1852,,,,,
,Clayton Hatfield,K120,,1854.0,,1854,,,,,
,Kehinde Oginni Hassan,TE477,,1856.0,,1856,,,,,
,Mark Thompson,RB544,,1857.0,,1857,,,,,
,Ross Scheuerman,RB545,,1858.0,,1858,,,,,
,Tyler Hoppes,TE478,,1859.0,,1859,,,,,
,Malachi Jones,WR953,,1860.0,,1860,,,,,
,DeShone Kizer,QB276,,1861.0,,1861,,,,,
,Jordan Smallwood,WR954,,1865.0,,1865,,,,,
,Andrew Mevis,K121,,1867.0,,1867,,,,,
,Jerome Lane,WR955,,1868.0,,1868,,,,,
,Devontres Dukes,WR956,,1872.0,,1872,,,,,
,Ito Smith,RB546,DAL,1873.0,,1873,,,,,
,Julian Fleming,WR957,,1875.0,,1875,,,,,
,Oscar Cardenas,TE479,,1876.0,,1876,,,,,
,Zion Bowens,WR958,,1878.0,,1878,,,,,
,Jerome Washington,TE480,,1879.0,,1879,,,,,
,Chris Smith,RB547,,1880.0,,1880,,,,,
,Sandro Platzgummer,RB548,,1883.0,,1883,,,,,
,Michael Hiers,QB277,,1887.0,,1887,,,,,
,Romello Brooker,TE481,,1889.0,,1889,,,,,
,Terry Swanson,RB549,,1890.0,,1890,,,,,
,Ryan Fitzpatrick,QB278,,1891.0,,1891,,,,,
,Justin Stockton,RB550,,1892.0,,1892,,,,,
,Bo Scarbrough,RB551,,1896.0,,1896,,,,,
,RJ Mobley,WR959,,1898.0,,1898,,,,,
,Chris Briggs,TE482,,1902.0,,1902,,,,,
,Dominick Wood-Anderson,TE483,,1903.0,,1903,,,,,
,Jon Brown,K122,,1905.0,,1905,,,,,
,Landen Akers,WR960,,1906.0,,1906,,,,,
,Shane Wimann,RB552,,1907.0,,1907,,,,,
,Josh Imatorbhebhe,WR961,,1909.0,,1909,,,,,
,Dedrick Mills,RB553,,1912.0,,1912,,,,,
,Brandon Ross,RB554,,1913.0,,1913,,,,,
,Trevor Moore,K123,,1914.0,,1914,,,,,
,Javon Wims,WR962,,1915.0,,1915,,,,,
,Dorren Miller,WR963,,1917.0,,1917,,,,,
,Valdez Showers,WR964,,1919.0,,1919,,,,,
,C.J. Prosise,RB555,,1920.0,,1920,,,,,
,Josh Gordon,WR965,,1921.0,,1921,,,,,
,Ramon Jefferson,RB556,,1923.0,,1923,,,,,
,Sam Cotton,TE484,,1924.0,,1924,,,,,
,Tre Harbison,RB557,,1925.0,,1925,,,,,
,Josh Lambo,K124,,1927.0,,1927,,,,,
,Zach Ojile,RB558,,1930.0,,1930,,,,,
,Jamarius Way,WR966,,1931.0,,1931,,,,,
,Mike Glennon,QB279,,1934.0,,1934,,,,,
,Caleb Repp,TE485,,1935.0,,1935,,,,,
,Joseph Scates,WR967,,1937.0,,1937,,,,,
,Kenny Bell,WR968,,1939.0,,1939,,,,,
,JJ Molson,K125,,1943.0,,1943,,,,,
,Kyle Sheets,WR969,,1944.0,,1944,,,,,
,Seth Dawkins,WR970,,1945.0,,1945,,,,,
,Daniel Jackson,WR971,,1949.0,,1949,,,,,
,Kerrith Whyte,RB559,GB,1953.0,,1953,,,,,
,Austin Ramesh,RB560,,1954.0,,1954,,,,,
,John Lovett,RB561,,1956.0,,1956,,,,,
,Valentine Holmes,RB562,,1957.0,,1957,,,,,
,Robert Burns,RB563,CHI,1961.0,,1961,,,,,
,Chris Brown,WR972,,1964.0,,1964,,,,,
,Eli Stove,WR973,,1965.0,,1965,,,,,
,Kekoa Crawford,WR974,,1966.0,,1966,,,,,
,T.J. Simmons,WR975,,1968.0,,1968,,,,,
,Devonta Freeman,RB564,,1969.0,,1969,,,,,
,Lee Ward,RB565,,1972.0,,1972,,,,,
,Austin Wolf,WR976,,1976.0,,1976,,,,,
,Trevon Grimes,WR977,,1980.0,,1980,,,,,
,Kamryn Pettway,RB566,,1982.0,,1982,,,,,
,Vyncint Smith,WR978,,1983.0,,1983,,,,,
,Tyre Brady,WR979,,1985.0,,1985,,,,,
,Adrian Killins,RB567,DEN,1987.0,,1987,,,,,
,A.J. Green,WR980,,1989.0,,1989,,,,,
,Jordan Ta'amu,QB280,,1994.0,,1994,,,,,
,Logan Stokes,TE486,,1995.0,,1995,,,,,
,Steven Stilianos,TE487,,1996.0,,1996,,,,,
,Devin Funchess,TE488,,1998.0,,1998,,,,,
,Auden Tate,WR981,,1999.0,,1999,,,,,
,Josh Harper,WR982,,2002.0,,2002,,,,,
,Justin Rohrwasser,K126,,2003.0,,2003,,,,,
,Mike Weber,RB568,,2004.0,,2004,,,,,
,Terrell Newby,RB569,,2005.0,,2005,,,,,
,Vincent Testaverde,QB281,,2006.0,,2006,,,,,
,Broc Rutter,QB282,,2007.0,,2007,,,,,
,T.J. Linta,QB283,,2009.0,,2009,,,,,
,Antoine Wesley,WR983,,2011.0,,2011,,,,,
,Connor Jessop,QB284,,2012.0,,2012,,,,,
,Andrew Bonnet,RB570,,2014.0,,2014,,,,,
,Kennedy Brooks,RB571,,2015.0,,2015,,,,,
,Mikey Daniel,RB572,,2016.0,,2016,,,,,
,Sone Ntoh,RB573,,2017.0,,2017,,,,,
,Spencer Ware,RB574,,2018.0,,2018,,,,,
,Mark Chapman,WR984,,2021.0,,2021,,,,,
,Reggie Brown,WR985,,2022.0,,2022,,,,,
,James Turner,K127,,2023.0,,2023,,,,,
,Taulia Tagovailoa,QB285,,2025.0,,2025,,,,,
,Chase Daniel,QB286,,2026.0,,2026,,,,,
,Mike DiLiello,QB287,,2027.0,,2027,,,,,
,James Franklin,QB288,,2028.0,,2028,,,,,
,Luke Falk,QB289,,2030.0,,2030,,,,,
,Chad Henne,QB290,,2032.0,,2032,,,,,
,Rodney Smith,RB575,,2033.0,,2033,,,,,
,Jerreth Sterns,WR986,,2035.0,,2035,,,,,
,Roman Hemby,RB576,LV,2036.0,,2036,,,,,
,Germone Hopper,WR987,,2038.0,,2038,,,,,
,Connor Neighbors,RB577,,2039.0,,2039,,,,,
,Connor Wedington,WR988,,2040.0,,2040,,,,,
,Devon Johnson,RB578,,2045.0,,2045,,,,,
,Shane Leatherbury,WR989,,2047.0,,2047,,,,,
,Josh Love,QB291,,2050.0,,2050,,,,,
,Deontez Alexander,WR990,,2052.0,,2052,,,,,
,Jose Barbon,WR991,,2054.0,,2054,,,,,
,Tyrell Williams,WR992,,2056.0,,2056,,,,,
,Danny Etling,QB292,,2057.0,,2057,,,,,
,Ventell Bryant,WR993,,2060.0,,2060,,,,,
,Derek Carrier,TE489,,2067.0,,2067,,,,,
,Jalen Williams,WR994,,2070.0,,2070,,,,,
,Trey Wolff,K128,,2071.0,,2071,,,,,
,Wilton Speight,QB293,,2072.0,,2072,,,,,
,Chase Harrell,TE490,,2073.0,,2073,,,,,
,Armanti Foreman,WR995,,2076.0,,2076,,,,,
,Bryan Bennett,QB294,,2077.0,,2077,,,,,
,Colton Theaker,K129,,2078.0,,2078,,,,,
,Darius Jennings,WR996,,2080.0,,2080,,,,,
,Tanner Morgan,QB295,,2083.0,,2083,,,,,
,Mike Johnson,WR997,,2087.0,,2087,,,,,
,Kalif Jackson,TE491,MIA,2089.0,,2089,,,,,
,Damore'ea Stringfellow,WR998,,2090.0,,2090,,,,,
,Gabe Brkic,K130,,2091.0,,2091,,,,,
,DaeSean Hamilton,WR999,,2094.0,,2094,,,,,
,Travis Dye,RB579,,2098.0,,2098,,,,,
,Dan Arnold,TE492,,2100.0,,2100,,,,,
,Golden Tate,WR1000,,2101.0,,2101,,,,,
,Joshua Lingenfelter,TE493,,2102.0,,2102,,,,,
,Kyle Lauletta,QB296,,2103.0,,2103,,,,,
,John Raine,TE494,,2106.0,,2106,,,,,
,Josiah Price,TE495,,2107.0,,2107,,,,,
,Lachlan Pitts,TE496,,2108.0,,2108,,,,,
,Steven Montez,QB297,,2111.0,,2111,,,,,
,Geronimo Allison,WR1001,,2114.0,,2114,,,,,
,Raphael Leonard,WR1002,,2115.0,,2115,,,,,
,Ryan Nall,RB580,,2116.0,,2116,,,,,
,Steven Scheu,TE497,,2120.0,,2120,,,,,
,Nakia Griffin-Stewart,TE498,,2124.0,,2124,,,,,
,J.J. Jones,WR1003,,2126.0,,2126,,,,,
,Joe Bacci,RB581,,2127.0,,2127,,,,,
,Marquez Clark,WR1004,,2128.0,,2128,,,,,
,Brian Riley,WR1005,,2130.0,,2130,,,,,
,Nick Vogel,K131,,2133.0,,2133,,,,,
,Jake Heaps,QB298,,2134.0,,2134,,,,,
,Ted Ginn,WR1006,,2135.0,,2135,,,,,
,Jordan Hudson,WR1007,DAL,2136.0,,2136,,,,,
,Roosevelt Nix,RB582,,2137.0,,2137,,,,,
,Anthony Mahoungou,WR1008,,2139.0,,2139,,,,,
,Damien Caffrey,TE499,,2140.0,,2140,,,,,
,Alex Kessman,K132,CAR,2141.0,,2141,,,,,
,J.J. Koski,WR1009,,2144.0,,2144,,,,,
,Kawaan Baker,WR1010,,2145.0,,2145,,,,,
,J.T. Barrett,QB299,,2149.0,,2149,,,,,
,C.J. Anderson,RB583,,2151.0,,2151,,,,,
,Bucky Hodges,TE500,,2153.0,,2153,,,,,
,Devon Bell,K133,,2154.0,,2154,,,,,
,Floyd Allen,WR1011,,2155.0,,2155,,,,,
,Tevin Coleman,RB584,,2158.0,,2158,,,,,
,DeSean Jackson,WR1012,,2160.0,,2160,,,,,
,Micky Crum,TE501,,2161.0,,2161,,,,,
,Emmanuel Sanders,WR1013,,2163.0,,2163,,,,,
,Roland Rivers,QB300,,2164.0,,2164,,,,,
,Damoun Patterson,WR1014,,2165.0,,2165,,,,,
,Jerry Lovelocke,QB301,,2167.0,,2167,,,,,
,Mohamed Sanu,WR1015,,2169.0,,2169,,,,,
,Dakereon Joyner,WR1016,,2171.0,,2171,,,,,
,Garrett Scantling,WR1017,ATL,2172.0,,2172,,,,,
,Kenny Cook,WR1018,,2174.0,,2174,,,,,
,Praise Olatoke,WR1019,,2177.0,,2177,,,,,
,Tyler Ervin,RB585,,2178.0,,2178,,,,,
,Tyler Ferguson,QB302,,2179.0,,2179,,,,,
,Zach Zenner,RB586,,2180.0,,2180,,,,,
,Chad Williams,WR1020,,2181.0,,2181,,,,,
,Sefo Liufau,QB303,,2185.0,,2185,,,,,
,Stephen Hauschka,K134,,2189.0,,2189,,,,,
,Tyler McCloskey,RB587,,2190.0,,2190,,,,,
,Zach Olstad,RB588,,2193.0,,2193,,,,,
,Valentino Ambrosio,K135,,2195.0,,2195,,,,,
,Kelvin McKnight,WR1021,,2196.0,,2196,,,,,
,Kinkead Dent,QB304,,2197.0,,2197,,,,,
,CJ Marable,RB589,,2202.0,,2202,,,,,
,Darren Carrington,WR1022,,2205.0,,2205,,,,,
,Lamar Miller,RB590,,2206.0,,2206,,,,,
,Matt Bryant,K136,,2207.0,,2207,,,,,
,Jake Burt,TE502,,2209.0,,2209,,,,,
,Justin Manton,K137,,2210.0,,2210,,,,,
,Noah Gindorff,TE503,,2212.0,,2212,,,,,
,Darius Davis,WR1023,,2216.0,,2216,,,,,
,Josh Hammond,WR1024,,2218.0,,2218,,,,,
,Zach Terrell,QB305,BAL,2220.0,,2220,,,,,
,Seth Green,TE504,,2225.0,,2225,,,,,
,Jahwan Edwards,RB591,,2226.0,,2226,,,,,
,Pokey Wilson,WR1025,,2228.0,,2228,,,,,
,Bart Houston,QB306,,2229.0,,2229,,,,,
