Rank,Player,POS,Team,AVG,Expert,Sleeper,ESPN,Yahoo,Underdog,CBS,FFPC
1,Jahmyr Gibbs,RB1,DET,1.0,1,1,1,1,1,1,1
2,Bijan Robinson,RB2,ATL,2.0,2,2,2,2,2,2,2
3,Ja'Marr Chase,WR1,CIN,3.0,3,3,3,3,3,3,3
4,Puka Nacua,WR2,LAR,4.2,4,4,4,4,4,5,4
5,Jaxon Smith-Njigba,WR3,SEA,5.8,6,5,6,8,5,6,5
6,Jonathan Taylor,RB3,IND,6.3,9,7,5,5,8,4,9
7,Christian McCaffrey,RB4,SF,6.5,6,6,7,6,6,7,7
8,Amon-Ra St. Brown,WR4,DET,7.7,7,8,8,7,7,8,8
9,James Cook,RB5,BUF,9.5,10,10,9,9,10,9,10
10,CeeDee Lamb,WR5,DAL,11.3,10,9,11,11,9,14,14
11,Justin Jefferson,WR6,MIN,12.2,11,11,12,13,11,15,11
12,Chase Brown,RB6,CIN,13.3,12,16,13,14,14,11,12
13,Saquon Barkley,RB7,PHI,13.7,14,13,15,10,12,13,19
14,Devon Achane,RB8,MIA,13.8,13,12,10,15,18,10,18
15,Omarion Hampton,RB9,LAC,16.2,14,15,14,16,15,20,17
16,Ashton Jeanty,RB10,LV,16.3,18,14,18,21,16,16,13
17,Kenneth Walker,RB11,KC,16.8,15,19,25,12,13,17,15
18,Derrick Henry,RB12,BAL,17.2,19,20,16,17,17,12,21
19,Brock Bowers,TE1,LV,19.5,21,24,22,19,20,26,6
20,Drake London,WR7,ATL,19.8,19,17,17,20,23,19,23
21,A.J. Brown,WR8,NE,19.8,21,18,19,22,19,21,20
22,Nico Collins,WR9,HOU,22.7,22,25,23,18,21,25,24
23,Trey McBride,TE2,ARI,23.8,27,22,20,29,29,27,16
24,George Pickens,WR10,DAL,24.7,25,23,28,23,24,22,28
25,Chris Olave,WR11,NO,26.7,26,30,24,25,25,29,27
26,Malik Nabers,WR12,NYG,26.8,21,27,33,24,22,30,25
27,Rashee Rice,WR13,KC,27.7,25,28,27,36,26,23,26
28,Jeremiyah Love,RB13,ARI,27.8,31,26,21,32,28,31,29
29,Josh Allen,QB1,BUF,28.5,39,21,26,31,38,18,37
30,Kyren Williams,RB14,LAR,29.7,32,29,34,27,30,24,34
31,DeVonta Smith,WR14,PHI,31.8,30,35,36,26,27,36,31
32,Breece Hall,RB15,NYJ,32.0,30,33,30,30,31,38,30
33,Javonte Williams,RB16,DAL,34.0,32,36,32,35,33,32,36
34,Zay Flowers,WR15,BAL,35.2,33,41,37,33,32,35,33
35,Josh Jacobs,RB17,GB,36.2,52,31,31,44,42,28,41
36,Tee Higgins,WR16,CIN,36.8,34,34,43,28,35,39,42
37,Colston Loveland,TE3,CHI,38.2,40,40,42,37,43,45,22
38,Ladd McConkey,WR17,LAC,38.7,38,38,40,39,34,43,38
39,Emeka Egbuka,WR18,TB,38.8,38,39,38,43,36,42,35
40,Garrett Wilson,WR19,NYJ,39.7,41,45,29,40,39,46,39
41,Tetairoa McMillan,WR20,CAR,40.0,41,37,35,38,41,44,45
42,Travis Etienne,RB18,NO,40.8,42,44,39,41,40,37,44
43,Jaylen Waddle,WR21,DEN,41.8,35,46,45,34,37,49,40
44,Cam Skattebo,RB19,NYG,43.3,45,43,46,49,46,33,43
45,D'Andre Swift,RB20,CHI,44.8,45,55,47,42,45,34,46
46,Bucky Irving,RB21,TB,48.8,44,42,50,53,54,41,53
47,Lamar Jackson,QB2,BAL,49.5,56,32,48,50,57,40,70
48,Tyler Warren,TE4,IND,50.5,58,47,55,47,63,59,32
49,David Montgomery,RB22,HOU,50.7,49,49,53,59,47,48,48
50,Quinshon Judkins,RB23,CLE,50.7,49,53,41,58,55,47,50
51,Luther Burden,WR22,CHI,51.3,49,52,60,45,44,60,47
52,Terry McLaurin,WR23,WAS,51.7,51,56,51,46,48,57,52
53,Davante Adams,WR24,LAR,52.5,48,50,44,57,51,58,55
54,DJ Moore,WR25,BUF,52.7,60,57,56,48,53,53,49
55,Bhayshul Tuten,RB24,JAX,53.0,47,62,49,55,49,52,51
56,Jameson Williams,WR26,DET,54.2,51,58,52,52,50,55,58
57,Rome Odunze,WR27,CHI,58.2,55,65,54,51,59,64,56
58,Jadarian Price,RB25,SEA,59.5,52,67,59,60,60,54,57
59,Drake Maye,QB3,NE,60.2,69,48,58,62,66,51,76
60,Mike Evans,WR28,SF,60.3,59,61,65,61,52,63,60
61,TreVeyon Henderson,RB26,NE,61.0,61,54,63,65,61,62,61
62,Christian Watson,WR29,GB,62.8,61,70,75,54,58,66,54
63,Joe Burrow,QB4,CIN,63.2,71,51,64,64,68,50,82
64,Parker Washington,WR30,JAX,66.8,64,76,76,56,56,78,59
65,Marvin Harrison,WR31,ARI,67.8,64,75,62,69,65,67,69
66,Jayden Daniels,QB5,WAS,68.0,70,64,57,63,69,61,94
67,Carnell Tate,WR32,TEN,69.8,59,66,61,74,62,89,67
68,Jaylen Warren,RB27,PIT,70.8,67,72,77,70,70,68,68
69,Rhamondre Stevenson,RB28,NE,71.3,70,81,67,68,67,74,71
70,Jalen Hurts,QB6,PHI,72.0,79,59,69,66,71,65,102
71,Sam LaPorta,TE5,DET,72.7,84,60,78,71,91,71,65
72,Tucker Kraft,TE6,GB,74.3,78,63,104,67,76,73,63
73,Kyle Pitts,TE7,ATL,75.8,94,69,72,81,102,69,62
74,Brian Thomas,WR33,JAX,76.8,59,73,94,73,64,84,73
75,Harold Fannin,TE8,CLE,77.0,94,68,70,78,105,77,64
76,DK Metcalf,WR34,PIT,77.2,83,74,68,77,73,90,81
77,Tony Pollard,RB29,TEN,77.3,81,84,74,82,77,72,75
78,Dak Prescott,QB7,DAL,80.3,93,78,73,80,79,56,116
79,Rico Dowdle,RB30,PIT,81.0,91,85,82,83,83,75,78
80,Caleb Williams,QB8,CHI,81.8,76,71,99,72,72,70,107
81,Jonathon Brooks,RB31,CAR,82.2,74,106,87,76,75,83,66
82,Courtland Sutton,WR35,DEN,82.8,88,80,71,99,81,79,87
83,Justin Herbert,QB9,LAC,87.5,90,82,86,75,84,87,111
84,George Kittle,TE9,SF,88.2,105,89,81,88,114,85,72
85,Chris Godwin,WR36,TB,88.7,80,95,97,85,85,93,77
86,Michael Wilson,WR37,ARI,89.2,90,83,80,86,92,101,93
87,J.K. Dobbins,RB32,DEN,90.8,84,94,101,84,95,81,90
88,Trevor Lawrence,QB10,JAX,90.8,87,100,89,79,86,76,115
89,Chuba Hubbard,RB33,CAR,91.0,95,77,83,93,98,98,97
90,RJ Harvey,RB34,DEN,91.5,90,79,103,109,88,86,84
91,Alec Pierce,WR38,IND,94.7,93,102,93,98,94,82,99
92,Blake Corum,RB35,LAR,95.5,100,103,109,91,87,103,80
93,Michael Pittman,WR39,PIT,95.8,81,101,66,105,101,113,89
94,Quentin Johnston,WR40,LAC,96.8,83,114,106,94,74,102,91
95,Josh Downs,WR41,IND,97.7,96,108,105,87,82,116,88
96,Kenneth Gainwell,RB36,TB,98.5,107,111,79,115,109,94,83
97,Stefon Diggs,WR42,WAS,99.5,87,110,84,90,93,114,106
98,Jordan Addison,WR43,MIN,102.3,82,104,98,95,89,115,113
99,Jacory Croskey-Merritt,RB37,WAS,103.2,100,113,117,89,100,105,95
100,Jaxson Dart,QB11,NYG,103.5,108,91,85,102,104,106,133
101,Travis Kelce,TE10,KC,103.7,123,92,107,120,124,100,79
102,Makai Lemon,WR44,PHI,103.8,83,86,111,106,80,132,108
103,Kyle Monangai,RB38,CHI,104.7,111,99,100,108,108,108,105
104,Wan'Dale Robinson,WR45,TEN,105.7,98,116,88,110,115,107,98
105,Jordan Mason,RB39,MIN,105.7,93,117,130,103,96,96,92
106,Jayden Reed,WR46,GB,106.5,108,112,121,96,78,128,104
107,Isaiah Likely,TE11,NYG,107.2,134,109,119,121,125,95,74
108,Brock Purdy,QB12,SF,107.8,105,122,102,97,103,91,132
109,Dalton Kincaid,TE12,BUF,108.3,132,87,127,107,120,124,85
110,Dallas Goedert,TE13,PHI,108.7,136,123,114,117,132,80,86
111,Patrick Mahomes,QB13,KC,111.5,109,107,108,119,97,97,141
112,Matthew Golden,WR47,GB,111.7,114,127,96,104,99,134,110
113,Matthew Stafford,QB14,LAR,111.8,114,96,115,112,111,92,145
114,Rachaad White,RB40,WAS,113.3,97,131,92,116,119,122,100
115,Aaron Jones,RB41,MIN,115.3,122,124,90,123,127,111,117
116,De'Zhaun Stribling,WR48,SF,115.3,105,137,123,92,110,118,112
117,KC Concepcion,WR49,CLE,116.7,100,121,133,100,112,125,109
118,Bo Nix,QB15,DEN,116.8,106,120,113,101,106,117,144
119,Jakobi Meyers,WR50,JAX,117.0,122,115,95,125,121,126,120
120,Jake Ferguson,TE14,DAL,118.7,129,98,110,144,136,121,103
121,Jordyn Tyson,WR51,NO,119.7,107,90,170,126,90,146,96
122,Brandon Aubrey,K1,DAL,123.4,,93,118,167,,104,135
123,Mark Andrews,TE15,BAL,123.5,138,129,124,134,133,120,101
124,Jared Goff,QB16,DET,125.7,115,133,129,118,113,109,152
125,Romeo Doubs,WR52,NE,127.2,124,132,125,122,118,139,127
126,Xavier Worthy,WR53,KC,127.5,109,140,122,130,107,142,124
127,Chris Rodriguez,RB42,JAX,129.8,134,142,144,111,123,138,121
128,Houston Texans,DEF1,HOU,131.0,,97,141,155,,,
129,Kyler Murray,QB17,MIN,132.7,118,159,116,114,116,135,156
130,Deebo Samuel,WR54,SF,133.0,116,138,132,150,128,127,123
131,Jalen Coker,WR55,CAR,133.0,124,145,126,113,129,156,129
132,Woody Marks,RB43,HOU,137.8,138,160,134,131,137,137,128
133,Khalil Shakir,WR56,BUF,138.8,139,144,120,139,131,159,140
134,Baker Mayfield,QB18,TB,139.5,132,143,138,135,122,129,170
135,Tyler Allgeier,RB44,ARI,142.3,145,146,145,137,138,152,136
136,Tyjae Spears,RB45,TEN,142.3,171,165,112,140,155,143,139
137,Zach Charbonnet,RB46,SEA,143.2,171,148,131,145,164,140,131
138,Rashid Shaheed,WR57,SEA,144.0,142,147,163,133,135,144,142
139,Jordan Love,QB19,GB,144.8,136,149,156,124,117,149,174
140,Denver Broncos,DEF2,DEN,145.3,,119,143,174,,,
141,Los Angeles Rams,DEF3,LAR,146.7,,88,183,169,,,
142,Juwan Johnson,TE16,NO,146.8,149,187,149,141,140,150,114
143,Keaton Mitchell,RB47,LAC,147.0,144,181,159,127,130,167,118
144,Tyler Shough,QB20,NO,148.5,138,186,128,136,126,153,162
145,Brenton Strange,TE17,JAX,149.3,153,152,160,166,148,148,122
146,MarShawn Lloyd,RB48,GB,149.8,138,198,158,129,142,147,125
147,Mike Washington Jr.,RB49,LV,150.3,125,171,174,128,145,133,151
148,Jonah Coleman,RB50,DEN,152.3,139,169,173,142,143,161,126
149,Jason Myers,K2,SEA,152.6,,125,146,188,,119,185
150,Hunter Henry,TE18,NE,153.0,163,139,153,165,154,170,137
151,Cameron Dicker,K3,LAC,153.4,,118,142,187,,141,179
152,Seattle Seahawks,DEF4,SEA,154.0,,105,182,175,,,
153,Ka'imi Fairbairn,K4,HOU,155.4,,130,148,180,,130,189
154,Denzel Boston,WR58,CLE,155.8,128,166,165,143,139,176,146
155,Travis Hunter,WR59,JAX,158.0,129,167,91,173,161,,198
156,Tank Bigsby,RB51,PHI,159.7,148,177,179,138,151,175,138
157,Malik Willis,QB21,MIA,160.3,139,194,169,132,134,160,173
158,Terrance Ferguson,TE19,LAR,162.4,186,206,162,157,157,,130
159,Alvin Kamara,RB52,NO,164.2,180,161,137,184,188,158,157
160,Jalen McMillan,WR60,TB,164.2,152,210,136,152,158,,165
161,Chig Okonkwo,TE20,WAS,164.6,154,185,216,156,147,,119
162,Philadelphia Eagles,DEF5,PHI,165.3,,126,185,185,,,
163,Isiah Pacheco,RB53,DET,167.2,162,184,135,178,193,154,159
164,Dylan Sampson,RB54,CLE,167.5,165,188,147,182,170,169,149
165,Brian Robinson,RB55,ATL,168.2,173,156,164,161,182,186,160
166,Kenyon Sadiq,TE21,NYJ,169.3,170,153,154,196,178,187,148
167,Dontayvion Wicks,WR61,PHI,169.5,215,,177,154,160,,187
168,Tre Tucker,WR62,LV,169.8,159,202,171,148,149,181,168
169,Daniel Jones,QB22,IND,170.0,161,204,140,164,144,157,211
170,Sam Darnold,QB23,SEA,171.0,160,175,201,151,141,145,213
171,T.J. Hockenson,TE22,MIN,171.3,170,164,150,209,167,195,143
172,Dalton Schultz,TE23,HOU,171.7,167,191,207,149,163,173,147
173,Ja'Kobi Lane,WR63,BAL,172.0,168,157,199,171,150,165,190
174,New England Patriots,DEF6,NE,173.3,,136,187,197,,,
175,Keenan Allen,WR64,IND,173.5,134,197,155,146,153,185,205
176,Jalen Nailor,WR65,LV,174.3,175,182,172,177,152,199,164
177,Baltimore Ravens,DEF7,BAL,174.7,,135,184,205,,,
178,Tyrone Tracy,RB56,NYG,174.8,172,163,241,219,156,136,134
179,Cam Little,K5,JAX,175.6,,134,193,194,,163,194
180,Braelon Allen,RB57,NYJ,176.2,196,205,175,159,183,172,163
181,Pittsburgh Steelers,DEF8,PIT,181.0,,162,181,200,,,
182,Adonai Mitchell,WR66,NYJ,183.0,203,254,167,147,169,,178
183,Ray Davis,RB58,BUF,184.2,196,234,180,153,185,,169
184,Tank Dell,WR67,HOU,185.0,191,176,139,254,180,180,181
185,C.J. Stroud,QB24,HOU,185.3,159,203,200,162,146,164,237
186,Malik Washington,WR68,MIA,186.6,187,174,211,195,173,,180
187,Kaelon Black,RB59,SF,188.0,216,217,213,160,190,177,171
188,Caleb Douglas,WR69,MIA,188.4,176,214,168,170,176,,214
189,AJ Barner,TE24,SEA,188.7,172,183,217,181,175,204,172
190,Jake Bates,K6,DET,189.2,,141,194,228,,166,217
191,Detroit Lions,DEF9,DET,191.0,,154,188,231,,,
192,Jerry Jeudy,WR70,CLE,191.3,195,189,166,193,206,191,203
193,Emmett Johnson,RB60,KC,194.6,189,208,245,168,186,,166
194,Eddy Pineiro,K7,SF,194.8,,193,152,215,,198,216
195,Omar Cooper Jr.,WR71,NYJ,195.4,157,190,209,202,172,,204
196,Ryan Flournoy,WR72,DAL,195.8,188,250,205,163,168,,193
197,Tre Harris,WR73,LAC,195.8,175,251,204,186,162,,176
198,Harrison Mevis,K8,LAR,196.0,,150,191,250,,182,207
199,Oronde Gadsden,TE25,LAC,196.4,168,128,291,216,194,,153
200,Cyrus Allen,WR74,KC,196.6,189,172,295,176,165,,175
201,Los Angeles Chargers,DEF10,LAC,198.0,,178,190,226,,,
202,Will Reichard,K9,MIN,199.8,,170,197,208,,200,224
203,Jauan Jennings,WR75,MIN,201.8,199,196,202,213,174,211,215
204,Kayshon Boutte,WR76,HOU,202.2,168,229,210,172,179,,221
205,Tyler Loop,K10,BAL,204.2,,200,195,203,,203,220
206,Jaylin Noel,WR77,HOU,205.4,219,215,161,191,202,,258
207,Justice Hill,RB61,BAL,205.8,220,,151,256,220,,196
208,Zachariah Branch,WR78,ATL,206.4,194,192,208,214,196,,222
209,Jacksonville Jaguars,DEF11,JAX,206.7,,168,254,198,,,
210,Pat Bryant,WR79,DEN,207.2,216,237,261,158,171,,209
211,Jaydon Blue,RB62,DAL,208.2,201,248,239,222,177,,155
212,Cam Ward,QB25,TEN,208.8,161,240,219,179,159,,247
213,Greg Dulcich,TE26,MIA,209.0,207,247,258,192,187,212,158
214,Nicholas Singleton,RB63,TEN,211.8,184,209,242,204,213,,191
215,Najee Harris,RB64,NYG,212.0,197,220,198,201,203,,238
216,Gunnar Helm,TE27,TEN,212.6,197,256,215,218,197,,177
217,Minnesota Vikings,DEF12,MIN,213.3,,151,300,189,,,
218,Devaughn Vele,WR80,NO,214.6,228,275,178,190,184,,246
219,Harrison Butker,K11,KC,216.0,,173,192,274,,188,253
220,Bryce Young,QB26,CAR,216.4,168,238,218,183,166,,277
221,Kansas City Chiefs,DEF13,KC,221.0,,236,189,238,,,
222,George Holani,RB65,SEA,221.0,225,,247,207,228,,202
223,Evan McPherson,K12,CIN,221.4,,180,256,217,,205,249
224,Rashod Bateman,WR81,BAL,221.8,230,255,176,220,215,,243
225,Jordan James,RB66,SF,222.4,212,,212,278,229,196,197
226,Green Bay Packers,DEF14,GB,223.7,,201,236,234,,,
227,Cairo Santos,K13,CHI,224.0,,258,196,212,,194,260
228,Kaytron Allen,RB67,WAS,224.0,183,273,240,206,219,,182
229,Kimani Vidal,RB68,LAC,224.2,204,266,214,246,209,,186
230,Cooper Kupp,WR82,SEA,225.7,231,225,224,235,216,197,257
231,Calvin Ridley,WR83,TEN,227.3,191,322,157,255,204,193,233
232,Malachi Fields,WR84,NYG,227.6,211,224,264,232,191,,227
233,Chris Boswell,K14,PIT,229.5,,158,237,267,,,256
234,Pat Freiermuth,TE28,PIT,229.8,205,276,206,281,198,,188
235,Demond Claiborne,RB69,MIN,230.6,193,287,243,199,241,,183
236,Fernando Mendoza,QB27,LV,231.8,212,179,268,240,189,,283
237,Cade Otton,TE29,TB,232.2,210,260,260,262,195,210,206
238,Chris Bell,WR85,MIA,232.4,203,279,232,211,199,,241
239,Samaje Perine,RB70,CIN,232.5,224,,223,252,223,,232
240,Chase McLaughlin,K15,TB,232.6,,227,238,264,,209,225
241,Isaac TeSlaa,WR86,DET,233.2,198,232,253,242,205,,234
242,Germie Bernard,WR87,PIT,234.4,196,249,203,261,207,,252
243,James Conner,RB71,ARI,234.8,221,257,249,224,248,208,223
244,Kyle Williams,WR88,,237.0,,,,,237,,
245,Antonio Williams,WR89,WAS,237.2,186,263,233,229,226,,235
246,Seth McGowan,RB72,IND,237.8,235,,251,249,221,,230
247,Darren Waller,TE30,CAR,237.8,249,,259,245,208,,239
248,Jacoby Brissett,QB28,ARI,238.4,201,290,220,210,201,,271
249,Dallas Cowboys,DEF15,DAL,239.3,,199,298,221,,,
250,Sean Tucker,RB73,TB,241.6,180,293,248,236,212,,219
251,Ted Hurst,WR90,TB,242.8,215,274,274,237,200,,229
252,Adam Randall,RB74,BAL,245.0,216,,244,225,267,,244
253,David Njoku,TE31,LAC,245.6,200,207,290,303,210,,218
254,Tyquan Thornton,WR91,KC,246.8,222,,234,227,233,,293
255,Malik Davis,RB75,DAL,250.0,267,,277,239,225,,259
256,Jaylen Wright,RB76,MIA,250.4,239,305,221,251,247,,228
257,Aaron Rodgers,QB29,PIT,250.6,197,244,269,248,181,,311
258,Eli Stowers,TE32,,251.0,233,,,,251,,
259,Tampa Bay Buccaneers,DEF16,TB,252.0,,253,235,268,,,
260,Geno Smith,QB30,NYJ,253.8,213,,267,247,192,,309
261,Michael Penix,QB31,ATL,255.3,240,241,310,253,217,,
262,Evan Engram,TE33,DEN,255.3,235,,289,284,222,,226
263,Andy Borregales,K16,NE,256.3,,155,351,283,,,236
264,Trey Smack,K17,GB,256.8,,213,287,263,,,264
265,Keon Coleman,WR92,BUF,257.0,216,259,252,270,214,,290
266,San Francisco 49ers,DEF17,SF,259.3,,221,297,260,,,
267,Jack Bech,WR93,LV,259.8,217,268,272,233,240,,286
268,Ollie Gordon II,RB77,MIA,261.3,209,,222,277,284,,262
269,Jahan Dotson,WR94,ATL,263.5,291,,228,230,259,,337
270,Indianapolis Colts,DEF18,IND,264.0,,222,299,271,,,
271,Darnell Mooney,WR95,NYG,265.2,185,312,262,241,238,,273
272,Chicago Bears,DEF19,CHI,266.0,,226,285,287,,,
273,DeMario Douglas,WR96,NE,266.0,306,,231,291,224,,318
274,Michael Mayer,TE34,LV,266.0,256,,293,299,227,,245
275,Colby Parkinson,TE35,LAR,266.6,237,319,312,244,218,,240
276,Jelani Baker,WR97,,267.0,,267,,,,,
277,Isaiah Davis,RB78,NYJ,268.8,226,,226,258,295,,296
278,Jake Tonges,TE36,SF,270.2,244,282,311,297,253,,208
279,Camren McDonald,TE37,,272.0,,272,,,,,
280,Tory Horton,WR98,SEA,273.4,222,243,273,295,256,,300
281,Darius Slayton,WR99,NYG,273.8,216,,229,273,257,,336
282,Buffalo Bills,DEF20,BUF,274.7,,216,365,243,,,
283,Xavier Legette,WR100,CAR,274.8,239,,227,266,260,,346
284,Chris Brooks,RB79,GB,276.0,194,,265,280,280,,279
285,Kendre Miller,RB80,NO,276.4,224,233,278,279,289,,303
286,Emari Demercado,RB81,KC,276.5,287,,250,323,278,,255
287,Wil Lutz,K18,DEN,277.0,,323,346,223,,213,280
288,Mason Taylor,TE38,NYJ,278.2,253,231,325,310,249,,276
289,DJ Giddens,RB82,IND,278.8,224,,281,304,263,,267
290,Cleveland Browns,DEF21,CLE,279.0,,355,186,296,,,
291,Mike Gesicki,TE39,CIN,279.0,230,,292,313,230,,281
292,New Orleans Saints,DEF22,NO,279.3,,297,255,286,,,
293,Deshaun Watson,QB32,CLE,280.3,242,,270,302,234,,315
294,Charlie Kolar,TE40,LAC,282.3,217,,390,259,211,,269
295,Emanuel Wilson,RB83,SEA,283.2,225,315,266,275,290,,270
296,Jake Elliott,K19,PHI,283.7,,218,288,345,,,
297,LeQuint Allen,RB84,JAX,286.3,243,,246,332,302,,265
298,Eli Raridon,TE41,NE,287.0,236,,389,272,236,,251
299,Jonathan Adams,WR101,,288.0,,288,,,,,
300,Tua Tagovailoa,QB33,ATL,288.8,223,262,296,292,232,,362
301,Ty Johnson,RB85,BUF,290.8,219,,225,326,318,,294
302,Elijah Arroyo,TE42,SEA,290.8,268,,324,312,255,,272
303,Marvin Mims,WR102,DEN,291.2,284,223,263,336,281,,353
304,Eli Stowers,TE43,PHI,291.5,212,271,330,311,,,254
305,Andrei Iosivas,WR103,CIN,291.5,233,,275,317,235,,339
306,Shedeur Sanders,QB34,CLE,291.6,238,261,301,301,231,,364
307,John Franklin,WR104,,292.0,,292,,,,,
308,Erick All,TE44,CIN,292.8,,,313,314,262,,282
309,Troy Franklin,WR105,DEN,294.6,207,285,371,294,239,,284
310,Carson Beck,QB35,ARI,294.7,245,,316,316,252,,
311,Blake Grupe,K20,IND,296.5,,,349,371,,174,292
312,RJ Mobley,WR106,,298.0,,298,,,,,
313,Atlanta Falcons,DEF23,ATL,298.3,,242,364,289,,,
314,New York Giants,DEF24,NYG,298.3,,270,360,265,,,
315,Cincinnati Bengals,DEF25,CIN,299.0,,281,359,257,,,
316,Chris Swain,RB86,,299.0,,299,,,,,
317,Darnell Washington,TE45,PIT,299.8,249,,314,309,246,,330
318,Dimitri Stanley,WR107,,300.0,,300,,,,,
319,Tahj Brooks,RB87,CIN,300.5,292,,279,269,313,,341
320,Kirk Cousins,QB36,LV,300.5,245,,302,306,245,,349
321,Tanner Gentry,WR108,,301.0,,301,,,,,
322,Bryce Lance,WR109,NO,301.5,222,,384,285,250,,287
323,Xavier Hutchinson,WR110,HOU,301.8,320,,373,288,244,,302
324,D.J. Foster,RB88,,302.0,,302,,,,,
325,Elijah Sarratt,WR111,BAL,303.6,209,245,398,300,243,,332
326,Theo Johnson,TE46,NYG,304.0,249,252,326,330,274,,338
327,Harvey Binford,WR112,,304.0,,304,,,,,
328,Nick Folk,K21,ATL,304.2,,386,257,373,,184,321
329,Trevor Etienne,RB89,CAR,305.7,245,,280,329,308,,
330,Jarveon Howard,RB90,,306.0,,306,,,,,
331,Malik Benson,WR113,LV,306.5,,,374,293,258,,301
332,Shaq Davis,WR114,,307.0,,307,,,,,
333,Kenjon Barner,RB91,,309.0,,309,,,,,
334,Brashard Smith,RB92,KC,309.6,196,235,305,349,349,,310
335,KaVontae Turpin,WR115,DAL,309.7,323,,271,385,273,,
336,Lincoln Sefcik,TE47,,310.0,,310,,,,,
337,Marcus Cooper,RB93,,311.0,,311,,,,,
338,Cade Klubnik,QB37,,312.0,,,,,312,,
339,Mack Hollins,WR116,NE,312.3,243,,284,346,307,,
340,Joshua Palmer,WR117,BUF,313.3,253,,379,290,271,,
341,Jalen Tolbert,WR118,MIA,314.3,281,,230,407,296,,324
342,Calvin Tyler,RB94,,316.0,,316,,,,,
343,Kyle Williams,WR119,NE,316.3,289,228,370,342,,,325
344,Christian Kirk,WR120,SF,317.0,220,284,428,324,275,,274
345,Chimere Dike,WR121,TEN,319.8,219,246,385,322,283,,363
346,Jordan Byrd,WR122,,320.0,,320,,,,,
347,Justin Fields,QB38,KC,320.0,262,,317,356,287,,
348,Josh Adams,RB95,,321.0,,321,,,,,
349,Cole Kmet,TE48,CHI,321.5,270,,327,372,268,,319
350,J.J. McCarthy,QB39,MIN,322.8,258,230,315,396,350,,
351,Elic Ayomanor,WR123,TEN,324.0,213,283,418,319,269,,331
352,Gabe Marks,WR124,,325.0,,325,,,,,
353,JJ Laap,WR125,,326.0,,326,,,,,
354,Carson Meier,TE49,,327.0,,327,,,,,
355,Dawson Knox,TE50,BUF,327.0,270,,323,362,254,,369
356,C.J. Germany,WR126,,329.0,,329,,,,,
357,Marquis Young,RB96,,331.0,,331,,,,,
358,Treylon Burks,WR127,WAS,331.3,282,,377,276,292,,380
359,Brenen Thompson,WR128,LAC,331.3,312,,411,315,282,,317
360,Skyler Bell,WR129,BUF,332.3,226,,408,308,265,,348
361,Savion Williams,WR130,GB,333.3,317,,369,343,288,,
362,Osirus Mitchell,WR131,,334.0,,334,,,,,
363,Jordan Leggett,TE51,,335.0,,335,,,,,
364,Kendrick Bourne,WR132,ARI,335.3,283,,372,340,294,,
365,Matt Seybert,TE52,,336.0,,336,,,,,
366,Colbie Young,WR133,CIN,336.0,,,383,338,264,,359
367,Michael Herzog,RB97,,337.0,,337,,,,,
368,Zavion Thomas,WR134,CHI,337.3,285,,391,344,277,,
369,Carolina Panthers,DEF26,CAR,337.7,,269,362,382,,,
370,Jalen Williams,WR135,,338.0,,338,,,,,
371,Jawhar Jordan,RB98,HOU,338.3,316,,282,334,385,,352
372,Tyler Higbee,TE53,LAR,339.7,304,,331,359,329,,
373,Eric Frohnapfel,TE54,,340.0,,340,,,,,
374,Tyree Mayfield,TE55,,341.0,,341,,,,,
375,Zonovan Knight,RB99,ARI,341.0,349,,306,376,,,
376,Tennessee Titans,DEF27,TEN,341.3,,365,361,298,,,
377,Jalen Hurd,WR136,,342.0,,342,,,,,
378,Tutu Atwell,WR137,LAR,342.7,300,,294,435,299,,
379,Hollywood Brown,WR138,PHI,343.7,238,,397,348,286,,
380,Reggie White,WR139,,344.0,,344,,,,,
381,Joe Flacco,QB40,CIN,344.0,325,,318,388,326,,
382,Cade Peterson,QB41,,345.0,,345,,,,,
383,Matt Colburn,RB100,,346.0,,346,,,,,
384,Mac Jones,QB42,SF,346.0,259,,319,410,309,,
385,Oscar Delp,TE56,NO,346.0,273,,432,320,305,,327
386,Trayone Gray,RB101,,348.0,,348,,,,,
387,Noah Gray,TE57,KC,348.5,284,,329,418,319,,328
388,Isaiah Bond,WR140,CLE,349.3,273,,394,337,317,,
389,JaQuan Hardy,RB102,,350.0,,350,,,,,
390,Jonnu Smith,TE58,GB,351.3,,,393,361,300,,
391,Trenton Cannon,RB103,,352.0,,352,,,,,
392,Darius Davis,WR141,,353.0,,353,,,,,
393,Max Klare,TE59,LAR,353.8,228,308,332,492,321,,316
394,DaVaris Daniels,WR142,,354.0,,354,,,,,
395,Mark McNamee,K22,,356.0,,356,,,,,
396,Chris Smith,RB104,,357.0,,357,,,,,
397,Roman Wilson,WR143,PIT,357.0,337,,406,347,314,,361
398,Kalif Raymond,WR144,CHI,358.3,324,,375,424,276,,
399,Matt Gay,K23,LV,358.7,,349,353,374,,,
400,Devin Gray,WR145,,359.0,,359,,,,,
401,C.J. Daniels,WR146,LAR,359.3,,,451,341,303,,342
402,Tommy Tremble,TE60,CAR,359.3,,,333,402,343,,
403,Leon Johnson,WR147,,360.0,,360,,,,,
404,Devontez Walker,WR148,BAL,362.7,331,,380,398,310,,
405,Briley Moore,TE61,,363.0,,363,,,,,
406,Brandon Aiyuk,WR149,SF,363.6,238,318,565,339,291,,305
407,Riley Patterson,K24,MIA,365.3,,358,352,386,,,
408,Demarcus Robinson,WR150,SF,365.8,340,,455,415,270,,323
409,Ricky Collins,WR151,,367.0,,367,,,,,
410,Luke McCaffrey,WR152,WAS,367.8,217,,427,321,353,,370
411,Marlin Klein,TE62,HOU,369.3,,,468,305,331,,373
412,Luke McNitt,RB105,,371.0,,371,,,,,
413,Alonzo Moore,WR153,,372.0,,372,,,,,
414,Ja'Tavion Sanders,TE63,CAR,372.3,276,,328,397,392,,
415,Steven Montez,QB43,,373.0,,373,,,,,
416,Garrett Gilbert,QB44,,374.0,,374,,,,,
417,Tez Johnson,WR154,TB,374.3,223,,420,399,304,,
418,Olamide Zaccheaus,WR155,ATL,375.3,245,,399,391,336,,
419,Ashton Dulin,WR156,IND,375.3,327,,403,307,416,,
420,Noah Fant,TE64,NO,378.3,294,,392,366,377,,
421,Daniel Carlson,K25,NO,379.5,,,345,414,,,
422,Devin Singletary,RB106,NYG,379.5,195,,545,333,297,,343
423,Arizona Cardinals,DEF28,ARI,380.0,,368,367,405,,,
424,Greg Dortch,WR157,DET,381.0,339,,438,383,322,,
425,Miami Dolphins,DEF29,MIA,382.0,,400,368,378,,,
426,John Paddock,QB45,,383.0,,383,,,,,
427,Tyreek Hill,WR158,,383.8,247,211,836,352,242,,278
428,Jonathan Kim,K26,,385.0,,385,,,,,
429,Washington Commanders,DEF30,WAS,386.0,,,363,409,,,
430,Jahdae Walker,WR159,CHI,386.3,,,472,421,266,,
431,Las Vegas Raiders,DEF31,LV,386.7,,378,366,416,,,
432,Dakota Caton,WR160,,387.0,,387,,,,,
433,Bryce Love,RB107,,388.0,,388,,,,,
434,Devin Neal,RB108,NO,389.0,241,212,735,318,340,,340
435,Jeremiah Haydel,WR161,,389.0,,389,,,,,
436,Kaylon Horton,WR162,,390.0,,390,,,,,
437,T.J. Vasher,WR163,,393.0,,393,,,,,
438,Andrew Peasley,QB46,,394.0,,394,,,,,
439,Elijah Higgins,WR164,ARI,394.0,,,381,427,374,,
440,Chad Ryland,K27,ARI,394.3,,457,356,370,,,
441,Joey Slye,K28,TEN,394.3,,460,355,368,,,
442,Ben Sinnott,TE65,WAS,394.7,,,414,423,347,,
443,Dalton Crossan,RB109,,395.0,,395,,,,,
444,Brandon Brown-Dukes,RB110,,396.0,,396,,,,,
445,Justin Joly,TE66,DEN,396.3,290,,452,462,320,,351
446,Kai Forbath,K29,,397.0,,397,,,,,
447,Martavis Bryant,WR165,,399.0,,399,,,,,
448,Trey Benson,RB111,ARI,401.8,244,328,679,328,366,,308
449,Devin Mahina,TE67,,402.0,,402,,,,,
450,Ben Bryant,QB47,,403.0,,403,,,,,
451,Josh Oliver,TE68,MIN,403.7,,,387,377,447,,
452,Marcus Tucker,WR166,,404.0,,404,,,,,
453,KeAndre Lambert-Smith,WR167,LAC,404.0,,,430,,378,,
454,John Metchie,WR168,CAR,404.0,,,601,404,323,,288
455,Austin Ramesh,RB112,,405.0,,405,,,,,
456,Marquez Clark,WR169,,406.0,,406,,,,,
457,Deontez Alexander,WR170,,407.0,,407,,,,,
458,Austin Walter,RB113,,408.0,,408,,,,,
459,Marcus Mariota,QB48,WAS,408.7,305,,342,533,351,,
460,Jake Herslow,WR171,,409.0,,409,,,,,
461,Steven Scheu,TE69,,410.0,,410,,,,,
462,DeAngelo Hardy,WR172,,411.0,,264,,,558,,
463,Garrett Scantling,WR173,ATL,412.0,,412,,,,,
464,Andre Szmyt,K30,CLE,412.0,,446,357,433,,,
465,Dyami Brown,WR174,WAS,412.0,338,,376,448,412,,
466,Kevin Coleman Jr.,WR175,MIA,412.3,321,,401,573,328,,347
467,Dont'e Thornton,WR176,LV,414.0,,,,,414,,
468,Ryan Fitzgerald,K31,CAR,414.3,,452,354,437,,,
469,Austin Hooper,TE70,ATL,415.6,,558,334,379,442,,365
470,Bryce Williams,TE71,,416.0,,416,,,,,
471,Dylan McDuffie,RB114,,417.0,,417,,,,,
472,Devontae Jackson,RB115,,419.0,,419,,,,,
473,Daniel Bellinger,TE72,TEN,419.0,,,,400,438,,
474,Sam Rogers,RB116,,421.0,,421,,,,,
475,Audric Estime,RB117,NO,421.5,296,265,680,351,390,,
476,Cody Kessler,QB49,,422.0,,422,,,,,
477,DeSean Smith,TE73,,424.0,,424,,,,,
478,Amara Darboh,WR177,,425.0,,425,,,,,
479,Roschon Johnson,RB118,CHI,425.5,,,639,327,407,,329
480,Devlin Hodges,QB50,,426.0,,426,,,,,
481,Frank Gore,RB119,,427.0,,,,,427,,
482,Barion Brown,WR178,NO,427.3,,,441,625,272,,371
483,Jeremy Ruckert,TE74,NYJ,427.3,,,415,534,333,,
484,Matt Colburn,RB120,,428.0,,428,,,,,
485,Dillon Mitchell,WR179,,429.0,,429,,,,,
486,Nate Boerkircher,TE75,JAX,430.3,,,426,477,388,,
487,Will Kacmarek,TE76,MIA,430.5,,,382,523,436,,381
488,Phil Mafah,RB121,DAL,430.5,,,722,335,358,,307
489,Trevor Knight,QB51,,432.0,,432,,,,,
490,La'Damian Webb,RB122,,433.0,,433,,,,,
491,Kaleb Johnson,RB123,PIT,433.8,236,219,283,931,376,,360
492,Jayden Higgins,WR180,HOU,434.0,,195,714,363,699,,199
493,Bart Houston,QB52,,434.0,,434,,,,,
494,Spencer Rattler,QB53,NO,434.3,,,466,440,397,,
495,Ben Koyack,TE77,,435.0,,435,,,,,
496,Tanner Hudson,TE78,CIN,435.3,,,404,395,507,,
497,Odell Beckham,WR181,NYG,436.0,,,417,728,279,,320
498,Michael Colubiale,TE79,,437.0,,437,,,,,
499,Daniel George,WR182,,437.5,,462,413,,,,
500,Brandon Polk,WR183,,438.0,,438,,,,,
501,Mitch Leidner,QB54,,439.0,,439,,,,,
502,Tanner Koziol,TE80,JAX,439.0,,,462,472,383,,
503,Drew Sample,TE81,CIN,439.7,,,386,549,384,,
504,Elijah Holyfield,RB124,,440.0,,440,,,,,
505,Kareem Hunt,RB125,,440.3,300,,846,355,261,,299
506,Sam Roush,TE82,CHI,440.3,,,471,469,381,,
507,Samson Evans,RB126,,441.0,,441,,,,,
508,Jacob Breeland,TE83,,442.0,,442,,,,,
509,Cade Stover,TE84,HOU,445.0,,,395,558,382,,
510,Tyler Bass,K32,BUF,445.3,,401,347,719,,,314
511,Ronald Jones,RB127,,446.5,,324,,,569,,
512,Mitchell Tinsley,WR184,CIN,447.0,,,450,444,,,
513,Treyton Pickering,TE85,,448.0,,448,,,,,
514,Sione Vaki,RB128,DET,448.5,,,687,325,415,,367
515,Emeka Emezie,WR185,,449.0,,449,,,,,
516,Spencer Ware,RB129,,450.0,,450,,,,,
517,RJ Maryland,TE86,GB,450.0,,,,450,,,
518,Calvin Austin,WR186,NYG,451.3,215,,607,375,372,,
519,Germone Hopper,WR187,,453.0,,453,,,,,
520,Quayvon Hicks,RB130,,454.0,,454,,,,,
521,New York Jets,DEF32,NYJ,454.7,,382,286,696,,,
522,Moochie Dixon,WR188,,455.0,,455,,,,,
523,Chase Roberts,WR189,LV,458.0,,458,,,,,
524,Pokey Wilson,WR190,,459.0,,459,,,,,
525,Carson Wentz,QB55,MIN,459.7,,,553,364,462,,
526,Jake Briningstool,TE87,KC,460.5,,,,495,426,,
527,Jordan Whittington,WR191,LAR,460.8,305,,400,824,285,,334
528,Raphael Leonard,WR192,,461.0,,461,,,,,
529,Casey Bauman,QB56,,466.0,,466,,,,,
530,Tre Watson,TE88,KC,466.0,,,,466,,,
531,Praise Olatoke,WR193,,468.0,,468,,,,,
532,John Bates,TE89,WAS,468.0,,,396,565,443,,
533,Ross Martin,K33,,469.0,,469,,,,,
534,Thayer Thomas,WR194,,470.0,,351,,,589,,
535,Cole Hunt,TE90,,470.0,,470,,,,,
536,Devin Carter,WR195,,471.0,,471,,,,,
537,Zach Mathis,WR196,,472.0,,472,,,,,
538,Jalen Royals,WR197,KC,472.0,,,429,607,380,,
539,Luke Musgrave,TE91,GB,472.3,297,,641,438,338,,
540,Martez Carter,RB131,,473.0,,473,,,,,
541,Keith Towbridge,TE92,,474.0,,474,,,,,
542,Taywan Taylor,WR198,,475.0,,475,,,,,
543,Matthew Hibner,TE93,BAL,475.0,,,475,,,,
544,Jaylin Lane,WR199,WAS,475.3,259,,388,699,339,,
545,Temarrick Hemingway,TE94,WAS,476.0,,476,,,,,
546,Jarquez Hunter,RB132,MIA,476.2,294,278,717,781,293,,312
547,Lil'Jordan Humphrey,WR200,DEN,476.3,,,557,417,455,,
548,De'Quan Hampton,WR201,,477.0,,477,,,,,
549,Ty Simpson,QB57,LAR,477.8,266,286,335,975,315,,
550,Mitch Mathews,WR202,,478.0,,478,,,,,
551,John Hoyland,K34,,479.0,,479,,,,,
552,Anthony Ratliff-Williams,WR203,,482.0,,482,,,,,
553,Elijah Marks,WR204,,483.0,,483,,,,,
554,Derrick Dillon,WR205,,484.0,,484,,,,,
555,John Lovett,RB133,,488.0,,488,,,,,
556,Charlie Smyth,K35,NO,488.8,,361,1015,282,,,297
557,Dan Arnold,TE95,,489.0,,489,,,,,
558,Jawon Chisholm,RB134,,490.0,,490,,,,,
559,Sterling Shepard,WR206,HOU,491.0,,689,552,389,334,,
560,Isaiah Williams,WR207,NYJ,491.3,,,402,731,341,,
561,Brian Vogler,TE96,,493.0,,493,,,,,
562,Senorise Perry,RB135,,495.0,,495,,,,,
563,Cole Herdman,TE97,,496.0,,496,,,,,
564,Zach Ertz,TE98,,496.0,,,865,353,422,,344
565,Marshall Lang,TE99,MIN,496.0,,,,496,,,
566,Jimmy Horn Jr.,WR208,CAR,496.7,,,421,725,344,,
567,Jordan Johnson,RB136,,497.0,,497,,,,,
568,Nick Westbrook-Ikhine,WR209,IND,497.0,326,,434,712,345,,
569,Bilal Powell,RB137,,499.0,,499,,,,,
570,Gary Jennings,WR210,LAC,499.5,,413,,586,,,
571,Kaden Wetjen,WR211,PIT,500.0,,,499,638,363,,
572,Jordan Smallwood,WR212,,501.0,,501,,,,,
573,Brian Brown,WR213,,502.0,,502,,,,,
574,Shawn Bowman,TE100,ARI,502.0,,,,502,,,
575,Skyler Howard,QB58,SEA,503.0,,503,,,,,
576,Tyshaun James,WR214,,504.0,,504,,,,,
577,Michael Trigg,TE101,DAL,505.8,,313,790,479,441,,
578,Caleb Shudak,K36,,506.0,,506,,,,,
579,JJ Galbreath,TE102,IND,506.0,,,,506,,,
580,Vinny Anthony II,WR215,ATL,506.0,,,,568,596,,354
581,Travis Fulgham,WR216,,507.0,,507,,,,,
582,Redford Jones,K37,,508.0,,508,,,,,
583,Hunter Thedford,TE103,,509.0,,509,,,,,
584,Ko Kieft,TE104,TB,509.7,,,463,528,538,,
585,Jon Hilliman,RB138,,510.0,,510,,,,,
586,Dominic Zvada,K38,NYG,511.0,,464,348,860,,,372
587,Kyle Juszczyk,RB139,SF,513.0,,,378,833,458,,383
588,Malachi Corley,WR217,CLE,514.0,,289,440,838,489,,
589,Christian Sims,TE105,,514.0,,514,,,,,
590,Mitchell Evans,TE106,CAR,514.0,,,719,420,403,,
591,Josh Cameron,WR218,JAX,514.7,,,519,688,337,,
592,Xavier Johnson,WR219,CIN,515.0,,445,,585,,,
593,Jaleel McLaughlin,RB140,DEN,515.5,295,,662,556,486,,358
594,Roman Hemby,RB141,,515.7,,,,774,423,,350
595,Luke Lundy,RB142,,516.0,,516,,,,,
596,Ian Thomas,TE107,LV,516.0,,,484,537,527,,
597,Kendal Thompson,WR220,,517.0,,517,,,,,
598,Luke Schoonmaker,TE108,DAL,517.3,310,,409,697,446,,
599,Konata Mumpfield,WR221,LAR,518.7,244,,405,827,324,,
600,Justin Stockton,RB143,,519.0,,519,,,,,
601,Dylan Laube,RB144,LV,519.3,,,307,1008,405,,357
602,Jackson Hawes,TE109,BUF,520.0,,918,412,408,342,,
603,Mo Alie-Cox,TE110,IND,521.0,343,728,410,542,404,,
604,Devin Culp,TE111,TB,522.3,,447,686,460,496,,
605,Darius Cooper,WR222,PHI,523.0,,,479,730,360,,
606,Davis Mills,QB59,HOU,524.3,,,482,834,399,,382
607,Jameis Winston,QB60,NYG,524.3,303,,336,921,316,,
608,Josh Babicz,TE112,,525.0,,525,,,,,
609,Anthony Richardson,QB61,IND,525.3,253,,337,891,348,,
610,Reggie Virgil,WR223,ARI,525.7,,,488,636,453,,
611,Daniel Brown,TE113,,526.0,,526,,,,,
612,Deion Burks,WR224,IND,526.0,,,,659,393,,
613,David Sills,WR225,TB,526.8,,524,600,532,451,,
614,Ryan Coe,K39,,527.0,,527,,,,,
615,Bryce Pierre,TE114,,527.0,,,,527,,,
616,James Washington,WR226,,528.0,,415,,,641,,
617,Jake Moody,K40,,528.0,,436,939,360,,,377
618,Trey Potts,RB145,,528.0,,528,,,,,
619,Isaac Guerendo,RB146,SF,528.0,230,,304,941,491,,376
620,Isaiah Hodgins,WR227,NYG,529.7,,,572,538,479,,
621,Kenneth Harper,RB147,,530.0,,530,,,,,
622,Jason Sanders,K41,NYJ,530.5,,,358,703,,,
623,Raheim Sanders,RB148,CLE,530.7,350,,744,331,517,,
624,Kevin Austin,WR228,NO,532.7,,,704,392,502,,
625,Chris Moore,WR229,BAL,533.3,,,524,551,525,,
626,Will Shipley,RB149,PHI,533.7,298,,276,946,379,,
627,Maxx Williams,TE115,,534.0,,534,,,,,
628,Taysom Hill,TE116,,535.7,346,,814,369,424,,
629,Drew Estrada,WR230,,536.0,,536,,,,,
630,Theo Riddick,RB150,,537.5,,485,,,590,,
631,Jake Roh,TE117,,539.0,,539,,,,,
632,Rasheen Ali,RB151,BAL,540.3,,,308,938,375,,
633,Efton Chism,WR231,NE,541.3,,,448,814,362,,
634,Van Jefferson,WR232,WAS,541.8,,771,568,419,409,,
635,Beau Corrales,WR233,,543.0,,543,,,,,
636,Corey Acosta,K42,,544.0,,544,,,,,
637,Mitch Van Vooren,WR234,DAL,544.0,,624,,464,,,
638,Jordan Ellis,RB152,,546.0,,546,,,,,
639,Robert Burns,RB153,,547.0,,547,,,,,
640,Elijhah Badger,WR235,,547.0,,,,,547,,
641,Brevyn Spann-Ford,TE118,DAL,548.0,,,454,804,386,,
642,Hunter Long,TE119,JAX,548.0,,,585,406,653,,
643,Devron Harper,WR236,,549.0,,549,,,,,
644,James Mitchell,TE120,CAR,549.3,,,617,476,555,,
645,William Thompson,QB62,,550.0,,550,,,,,
646,Alexander Hollins,WR237,,551.0,,551,,,,,
647,Ben Sims,TE121,MIA,551.5,,619,439,543,605,,
648,Jordan Franks,TE122,,552.0,,552,,,,,
649,Charles McClelland,RB154,,553.0,,553,,,,,
650,Lance Mason,TE123,PIT,553.0,,760,,455,444,,
651,Shane Zylstra,TE124,BUF,554.3,,,597,530,536,,
652,J'Mari Taylor,RB155,JAX,554.5,,,,782,327,,
653,Sam Schnee,WR238,,555.0,,555,,,,,
654,Spencer Shrader,K43,IND,555.8,,492,1009,354,,,368
655,Robert Henry Jr.,RB156,WAS,555.8,,743,,780,365,,335
656,Sy Barnett,WR239,,556.0,,556,,,,,
657,Tim Patrick,WR240,NYJ,556.8,,779,549,426,473,,
658,Alex Tanney,QB63,,557.0,,557,,,,,
659,Ricky Pearsall,WR241,SF,557.8,,296,678,358,1182,,275
660,Jordan Moore,WR242,CIN,558.7,,411,,685,580,,
661,Theo Wease Jr.,WR243,MIA,559.3,341,,743,691,481,,322
662,Jason Vander Laan,TE125,,560.0,,560,,,,,
663,Matt LaCosse,TE126,NE,560.0,,,,,560,,
664,Tyler Johnson,WR244,DAL,560.5,,749,567,425,501,,
665,Breshad Perriman,WR245,,561.0,,,,,561,,
666,Cephus Johnson,WR246,,561.5,,294,,,829,,
667,Coleman Owen,WR247,IND,563.0,,295,771,623,,,
668,Jarius Wright,WR248,,563.0,,563,,,,,
669,Tyler Badie,RB157,DEN,563.3,,,309,894,487,,
670,Kayron Lynch-Adams,RB158,,564.0,,512,,,616,,
671,Jason Moore,WR249,,566.0,,566,,,,,
672,Kenyan Drake,RB159,,567.0,,467,,,667,,
673,Lamar Jordan,QB64,,567.0,,567,,,,,
674,Aaron Parker,WR250,,569.0,,569,,,,,
675,Tyson Bagent,QB65,CHI,569.7,,,343,1014,352,,
676,Nick Muse,TE127,ATL,571.0,,,616,491,606,,
677,Jeremy McNichols,RB160,WAS,572.0,,,536,705,475,,
678,Jack Endries,TE128,CIN,572.7,,,780,501,437,,
679,Ryan Izzo,TE129,,573.0,,573,,,,,
680,Jacob Cowing,WR251,SF,575.7,,,513,797,417,,
681,Younghoe Koo,K44,,577.0,,443,854,434,,,
682,Hale Hentges,TE130,,577.0,,577,,,,,
683,Luke Farrell,TE131,SF,577.0,,662,459,711,476,,
684,Durham Smythe,TE132,BAL,579.0,,,419,841,477,,
685,Ahmad Fulwood,WR252,,580.0,,580,,,,,
686,Chase Roberts,WR253,,580.5,,,,661,500,,
687,Mik'Quan Deane,TE133,,581.0,,581,,,,,
688,Cole Burgess,WR254,PIT,582.0,,,,582,,,
689,Marquez Valdes-Scantling,WR255,DAL,582.3,,986,551,446,346,,
690,Chris Thompson,RB161,,584.0,,584,,,,,
691,Josh Williams,RB162,TB,586.0,,830,322,773,419,,
692,Tyler Huntley,QB66,BAL,586.3,,,473,890,396,,
693,Jordan Watkins,WR256,SF,587.7,,,721,678,364,,
694,Xavier Jones,RB163,,588.0,,588,,,,,
695,Jack Heneghan,QB67,,590.0,,590,,,,,
696,Jeremiah Webb,WR257,NE,591.0,,615,,567,,,
697,Caleb Huntley,RB164,,591.0,,,,,591,,
698,Mark Walton,RB165,,592.0,,592,,,,,
699,Shae Wyatt,WR258,,593.0,,593,,,,,
700,Tommy DeVito,QB68,NE,593.0,,,341,973,465,,
701,Joe Mixon,RB166,,594.0,,239,835,381,921,,
702,Aldrick Rosas,K45,,594.0,,594,,,,,
703,Jam Miller,RB167,NE,594.0,,,782,783,456,,355
704,Kyric McGowan,WR259,,595.0,,,,,595,,
705,Tip Reiman,TE134,ARI,595.7,,,480,836,471,,
706,K.J. Costello,QB69,,597.0,,597,,,,,
707,Drake Dabney,TE135,GB,599.0,,529,770,498,,,
708,David Fales,QB70,,599.0,,599,,,,,
709,Jarrett Stidham,QB71,DEN,600.3,,,338,997,466,,
710,Payne Durham,TE136,TB,602.0,,793,431,829,355,,
711,Bryan Thompson,WR260,,602.5,,582,,,623,,
712,Trinidad Chambliss,QB72,,603.0,,,,,603,,
713,Sam Pitz,TE137,,604.5,,494,,,715,,
714,Mason Pline,TE138,KC,604.5,,,,521,688,,
715,Chris Brazzell II,WR261,CAR,605.3,,518,775,693,435,,
716,Lucas Krull,TE139,DEN,605.7,,,633,830,354,,
717,Zack Kuntz,TE140,DAL,606.3,,,655,493,671,,
718,Nikola Kalinic,TE141,CHI,607.0,,420,631,468,909,,
719,Robert Turbin,RB168,,607.0,,607,,,,,
720,David Moore,WR262,CAR,607.0,,816,547,544,521,,
721,Savon Scarver,WR263,,608.0,,608,,,,,
722,Xavier Smith,WR264,LAR,608.0,,772,443,826,391,,
723,Milton Wright,WR265,,610.0,,610,,,,,
724,Jaren Kanak,TE142,TEN,612.5,,734,777,494,445,,
725,Nate Adkins,TE143,DEN,612.8,,967,424,552,508,,
726,Connor Neighbors,RB169,,613.0,,613,,,,,
727,Scotty Washington,WR266,,614.0,,,,,614,,
728,Ryan Willis,QB73,,616.0,,616,,,,,
729,James Franklin,QB74,,617.0,,617,,,,,
730,Kisean Johnson,WR267,GB,617.0,,,,617,,,
731,Johnny Mundt,TE144,PHI,618.3,,375,486,713,899,,
732,Dare Ogunbowale,RB170,LV,618.3,,,534,915,406,,
733,Stone Smartt,TE145,PHI,618.3,,,637,709,509,,
734,Traeshon Holden,WR268,,619.5,,,,676,563,,
735,Deante' Gray,WR269,,621.0,,621,,,,,
736,Jacques Patrick,RB171,,621.0,,,,,621,,
737,Maurice Alexander,WR270,CHI,621.7,,,638,595,632,,
738,Ross Travis,TE146,,622.0,,622,,,,,
739,Eric Rivers,WR271,TB,622.0,,748,,669,449,,
740,John Michael Gyllenborg,TE147,KC,622.0,,909,,507,450,,
741,Thomas Yassmin,TE148,GB,622.0,,973,,526,367,,
742,Luke Floriea,WR272,CLE,622.0,,,,622,,,
743,Quinn Ewers,QB75,MIA,622.3,,,496,907,464,,
744,Xavier Ubosi,WR273,,623.0,,623,,,,,
745,Myles Price,WR274,MIN,623.0,,,506,934,429,,
746,Nick Kallerup,TE149,SEA,623.0,,,757,489,,,
747,Foster Moreau,TE150,HOU,623.3,,1047,423,545,478,,
748,Henry Pearson,RB172,,623.5,,280,967,,,,
749,KJ Hamler,WR275,,624.0,,,,,624,,
750,Jalen Simmons,RB173,,625.0,,625,,,,,
751,Phillip Dorsett,WR276,LV,625.3,,,538,631,707,,
752,Arian Smith,WR277,NYJ,626.0,,,502,884,492,,
753,Salvon Ahmed,RB174,CHI,626.4,,1062,574,749,368,,379
754,Devontres Dukes,WR278,,627.0,,627,,,,,
755,Jordan Akins,TE151,,627.7,,463,795,,625,,
756,Mike DiLiello,QB76,,628.0,,628,,,,,
757,Blake Whiteheart,TE152,CLE,628.7,,,494,873,519,,
758,Jamaal Pritchett,WR279,NYJ,630.7,,431,,624,837,,
759,Caleb Lohner,TE153,DEN,630.7,,,730,518,644,,
760,Mike Bercovici,QB77,,631.0,,631,,,,,
761,Thaddeus Moss,TE154,,631.0,,712,,,550,,
762,Ben DiNucci,QB78,,631.0,,,,,631,,
763,Jelani Woods,TE155,NYJ,631.3,,291,606,511,1117,,
764,Justin Johnson,TE156,,631.5,,430,,,833,,
765,Pharaoh Brown,TE157,IND,632.3,,,561,553,783,,
766,Dont'e Thornton Jr.,WR280,LV,632.5,272,,437,828,,,
767,Chris Manhertz,TE158,NYG,632.8,,956,498,540,537,,
768,Leroy Watson,TE159,,633.0,,,,,633,,
769,Kyle Sloter,QB79,,634.0,,634,,,,,
770,John Robinson-Woodgett,RB175,,635.0,,635,,,,,
771,Jakeem Grant,WR281,,635.0,,,,,635,,
772,Tre Stewart,RB176,ARI,635.7,,570,,765,572,,
773,Kairee Robinson,RB177,,636.0,,636,,,,,
774,Derius Davis,WR282,LAC,636.3,,,442,926,541,,
775,Quintin Morris,TE160,JAX,636.3,,,626,795,488,,
776,David Porter,WR283,,637.0,,637,,,,,
777,Bryson Green,WR284,,637.0,,,,637,,,
778,Eric Dungey,QB80,,639.0,,639,,,,,
779,Easop Winston,WR285,,639.0,,,,,639,,
780,Zay Jones,WR286,HOU,639.3,,1086,550,550,371,,
781,Kendrick Law,WR287,DET,639.7,,,776,575,568,,
782,Kaden Smith,TE161,,640.0,,,,,640,,
783,Kendall Blanton,TE162,,640.5,,694,,,587,,
784,Andrew Ogletree,TE163,IND,640.5,,,469,812,,,
785,Tyrell Shavers,WR288,BUF,641.3,,1149,444,442,530,,
786,John Jiles,WR289,,642.0,,,,642,,,
787,Taylor Grimes,WR290,,643.0,,643,,,,,
788,Riley Leonard,QB81,IND,643.0,342,,458,1010,461,,
789,Lucas Scott,RB178,BAL,643.5,,554,,733,,,
790,Elijah Cooks,WR291,CAR,643.7,,,667,588,676,,
791,Ross Dwelley,TE164,,644.0,,576,804,,552,,
792,Ronnie Rivers,RB179,LAR,644.0,,,630,943,359,,
793,Tanner McKee,QB82,PHI,644.3,,,453,1017,463,,
794,Jeshaun Jones,WR292,MIN,644.5,,366,522,618,1072,,
795,Trey Lance,QB83,LAC,644.7,,,457,1020,457,,
796,Justin Sinz,TE165,,646.0,,646,,,,,
797,Noah Brown,WR293,,646.0,,1012,792,445,335,,
798,Deshaun Fenwick,RB180,,646.0,,,,,646,,
799,Antwane Wells Jr.,WR294,ATL,647.0,,,,647,,,
800,Nick Williams,WR295,DEN,647.0,,,,,647,,
801,Davis Allen,TE166,LAR,647.5,,1240,422,422,506,,
802,Ventell Bryant,WR296,,648.0,,648,,,,,
803,Zamir White,RB181,NO,648.0,,997,605,902,361,,375
804,Marquise Williams,QB84,,649.0,,649,,,,,
805,Qadir Ismail,WR297,CHI,649.0,,767,,531,,,
806,Damien Martinez,RB182,GB,649.3,,,729,734,485,,
807,Antonio Gibson,RB183,,649.3,,,890,431,627,,
808,Dae'quan Wright,TE167,,649.7,,583,,519,847,,
809,Mathieu Severance,RB184,,650.0,,650,,,,,
810,Derek Carr,QB85,,651.0,,,863,,439,,
811,Teagan Quitoriano,TE168,ARI,651.7,,,612,504,839,,
812,Treyton Welch,TE169,NO,652.8,,414,755,463,979,,
813,Shawn Poindexter,WR298,,653.0,,653,,,,,
814,LaJohntay Wester,WR299,BAL,653.7,,,507,920,534,,
815,Brittain Brown,RB185,CHI,653.7,,,621,741,599,,
816,Jerry Lovelocke,QB86,,654.0,,654,,,,,
817,Mason Tipton,WR300,NO,654.0,,659,433,839,685,,
818,Jalen Cropper,WR301,NO,655.0,,,708,602,,,
819,Anthony Tyus,RB186,CAR,655.7,,806,,736,425,,
820,Tanner Morgan,QB87,,656.0,,,,,656,,
821,Dante Miller,RB187,,656.3,,498,693,778,,,
822,Jacoby Jones,WR302,WAS,656.3,,605,765,599,,,
823,Mitchell Trubisky,QB88,TEN,657.0,,,493,1011,467,,
824,Eli Pancol,WR303,IND,657.0,,,,621,693,,
825,Eric Saubert,TE170,SEA,658.8,,817,477,831,510,,
826,Gabe Nabers,RB188,,660.0,,660,,,,,
827,Anthony Gould,WR304,IND,660.0,,,511,937,532,,
828,Nikko Remigio,WR305,KC,660.7,,,510,928,544,,
829,Hayden Rucci,TE171,SF,660.7,,,762,485,735,,
830,J.J. Taylor,RB189,,661.0,,330,899,,754,,
831,Jordan Mims,RB190,PHI,661.0,,589,674,807,574,,
832,Marcedes Lewis,TE172,,661.0,,724,815,456,649,,
833,Dante Pettis,WR306,BUF,661.0,,795,548,811,490,,
834,Kevin Harris,RB191,,661.0,,,,,661,,
835,Quincy Skinner,WR307,NYJ,661.5,,656,,667,,,
836,Samson Nacua,WR308,,662.0,,,,,662,,
837,Kylen Granson,TE173,TEN,662.8,,686,590,846,529,,
838,Jack Podlesny,K46,,663.0,,663,,,,,
839,Devin Duvernay,WR309,ARI,663.3,,,515,932,543,,
840,Mario Williams,WR310,,663.5,,,,603,724,,
841,Luke Drzewiecki,K47,,664.0,,465,,863,,,
842,Bug Howard,TE174,,664.0,,664,,,,,
843,KJ Hill,WR311,LAC,665.0,,665,,,,,
844,Tyree Jackson,TE175,,665.5,,535,878,478,771,,
845,Kearis Jackson,WR312,,666.0,,377,962,,659,,
846,Gerald Everett,TE176,,666.0,,531,825,,642,,
847,Reggie Bonnafon,RB192,,666.0,,666,,,,,
848,Micah Bernard,RB193,,666.0,,,,,666,,
849,Shane Buechele,QB89,BUF,666.5,,481,628,974,583,,
850,Krishawn Hogan,WR313,,669.0,,669,,,,,
851,Makai Polk,WR314,,669.5,,381,,,958,,
852,Kye Robichaux,RB194,,669.5,,596,,743,,,
853,C.J. Worton,WR315,,670.0,,670,,,,,
854,Anthony Jones,RB195,,672.0,,672,,,,,
855,Jake Browning,QB90,TB,672.0,,,340,707,969,,
856,Albert Okwuegbunam,TE177,LV,672.0,,,569,453,994,,
857,Joe Milton,QB91,DAL,672.0,,,691,1019,306,,
858,Austin Mack,WR316,,673.0,,,,,673,,
859,Mason Rudolph,QB92,PIT,673.3,,,535,1016,469,,
860,Pete Guerriero,RB196,,674.0,,,,,674,,
861,Feleipe Franks,TE178,CAR,674.7,,,593,892,539,,
862,Adam Choice,RB197,,675.0,,675,,,,,
863,Tyler Conklin,TE179,DET,675.5,,1404,467,413,418,,
864,Zane Gonzalez,K48,,676.5,,,996,357,,,
865,Stetson Bennett,QB93,LAR,676.7,,,644,966,420,,
866,Jeff Smith,WR317,,677.0,,513,,,841,,
867,Jordan Reed,TE180,,677.0,,677,,,,,
868,Raleigh Webb,WR318,,677.0,,,,,677,,
869,JuJu Smith-Schuster,WR319,,678.3,348,,841,428,766,,
870,Terion Stewart,RB198,,679.0,,642,,785,610,,
871,Le'Veon Moss,RB199,,679.0,,,,739,619,,
872,Julius Chestnut,RB200,TEN,679.7,,,624,1004,411,,
873,Chase Cota,WR320,,680.0,,604,,,756,,
874,Andy Dalton,QB94,PHI,680.0,,,554,1018,468,,
875,Will Levis,QB95,TEN,680.3,,,642,940,459,,
876,Cam Grandy,TE181,CIN,680.7,,,707,546,789,,
877,Sage Surratt,TE182,,681.0,,332,,,1030,,
878,Jarvion Franklin,RB201,,682.0,,682,,,,,
879,Dameon Pierce,RB202,PHI,682.0,332,,603,929,514,,
880,Charlie Woerner,TE183,ATL,682.3,,1072,485,816,356,,
881,Kahlil Lewis,WR321,,683.0,,683,,,,,
882,Joshua Simon,TE184,ATL,683.7,,538,,481,1032,,
883,Vance McDonald,TE185,,684.0,,684,,,,,
884,Quez Watkins,WR322,PHI,684.3,,,570,609,874,,
885,Carlos Washington,RB203,MIA,685.0,,364,706,788,882,,
886,Matt Bryant,K49,,685.0,,685,,,,,
887,Dezmon Patmon,WR323,,687.0,,,,,687,,
888,Taylen Green,QB96,CLE,687.3,,,779,958,325,,
889,Adam Trautman,TE186,DEN,687.8,,1481,407,411,452,,
890,E.J. Jenkins,TE187,PHI,688.7,,,710,470,886,,
891,Eric McAlister,WR324,,689.0,,,,,689,,
892,Brock Wright,TE188,DET,690.0,,1566,425,380,389,,
893,Dillon Gabriel,QB97,CLE,690.3,,,715,954,402,,
894,Dontae Fleming,WR325,MIN,691.0,,586,,611,876,,
895,Ryan Finley,QB98,,692.0,,692,,,,,
896,Craig Reynolds,RB204,WAS,692.5,,735,562,953,520,,
897,Samori Toure,WR326,PHI,692.7,,,618,594,866,,
898,Kaden Prather,WR327,GB,692.7,,,728,690,660,,
899,Brevin Jordan,TE189,HOU,692.8,,1147,588,525,511,,
900,Kenji Bahar,QB99,,693.0,,693,,,,,
901,Jalin Hyatt,WR328,NYG,693.3,,,645,897,853,,378
902,Zaire Mitchell-Paden,TE190,NO,694.0,,,760,482,840,,
903,Michael Gallup,WR329,,694.0,,,,,694,,
904,Manny Wilkins,QB100,,696.0,,696,,,,,
905,Jake Bobo,WR330,SEA,696.0,,,668,896,524,,
906,Cam Camper,WR331,NYJ,696.0,,,,684,708,,
907,Jordan Hudson,WR332,,696.0,,,,689,703,,
908,Jake Funk,RB205,,696.5,,602,,,791,,
909,Ameer Abdullah,RB206,JAX,697.0,,916,540,817,515,,
910,Gunner Olszewski,WR333,NYG,697.0,,,558,819,714,,
911,Paul Richardson,WR334,,697.0,,,,,697,,
912,Wilton Speight,QB101,,698.0,,698,,,,,
913,Michael Bandy,WR335,DEN,698.7,,,521,698,877,,
914,Donald Parham,TE191,,698.7,,,883,529,684,,
915,CJ Dippre,TE192,NE,698.8,,884,460,449,1002,,
916,Montrell Johnson,RB207,,699.5,,,,771,628,,
917,Mason Kinsey,WR336,TEN,699.7,,,523,901,675,,
918,Aleva Hifo,WR337,,700.0,,700,,,,,
919,Josh Johnson,QB102,CIN,700.5,,761,556,1013,472,,
920,Mac Dalena,WR338,,701.0,,633,,589,881,,
921,Trevon Bradford,WR339,,701.0,,701,,,,,
922,Russell Gage,WR340,,701.0,,,798,,604,,
923,Marcus Yarns,RB208,,701.0,,,,,701,,
924,Gage Larvadain,WR341,CLE,701.5,,,516,887,,,
925,Jalen Reagor,WR342,MIA,702.3,,572,508,720,1009,,
926,Dakereon Joyner,WR343,,703.0,,703,,,,,
927,Joe Royer,TE193,CLE,703.3,,1483,435,522,373,,
928,Haynes King,QB103,CAR,704.0,,,,980,428,,
929,Kameron Johnson,WR344,TB,704.5,,,501,908,,,
930,Preston Williams,WR345,,705.0,,705,,,,,
931,Hassan Hall,RB209,,705.0,,,,,705,,
932,D'Ernest Johnson,RB210,TEN,705.3,,595,559,947,720,,
933,Brett Hundley,QB104,,706.0,,706,,,,,
934,Armani Rogers,TE194,,706.0,,,,,706,,
935,Montorie Foster,WR346,SEA,706.3,,1117,,632,370,,
936,A.T. Perry,WR347,,706.8,,750,952,571,554,,
937,D'Vonte Price,RB211,,707.0,,707,,,,,
938,Diontae Spencer,WR348,,708.0,,708,,,,,
939,Eric Gray,RB212,NYG,708.3,,,651,837,637,,
940,Ben Yurosek,TE195,MIN,708.3,,,754,843,528,,
941,Garrett Walston,TE196,,709.0,,709,,,,,
942,Jack Stoll,TE197,CLE,709.3,,937,596,810,494,,
943,Ty Chandler,RB213,NO,709.7,,,614,820,695,,
944,Mark Thompson,RB214,,710.0,,710,,,,,
945,Dalevon Campbell,WR349,LAC,710.5,,,773,648,,,
946,Peter Pujals,QB105,,711.0,,711,,,,,
947,Stephen Anderson,TE198,,711.0,,,,,711,,
948,Messiah Swinson,TE199,GB,711.7,,398,,459,1278,,
949,Stephen Gosnell,WR350,BUF,712.5,,845,,580,,,
950,Jalen Milroe,QB106,SEA,712.7,,,716,1028,394,,
951,Sean McKeon,TE200,IND,712.7,,,901,510,727,,
952,Dion Lewis,RB215,,713.0,,713,,,,,
953,Caden Prieskorn,TE201,CAR,713.3,,687,,480,973,,
954,Javess Blue,WR351,,714.0,,714,,,,,
955,British Brooks,RB216,HOU,714.0,,,505,923,,,
956,Will Ferrin,K50,,715.0,,574,,856,,,
957,C.J. Prosise,RB217,,715.0,,715,,,,,
958,Matt Landers,WR352,,715.0,,855,,,575,,
959,Jimmy Holiday,WR353,KC,716.0,,789,769,590,,,
960,Will Howard,QB107,PIT,716.3,,,737,964,448,,
961,Jalen Richard,RB218,LV,718.0,,491,,,945,,
962,Tyrod Taylor,QB108,GB,718.5,347,1215,461,803,395,,
963,Demetric Felton,RB219,,719.0,,,,,719,,
964,Dylan Cantrell,TE202,,720.0,,720,,,,,
965,Sincere McCormick,RB220,SF,721.7,,,700,563,902,,
966,Dan Vitale,RB221,,722.0,,722,,,,,
967,Cade York,K51,,723.7,,456,922,793,,,
968,Brandon Allen,QB109,NYG,725.0,,,532,993,650,,
969,Tarik Cohen,RB222,,725.0,,,,,725,,
970,Eric Wallace,TE203,,726.0,,726,,,,,
971,James O'Shaughnessy,TE204,,726.0,,,,,726,,
972,Frank Gore Jr.,RB223,BUF,726.5,,,709,744,,,
973,Lawrence Keys,WR354,,726.5,,,,641,812,,
974,Dylan Drummond,WR355,ATL,726.8,,317,677,870,1043,,
975,Gabe Davis,WR356,,727.0,,585,894,403,1026,,
976,Jake Rudock,QB110,,727.0,,727,,,,,
977,Derrick Gore,RB224,,728.0,,,,,728,,
978,Taylor Bertolet,K52,,731.0,,731,,,,,
979,Alex Ellis,TE205,,732.0,,732,,,,,
980,Drew Stevens,K53,WAS,732.0,,984,350,862,,,
981,Tommy Sweeney,TE206,,732.0,,,,,732,,
982,Tyler Goodson,RB225,ATL,732.5,,1494,673,350,413,,
983,Cade Klubnik,QB111,NYJ,732.5,295,,487,978,,,
984,KhaDarel Hodge,WR357,SF,734.0,,,537,905,760,,
985,Tru Edwards,WR358,LAR,734.5,,,,649,820,,
986,Emmanuel Henderson Jr,WR359,SEA,734.7,,,789,664,751,,
987,Cornelius Johnson,WR360,BAL,735.0,,,684,654,867,,
988,Khalil Herbert,RB226,SF,735.3,,,587,930,1098,,326
989,Trenton Irwin,WR361,SF,735.5,,641,564,798,939,,
990,Irvin Charles,WR362,SEA,736.0,,,666,806,,,
991,Jerick McKinnon,RB227,,736.0,,,,,736,,
992,Michael Carter,RB228,TEN,736.3,,1518,578,367,482,,
993,Austin Watkins,WR363,,737.0,,369,,,1105,,
994,Ryan Griffin,TE207,,737.0,,657,817,,,,
995,Isaiah McKenzie,WR364,,737.0,,,,,737,,
996,McCallan Castles,TE208,GB,737.5,,,,487,988,,
997,Chandler Cox,RB229,,738.0,,738,,,,,
998,Lawrence Cager,TE209,WAS,738.3,,,577,514,1124,,
999,Stephen Carlson,TE210,CHI,739.0,,,560,517,1140,,
1000,Anthony McFarland,RB230,,739.0,,,,,739,,
1001,Jeff Driskel,QB112,,739.5,,603,805,962,588,,
1002,Cyrus Holder,WR365,,740.0,,740,,,,,
1003,Devante Davis,WR366,,741.0,,741,,,,,
1004,Karel Hamilton,WR367,,742.0,,742,,,,,
1005,C.J. Uzomah,TE211,,742.0,,,812,,672,,
1006,Josh Cuevas,TE212,BAL,742.5,,1649,476,458,387,,
1007,Julian Hicks,WR368,SEA,743.0,,809,,677,,,
1008,Cody Schrader,RB231,DEN,743.0,,,698,766,765,,
1009,Ben Mason,TE213,,743.0,,,,,743,,
1010,Trevor Siemian,QB113,,744.3,,568,816,982,611,,
1011,Michael Wiley,RB232,,744.8,,676,990,756,557,,
1012,Elijah Dotson,RB233,,745.0,,362,958,,915,,
1013,Ihmir Smith-Marsette,WR369,ARI,745.0,,521,512,800,1147,,
1014,Shaq Roland,WR370,CHI,745.0,,745,,,,,
1015,Trey Palmer,WR371,NO,745.7,,,659,718,860,,
1016,Joe Bacci,RB234,,746.0,,746,,,,,
1017,Deion Hankins,RB235,,746.0,,,,746,,,
1018,Nelson Agholor,WR372,,746.5,,,859,,634,,
1019,Tay Martin,WR373,DET,746.8,,744,636,579,1028,,
1020,Seydou Traore,TE214,MIA,747.0,,1324,783,524,357,,
1021,Melvin Gordon,RB236,,748.0,,680,,,816,,
1022,Payton Thorne,QB114,,748.0,,,,,748,,
1023,Shedrick Jackson,WR374,LV,749.3,,840,670,674,813,,
1024,AJ Dillon,RB237,CAR,749.3,,,566,909,1189,,333
1025,Max Duggan,QB115,,749.5,,,950,,549,,
1026,Tejhaun Palmer,WR375,NE,749.7,,,689,583,977,,
1027,Caullin Lacy,WR376,,750.0,,,,610,890,,
1028,Jaydn Ott,RB238,KC,750.3,,1024,,753,474,,
1029,Chase Allen,TE215,,751.0,,751,,,,,
1030,Nick Mullens,QB116,JAX,751.0,,1236,339,1029,400,,
1031,ShunDerrick Powell,RB239,,751.0,,,,751,,,
1032,Colton Dowell,WR377,,751.3,,370,953,600,1082,,
1033,Jaelen Gill,WR378,,752.0,,752,,,,,
1034,Casey Washington,WR379,CAR,752.3,,,683,717,857,,
1035,Luke Lachey,TE216,,752.8,,548,1012,486,965,,
1036,Kenny Golladay,WR380,,753.0,,,,,753,,
1037,Cedric Tillman,WR381,,753.8,226,1311,942,393,369,,
1038,Sony Michel,RB240,,754.0,,754,,,,,
1039,Kenny Pickett,QB117,CAR,754.7,,,464,1023,777,,
1040,Devin Lucien,WR382,,755.0,,755,,,,,
1041,Wayne Gallman,RB241,,755.0,,959,,,551,,
1042,Noah Cain,RB242,,755.0,,,,,755,,
1043,Brenden Rice,WR383,,755.3,,511,978,687,845,,
1044,Bauer Sharp,TE217,TB,755.3,,,781,454,1031,,
1045,Isaac Rex,TE218,,755.5,,690,,,821,,
1046,Dallen Bentley,TE219,DEN,755.7,,,788,475,1004,,
1047,Juwann Winfree,WR384,,756.0,,,,572,940,,
1048,Patrick Murtagh,TE220,,757.0,,757,,,,,
1049,D.J. Montgomery,WR385,IND,757.5,,1075,599,627,729,,
1050,Noah Thomas,WR386,CIN,757.7,,1115,,660,498,,
1051,Keaontay Ingram,RB243,,757.7,,,926,755,592,,
1052,Drew Allar,QB118,PIT,758.0,293,1679,456,969,330,,356
1053,Zander Horvath,RB244,,758.0,,,,,758,,
1054,Zack Annexstad,QB119,,758.5,,681,,,836,,
1055,Caden Davis,K54,,759.0,,505,1013,,,,
1056,Colby Suits,QB120,,759.0,,759,,,,,
1057,Qadree Ollison,RB245,,759.0,,,,,759,,
1058,Moliki Matavao,TE221,NO,761.3,,,732,508,1044,,
1059,Rashard Higgins,WR387,,762.0,,606,,,918,,
1060,Julian Williams,WR388,,762.0,,762,,,,,
1061,Rocky Lombardi,QB121,,762.0,,,,,762,,
1062,Nate Carter,RB246,ATL,763.0,,,747,779,,,
1063,Dede Westbrook,WR389,,763.0,,,,,763,,
1064,Daniel Arias,WR390,,763.5,,702,,,825,,
1065,Peyton Hendershot,TE222,,763.5,,,933,,594,,
1066,Corey Kiner,RB247,ARI,764.3,,651,742,880,784,,
1067,Jaelon Darden,WR391,,766.0,,821,911,,566,,
1068,Robert Tonyan,TE223,PIT,766.8,,1535,525,467,540,,
1069,Tim Jones,WR392,JAX,767.0,,1078,625,792,573,,
1070,Luke Altmyer,QB122,DET,767.0,,,,988,546,,
1071,Trevontae Hights,WR393,,768.0,,768,,,,,
1072,Troy Hairston,RB248,,768.5,,,936,,601,,
1073,River Cracraft,WR394,,768.7,,,796,715,795,,
1074,Zach Heins,TE224,,769.0,,769,,,,,
1075,Jamal Haynes,RB249,,769.0,,,,769,,,
1076,Clive Walford,TE225,,769.0,,,,,769,,
1077,Wayne Taulapapa,RB250,,770.0,,770,,,,,
1078,Hunter Luepke,RB251,DAL,771.0,,1292,416,893,483,,
1079,Mason Fairchild,TE226,,771.5,,277,,,1266,,
1080,Jalen Virgil,WR395,,771.7,,,934,578,803,,
1081,Michael Woods,WR396,DEN,772.0,,723,928,716,721,,
1082,Trey Sermon,RB252,ATL,772.3,,1130,579,799,581,,
1083,Jerome Washington,TE227,,773.0,,773,,,,,
1084,Quintez Cephus,WR397,,773.5,,829,,,718,,
1085,Keleki Latu,TE228,BUF,773.8,,804,756,488,1047,,
1086,J.J. Koski,WR398,,774.0,,774,,,,,
1087,Phillip Lindsay,RB253,,774.0,,,,,774,,
1088,Joseph Ngata,WR399,,774.7,,545,957,,822,,
1089,Brandin Cooks,WR400,,774.7,,,867,443,1014,,
1090,Penny Hart,WR401,,775.0,,,,,775,,
1091,Anthony Firkser,TE229,,775.8,,972,802,562,767,,
1092,Patrick Carr,RB254,,776.0,,776,,,,,
1093,Xavier Guillory,WR402,BAL,776.3,,571,,584,1174,,
1094,Teddy Bridgewater,QB123,,777.0,,,872,989,470,,
1095,Alex McNulty,K55,,778.0,,778,,,,,
1096,Deion Burks (Duplicate),WR403,,778.0,,,778,,,,
1097,Grant Calcaterra,TE230,PHI,778.5,,1514,611,535,454,,
1098,JaMycal Hasty,RB255,NE,779.3,,953,573,813,778,,
1099,Junior Bergen,WR404,NYJ,779.5,,1077,733,577,731,,
1100,Donovan Edwards,RB256,MIA,780.5,,1076,741,770,535,,
1101,Seth Henigan,QB124,,780.5,,,,1002,559,,
1102,Shelton Gibson,WR405,,781.0,,781,,,,,
1103,Hendon Hooker,QB125,TEN,781.7,,,643,985,717,,
1104,Duke Williams,WR406,,782.0,,,,,782,,
1105,Patrick Ricard,RB257,NYG,782.3,,,495,951,901,,
1106,Isaiah Coulter,WR407,,783.0,,783,,,,,
1107,Avery Williams,RB258,,783.5,,,912,,655,,
1108,Je'Quan Burton,WR408,,784.0,,652,,,916,,
1109,Josiah Deguara,TE231,NYG,784.3,,,892,796,665,,
1110,Jamal Robinson,WR409,,785.0,,785,,,,,
1111,Ben Sauls,K56,NYG,785.3,,480,1018,858,,,
1112,Brayden Willis,TE232,SF,785.3,,,660,898,798,,
1113,Geoff Swaim,TE233,,785.5,,,849,,722,,
1114,Jamaal Williams,RB259,,785.5,,,855,,716,,
1115,Kyle Allen,QB126,BUF,785.8,,1286,489,967,401,,
1116,Josh Whyle,TE234,GB,785.8,,1631,470,539,503,,
1117,Tyler Lockett,WR410,,786.0,,,856,436,1066,,
1118,Joe Reed,WR411,,786.0,,,,,786,,
1119,Ramiz Ahmed,K57,,787.0,,787,,,,,
1120,Clyde Edwards-Helaire,RB260,,787.0,,,884,,690,,
1121,Gavin Bartholomew,TE235,MIN,787.3,,1307,718,515,609,,
1122,Xavier Weaver,WR412,ARI,788.0,,1118,696,845,493,,
1123,Cody White,WR413,SEA,788.0,,1272,595,801,484,,
1124,Dalton Keene,TE236,,789.0,,333,,,1245,,
1125,Alex Armah,RB261,,789.0,,418,,,1160,,
1126,Dean Connors,RB262,LAR,789.7,,1297,,740,332,,
1127,DeAndre Carter,WR414,,789.7,,,800,939,630,,
1128,Sefo Liufau,QB127,,790.0,,790,,,,,
1129,Josh Reynolds,WR415,,790.0,,,811,432,1127,,
1130,Thomas Fidone II,TE237,NYG,790.3,,,724,451,1196,,
1131,Connor Bazelak,QB128,TB,791.0,,579,,1003,,,
1132,Jaylen Samuels,RB263,,791.0,,791,,,,,
1133,O.J. Howard,TE238,,792.0,,,,,792,,
1134,Tahj Washington,WR416,PHI,792.7,,,688,670,1020,,
1135,DJ Turner,WR417,,793.0,,,932,701,746,,
1136,Xavier Gipson,WR418,NYG,794.0,,737,665,948,826,,
1137,Marchie Murdock,WR419,,794.0,,794,,,,,
1138,Jason Huntley,RB264,,794.0,,,,,794,,
1139,Jacob Saylors,RB265,DET,795.0,,,320,949,1116,,
1140,Ray-Ray McCloud,WR420,CHI,795.7,,,529,561,1297,,
1141,Jack Westover,TE239,NE,796.3,,626,713,912,934,,
1142,Eldridge Massington,WR421,NO,798.0,,798,,,,,
1143,Eric Tomlinson,TE240,,798.7,,704,801,,891,,
1144,Blake Proehl,WR422,,799.0,,799,,,,,
1145,Jadon Janke,WR423,,799.0,,,,,799,,
1146,Hunter Dekkers,QB129,NO,799.5,,644,,955,,,
1147,Jordan Travis,QB130,,799.5,,,982,,617,,
1148,Jake Verity,K58,,800.0,,800,,,,,
1149,Chris Coleman,WR424,,801.0,,801,,,,,
1150,Thomas Odukoya,TE241,,801.0,,,995,,607,,
1151,Bailey Gaither,WR425,,801.5,,797,,,806,,
1152,Barrett Burns,TE242,BAL,802.0,,802,,,,,
1153,Julian Hill,TE243,NE,802.0,,1326,664,706,512,,
1154,Courtney Jackson,WR426,TEN,802.5,,1036,,569,,,
1155,De'Mornay Pierson-El,WR427,,803.0,,803,,,,,
1156,Xavier Restrepo,WR428,TEN,803.3,,1392,739,566,516,,
1157,Princeton Fant,TE244,DAL,803.7,,,669,505,1237,,
1158,Trace McSorley,QB131,,804.0,,,,,804,,
1159,Holton Ahlers,QB132,,804.5,,1031,,,578,,
1160,Sam Howell,QB133,DAL,804.7,,,344,979,1091,,
1161,Brenden Bates,TE245,,805.0,,,697,722,996,,
1162,Kaden Davis,WR429,CHI,806.3,,,703,681,1035,,
1163,Logan Woodside,QB134,,806.5,,444,,,1169,,
1164,Braydon Johnson,WR430,,807.0,,807,,,,,
1165,Brady Russell,TE246,SEA,807.0,,1027,671,945,585,,
1166,Tre Nixon,WR431,,807.0,,,,,807,,
1167,Andy Janovich,RB266,,808.0,,808,,,,,
1168,Eli Heidenreich,RB267,PIT,808.3,311,,784,745,896,,
1169,Nick Chubb,RB268,,809.0,,,838,384,1205,,
1170,Richie James,WR432,,809.0,,,,,809,,
1171,Elijah Moore,WR433,PHI,809.5,,1684,580,541,433,,
1172,Adam Prentice,RB269,DEN,810.3,,,445,950,1036,,
1173,Brandon Powell,WR434,,810.5,,,793,,828,,
1174,Laquon Treadwell,WR435,IND,810.8,,1087,527,916,713,,
1175,Elijah McGuire,RB270,KC,811.0,,811,,,,,
1176,Chris Hilton Jr.,WR436,,811.3,,869,,635,930,,
1177,Mark Vital,TE247,,812.0,,812,,,,,
1178,Carter Runyon,TE248,LV,812.0,,,753,871,,,
1179,John FitzPatrick,TE249,,813.3,,780,927,700,846,,
1180,Ben Skowronek,WR437,PIT,814.0,,1314,500,900,542,,
1181,Jason Brownlee,WR438,KC,814.0,,,661,651,1130,,
1182,DeMeer Blankumsee,WR439,,814.0,,,,,814,,
1183,Malik Cunningham,QB135,DET,814.3,,1331,663,645,618,,
1184,Alex McGough,QB136,,814.5,,691,,,938,,
1185,Jaheim Bell,TE250,PIT,816.3,,,690,555,1204,,
1186,Jaylon Moore,WR440,,816.5,,942,,,691,,
1187,K.J. Osborn,WR441,TEN,816.7,,,571,708,1171,,
1188,Ramel Keyton,WR442,,817.0,,303,992,,1156,,
1189,Tai Felton,WR443,MIN,817.0,,1593,465,899,311,,
1190,Chris Freeman,K59,,818.0,,775,,861,,,
1191,Josh Lambo,K60,,818.0,,818,,,,,
1192,Sam Brown,WR444,,818.0,,,,,818,,
1193,Cedrick Wilson,WR445,,818.5,,943,530,878,923,,
1194,Carl Tucker,TE251,,819.0,,819,,,,,
1195,Brock Lampe,RB271,SEA,819.0,,891,,747,,,
1196,Royce Freeman,RB272,,819.5,,747,,,892,,
1197,Keilan Robinson,RB273,,819.5,,,981,,658,,
1198,Ke'Shawn Williams,WR446,CIN,819.7,,1028,514,917,,,
1199,Cole Turner,TE252,MIA,819.7,,,613,513,1333,,
1200,Chris Blair,WR447,ATL,819.8,,1015,676,662,926,,
1201,Darius Bradwell,RB274,,820.0,,820,,,,,
1202,Connor Heyward,TE253,LV,820.0,,1471,446,903,460,,
1203,Zach Pascal,WR448,,820.7,,863,794,,805,,
1204,Jeff Caldwell,WR449,KC,820.7,,1444,,597,421,,
1205,DJ Rogers,TE254,DAL,821.0,,,,457,1185,,
1206,Jashaun Corbin,RB275,DAL,821.0,,,,777,865,,
1207,James McCourt,K61,,822.0,,822,,,,,
1208,Andrew Beck,TE255,NYJ,822.0,,919,481,889,999,,
1209,Tanner Conner,TE256,NYG,822.0,,,627,727,1112,,
1210,Dres Anderson,WR450,,823.0,,823,,,,,
1211,Roc Taylor,WR451,CAR,823.0,,,,613,1033,,
1212,Tyrie Cleveland,WR452,,823.0,,,,,823,,
1213,Austin Allen,TE257,,823.5,,601,,,1046,,
1214,Austin Seibert,K62,,824.0,,,824,,,,
1215,Blake Bell,TE258,,824.0,,,,,824,,
1216,Brycen Tremayne,WR453,CAR,824.5,,866,490,832,1110,,
1217,Ricky White,WR454,SEA,824.8,,1406,727,643,523,,
1218,Pierre Strong,RB276,GB,824.8,,1473,610,808,408,,
1219,Lorenzo Lingard,RB277,,825.0,,688,,,962,,
1220,James Gilbert,RB278,,825.0,,825,,,,,
1221,Chris Collier,RB279,LV,825.0,,,712,849,914,,
1222,Gary Brightwell,RB280,CIN,825.8,,782,586,752,1183,,
1223,Reggie Diggs,WR455,,826.0,,826,,,,,
1224,Robbie Ouzts,TE259,SEA,826.5,,907,736,695,968,,
1225,Racey McMath,WR456,,827.0,,674,,,980,,
1226,Austin Proehl,WR457,,827.0,,827,,,,,
1227,Cam Sims,WR458,,827.0,,,,,827,,
1228,Nyheim Hines,RB281,,829.0,,,829,,,,
1229,Kristian Wilkerson,WR459,,829.3,,647,905,663,1102,,
1230,Mitchell Wilcox,TE260,,830.5,,,917,,744,,
1231,Ronald Awatt,RB282,,831.0,,831,,,,,
1232,Tylan Wallace,WR460,CLE,831.5,,1340,589,875,522,,
1233,MyCole Pruitt,TE261,,832.0,,347,806,,1343,,
1234,James Butler,RB283,,832.0,,832,,,,,
1235,Hunter Bryant,TE262,,832.0,,,,,832,,
1236,Graham Mertz,QB137,HOU,832.5,,716,723,987,904,,
1237,Chris Oladokun,QB138,KC,833.0,,,620,990,889,,
1238,Joel Wilson,TE263,TEN,834.0,,587,,483,1432,,
1239,Dominik Eberle,K63,,834.0,,834,,,,,
1240,Jalon Calhoun,WR461,,834.0,,892,,,776,,
1241,Alex Barnes,RB284,,835.0,,835,,,,,
1242,Thyrick Pitts,WR462,,835.0,,990,,,680,,
1243,Malik Knowles,WR463,,835.5,,314,,,1357,,
1244,Artavis Pierce,RB285,,836.0,,836,,,,,
1245,Garrett Groshek,RB286,,837.0,,837,,,,,
1246,Quentin Skinner,WR464,BUF,837.3,,813,764,605,1167,,
1247,Seth Green,TE264,,838.0,,838,,,,,
1248,Dareke Young,WR465,LV,838.5,,1399,518,919,518,,
1249,Robert Burns,RB287,CHI,839.5,,392,,,1287,,
1250,Tyler Kroft,TE265,,839.5,,564,,,1115,,
1251,Giovanni Ricci,TE266,,840.0,,805,918,,797,,
1252,Keandre Lambert-Smith (duplicate),WR466,LAC,840.0,,,,840,,,
1253,Brandon Johnson,WR467,LV,840.3,,1004,635,616,1106,,
1254,Alex Larson,TE267,,841.0,,841,,,,,
1255,Malik Heath,WR468,ATL,841.0,,1038,960,564,802,,
1256,Kendall Milton,RB288,CIN,841.3,,,705,750,1069,,
1257,Will Dissly,TE268,,841.3,,,839,430,1255,,
1258,Ryan Tannehill,QB139,,841.5,,945,,,738,,
1259,Brennan Presley,WR469,LAR,841.5,,1110,772,614,870,,
1260,Kenny Stills,WR470,,842.0,,842,,,,,
1261,DJ Chark,WR471,,842.0,,,842,,,,
1262,Greg Bell,RB289,,842.0,,,,,842,,
1263,Ainias Smith,WR472,,843.0,,,979,559,991,,
1264,Deon Jackson,RB290,,843.0,,,,,843,,
1265,Kentrel Bullock,RB291,CIN,843.5,,923,,764,,,
1266,John Rhys Plumlee,QB140,,843.5,,1091,,596,,,
1267,Nick Nash,WR473,WAS,843.7,,,738,598,1195,,
1268,Sam Ficken,K64,,844.0,,844,,,,,
1269,Alexander Mattison,RB292,,844.3,,927,834,441,1175,,
1270,Matthew Slater,WR474,,844.5,,391,,,1298,,
1271,Jared Wayne,WR475,HOU,846.0,,1472,711,601,600,,
1272,Jackson Meeks,WR476,DET,846.5,,1427,761,547,651,,
1273,Gardner Minshew,QB141,ARI,846.8,344,1426,497,1024,440,,
1274,Braxton Berrios,WR477,NYG,846.8,,1571,503,882,431,,
1275,Griffin Hebert,TE269,,847.0,,620,,,1074,,
1276,Michael Ezeike,TE270,,847.0,,718,,,976,,
1277,Davis Webb,QB142,,847.0,,847,,,,,
1278,Chase Edmonds,RB293,,848.0,,575,840,768,1209,,
1279,Tim Cook,RB294,,848.0,,848,,,,,
1280,Jalen Brooks,WR478,ARI,848.0,,1574,520,888,410,,
1281,Brandon Smith,WR479,PIT,848.3,,1099,622,650,1022,,
1282,Ke'Shawn Vaughn,RB295,,848.3,,874,886,,785,,
1283,Chase Cota,WR480,,848.5,,736,961,,,,
1284,Spencer Brown,RB296,,848.5,,887,,,810,,
1285,Jordan Waters,RB297,LAR,848.5,,,,761,936,,
1286,Darrin Hall,RB298,,849.0,,849,,,,,
1287,Danny Gray,WR481,PHI,849.0,,938,608,644,1206,,
1288,Chris Evans,RB299,,849.0,,,,,849,,
1289,Brett Maher,K65,,850.0,,850,,,,,
1290,Kansei Matsuzawa,K66,LV,850.0,,,,850,,,
1291,Trey Burton,TE271,,850.0,,,,,850,,
1292,Raheem Mostert,RB300,,850.8,,,821,874,1363,,345
1293,Peewee Jarrett,QB143,,851.0,,851,,,,,
1294,Dan Chisena,WR482,CAR,851.0,,913,575,726,1190,,
1295,Sammis Reyes,TE272,,851.0,,1039,,,663,,
1296,Malcolm Brown,RB301,,851.0,,,,,851,,
1297,Jalen Walthall,WR483,,852.0,,679,,634,1243,,
1298,Ryan Switzer,WR484,,852.0,,852,,,,,
1299,Kene Nwangwu,RB302,NYJ,852.0,,,303,918,1335,,
1300,Kyle McCord,QB144,GB,852.7,,,734,963,861,,
1301,Chad Williams,WR485,,853.0,,853,,,,,
1302,Zach Davidson,TE273,,853.3,,1021,913,,626,,
1303,James Robinson,RB303,,854.0,,1100,,,608,,
1304,Reid Sinnett,QB145,,854.0,,,,,854,,
1305,Austin Jones,RB304,,855.0,,,,,855,,
1306,Cameron Latu,TE274,PHI,855.5,,1373,646,877,526,,
1307,Sean Modster,WR486,,856.0,,856,,,,,
1308,Tre' McKitty,TE275,WAS,856.3,,930,,490,1149,,
1309,Javon McKinley,WR487,,857.0,,857,,,,,
1310,Ethan Sanchez,K67,,857.0,,,,857,,,
1311,Kendric Pryor,WR488,CIN,857.7,,,629,640,1304,,
1312,Jalen Greene,WR489,,858.0,,858,,,,,
1313,Will Mallory,TE276,IND,858.0,,1665,654,557,556,,
1314,Amari Cooper,WR490,,858.0,,,858,,,,
1315,Jalin Conyers,TE277,,859.0,,,,520,1198,,
1316,Paul Geelen,K68,,859.0,,,,859,,,
1317,Neal Johnson,TE278,,860.5,,1011,,,710,,
1318,Johnathan Lloyd,WR491,,861.0,,861,,,,,
1319,Irv Smith,TE279,,861.0,,1094,832,,657,,
1320,Chosen Anderson,WR492,,861.0,,,861,,,,
1321,Jermaine Burton,WR493,,861.3,,859,973,,752,,
1322,Marvin Jones,WR494,,862.0,,1145,,,579,,
1323,Skyy Moore,WR495,GB,862.0,,1513,517,885,533,,
1324,Kobe Hudson,WR496,,862.0,,,,,862,,
1325,Raheem Blackshear,RB305,,862.3,,,935,844,808,,
1326,Rashod Owens,WR497,,862.5,,380,,,1345,,
1327,CJ Donaldson,RB306,NO,862.7,,612,,790,1186,,
1328,Kelly Akharaiyi,WR498,,863.0,,,,,863,,
1329,Cooper Rush,QB146,ATL,863.3,,1469,533,1021,430,,
1330,Joel Stave,QB147,,864.0,,864,,,,,
1331,Deuce Vaughn,RB307,HOU,864.7,,,640,822,1132,,
1332,Travis Benjamin,WR499,,865.0,,865,,,,,
1333,Khalan Laborn,RB308,,865.5,,668,,,1063,,
1334,Keelan Doss,WR500,,865.5,,1052,,,679,,
1335,Lewis Bond,WR501,HOU,865.5,,1433,787,606,636,,
1336,Justin Tucker,K69,,866.0,,,866,,,,
1337,Gee Scott,TE280,,866.5,,,,672,1061,,
1338,Baylor Cupp,TE281,,866.7,,1113,1003,484,,,
1339,Chris Conley,WR502,,867.5,,,857,,878,,
1340,Jacob Huesman,QB148,,868.0,,868,,,,,
1341,Matt Corral,QB149,,868.0,,,,,868,,
1342,Colson Yankoff,TE282,WAS,868.3,,,695,886,1024,,
1343,Tyler Scott,WR503,LAR,868.7,,,653,802,1151,,
1344,Brian Cobbs,WR504,,870.0,,870,,,,,
1345,Joshua Dobbs,QB150,DET,870.8,,1586,474,1025,398,,
1346,Parris Campbell,WR505,,871.0,,721,830,702,1231,,
1347,Chester Rogers,WR506,,871.0,,,,,871,,
1348,Britain Covey,WR507,PHI,871.7,,,509,914,1192,,
1349,Greg Ward,WR508,,872.0,,,,,872,,
1350,Bryce Oliver,WR509,TEN,872.7,,1195,702,721,,,
1351,J.J. Arcega-Whiteside,TE283,,873.0,,873,,,,,
1352,Justin Watson,WR510,HOU,873.0,,1622,478,694,698,,
1353,Dustin Hopkins,K70,,873.0,,,873,,,,
1354,Michael Burton,RB309,CLE,873.3,,,447,815,1358,,
1355,Aaron Anderson,WR511,,874.3,,1391,,619,613,,
1356,Jabari Small,RB310,DET,875.0,,661,,737,1227,,
1357,Devon Allen,WR512,,875.0,,815,,,935,,
1358,Cam Johnson,WR513,,875.0,,875,,,,,
1359,Cole Payton,QB151,PHI,875.5,,,786,965,,,
1360,Dalvin Cook,RB311,,875.7,,1009,837,,781,,
1361,Damarea Crockett,RB312,,876.0,,876,,,,,
1362,L.J. Scott,RB313,,878.0,,878,,,,,
1363,Drew Plitt,QB152,,879.0,,,,,879,,
1364,Evan Hull,RB314,ARI,879.3,,,649,922,1067,,
1365,Hakeem Butler,TE284,,879.5,,,,679,1080,,
1366,Darrius Shepherd,WR514,,880.0,,880,,,,,
1367,David Blough,QB153,,880.0,,1122,,,638,,
1368,Dylan Parham,TE285,,880.0,,,,,880,,
1369,Lew Nichols,RB315,PIT,881.0,,,652,763,1228,,
1370,Sal Cannella,TE286,,881.5,,1315,1016,461,734,,
1371,Austin Ekeler,RB316,,882.3,,,848,429,1370,,
1372,Blake Watson,RB317,,882.5,,487,987,772,1284,,
1373,John Wolford,QB154,,882.8,,899,900,968,764,,
1374,Trent Taylor,WR515,,883.3,,719,799,592,1423,,
1375,Darrell Henderson,RB318,,884.0,,1064,,,704,,
1376,Curtis Samuel,WR516,,884.3,,1546,844,554,593,,
1377,Erik Ezukanma,WR517,PHI,884.7,,,609,655,1390,,
1378,David Martin-Robinson,TE287,TEN,884.7,,,699,835,1120,,
1379,Kurtis Rourke,QB155,SF,884.8,,638,725,976,1200,,
1380,Jimmy Graham,TE288,,886.0,,886,,,,,
1381,Ulysses Bentley,RB319,IND,886.5,,777,768,760,1241,,
1382,Kalel Mullings,RB320,TEN,886.8,,1560,720,762,505,,
1383,Chip Trayanum,RB321,,887.0,,,,758,1016,,
1384,Chandler Brayboy,WR518,JAX,887.3,,1165,745,612,1027,,
1385,Michael Hiers,QB156,,888.0,,888,,,,,
1386,Matt Barkley,QB157,,889.5,,871,,,908,,
1387,Equanimeous St. Brown,WR519,,889.5,,,823,,956,,
1388,Josh Pederson,TE289,,890.0,,376,,,1404,,
1389,Damon Hazelton,WR520,,890.0,,890,,,,,
1390,Lucky Jackson,WR521,DET,891.0,,1300,,692,681,,
1391,John Ross,WR522,,891.5,,,1010,,773,,
1392,Dennis Houston,WR523,TB,891.7,,,634,673,1368,,
1393,Richard Rodgers,TE290,,893.5,,1030,,,757,,
1394,CJ Verdell,RB322,,894.0,,894,,,,,
1395,Cole Fotheringham,TE291,,894.0,,,,,894,,
1396,Gerrid Doaks,RB323,,894.5,,1066,,,723,,
1397,DeeJay Dallas,RB324,JAX,894.5,,1420,321,952,885,,
1398,Jamal Agnew,WR524,,894.5,,,791,,998,,
1399,Garrett Dickerson,TE292,,895.0,,895,,,,,
1400,Terrace Marshall,WR525,MIA,895.8,,1174,581,732,1096,,
1401,Mark Weisman,RB325,,896.0,,896,,,,,
1402,Nick Vannett,TE293,SEA,896.0,,1294,528,439,1323,,
1403,Blake Sims,QB158,,897.0,,897,,,,,
1404,AJ Henning,WR526,MIA,897.7,,1519,,626,548,,
1405,Desmond Reid,RB326,,898.0,,1158,,735,801,,
1406,John Kelly,RB327,,898.0,,,818,,978,,
1407,Tyler Davis,TE294,,898.0,,,,,898,,
1408,Brandon McManus,K71,,898.3,,1460,870,365,,,
1409,Hassan Haskins,RB328,NE,898.7,,,604,944,1148,,
1410,Israel Abanikanda,RB329,DAL,899.3,,,650,776,1272,,
1411,Brayden Lenius,TE295,,900.0,,900,,,,,
1412,Tim Boyle,QB159,,900.3,,522,820,,1359,,
1413,Joshua Karty,K72,,900.3,,1336,975,390,,,
1414,Taquan Mizzell,RB330,NYG,901.0,,901,,,,,
1415,Skylar Thompson,QB160,BAL,901.0,,,619,998,1086,,
1416,George Aston,RB331,,902.0,,902,,,,,
1417,Joseph Parker,WR527,,903.0,,903,,,,,
1418,Daylen Baldwin,WR528,,903.0,,,,,903,,
1419,Harrison Bryant,TE296,,903.8,,995,893,868,859,,
1420,Dalyn Dawkins,RB332,,904.0,,904,,,,,
1421,Isaiah Neyor,WR529,GB,904.0,,1390,740,652,834,,
1422,DeAndre Hopkins,WR530,,904.3,345,,862,412,1439,,
1423,TD Ayo-Durojaiye,RB333,,905.0,,905,,,,,
1424,Simi Fehoko,WR531,ARI,905.7,,,591,927,1199,,
1425,Kamryn Pettway,RB334,,906.0,,906,,,,,
1426,Matthew Wright,K73,,906.0,,,906,,,,
1427,Gus Edwards,RB335,,906.7,,1200,851,,669,,
1428,Alec Ingold,RB336,LAC,907.3,,1257,436,933,1003,,
1429,Tucker Fisk,TE297,,907.3,,,964,848,910,,
1430,Charlie Jones,WR532,CIN,907.7,,,504,925,1294,,
1431,J.J. Nelson,WR533,,908.0,,908,,,,,
1432,Mecole Hardman,WR534,BUF,908.0,,1134,544,710,1244,,
1433,Cody Thompson,WR535,,908.3,,753,921,,1051,,
1434,Trent Sherfield,WR536,BUF,908.5,,1673,526,904,531,,
1435,Tanner Brown,K74,NO,909.5,,,954,865,,,
1436,Antoine Green,WR537,,909.7,,862,947,,920,,
1437,Kenny Yeboah,TE298,,909.8,,1101,914,536,1088,,
1438,Dominic Lovett,WR538,DET,910.0,,843,731,657,1409,,
1439,Johnny Wilson,WR539,PHI,910.7,,,692,729,1311,,
1440,Brandon Silvers,QB161,,911.0,,911,,,,,
1441,Maddux Trujillo,K75,,911.0,,969,,853,,,
1442,Miles Sanders,RB337,,911.0,,1016,827,394,1407,,
1443,Jared Wiley,TE299,KC,911.3,,1424,681,465,1075,,
1444,Justice Shelton-Mosley,WR540,,912.0,,912,,,,,
1445,Carson Steele,RB338,PHI,912.0,,979,694,825,1150,,
1446,Lucas Havrisik,K76,,913.0,,,972,854,,,
1447,Marcus Simms,WR541,,915.0,,915,,,,,
1448,Deonte Harty,WR542,,915.0,,,880,,950,,
1449,Isaiah Winstead,WR543,PIT,915.0,,,,629,1201,,
1450,Jerome Ford,RB339,WAS,915.7,291,,929,724,1094,,
1451,Allen Robinson,WR544,,916.3,,784,864,,1101,,
1452,James Turner,K77,,917.0,,917,,,,,
1453,J.P. Holtz,TE300,,917.0,,,,,917,,
1454,Gavin Hardison,QB162,,918.0,,673,,,1163,,
1455,Jeff Wilson,RB340,,918.0,,1142,819,,793,,
1456,Zavier Scott,WR545,MIN,919.0,,1600,749,823,504,,
1457,Josh Johnson,RB341,,919.0,,,919,,,,
1458,Emani Bailey,RB342,,919.0,,,,,919,,
1459,Devon Johnson,RB343,,920.0,,920,,,,,
1460,Denzel Mims,WR546,DAL,920.0,,1007,,658,1095,,
1461,Tyler Boyd,WR547,,921.0,,889,853,,1021,,
1462,Alize Mack,TE301,,921.0,,921,,,,,
1463,Brian Lewerke,QB163,,922.0,,922,,,,,
1464,Jonathan Ward,RB344,BAL,922.0,,,576,842,1348,,
1465,Ja'Quinden Jackson,RB345,PHI,922.0,,,,757,1087,,
1466,C.J. Ham,RB346,,923.0,,,797,,1049,,
1467,Chase Harrell,TE302,,924.0,,924,,,,,
1468,Davion Davis,WR548,,924.0,,,,,924,,
1469,Jakobie Keeney-James,WR549,PIT,924.5,,1689,751,576,682,,
1470,Patrick Herbert,TE303,JAX,924.5,,,,500,1349,,
1471,Jordan Murray,TE304,,925.0,,,,,925,,
1472,Xazavian Valladay,RB347,,925.3,,788,963,,1025,,
1473,Ryan Griffin,QB164,,926.0,,926,,,,,
1474,Hunter Renfrow,WR550,,926.3,,1607,810,401,887,,
1475,Troy Fumagalli,TE305,,927.0,,796,,,1058,,
1476,John Copenhaver,TE306,,928.0,,,,,928,,
1477,Jason Cabinda,RB348,,929.0,,,,,929,,
1478,Zach Wilson,QB165,NO,929.3,,,582,1026,1180,,
1479,Jaret Patterson,RB349,LAC,930.3,,1414,594,560,1153,,
1480,Terrell Bynum,WR551,,930.3,,379,969,,1443,,
1481,David Bell,WR552,,931.0,,999,925,,869,,
1482,Ryan Miller,WR553,MIA,931.8,,1058,672,872,1125,,
1483,Jordan Scarlett,RB350,MIA,932.0,,932,,,,,
1484,Patrick Laird,RB351,,932.0,,1033,,,831,,
1485,Matt Prater,K78,,932.0,,1533,876,387,,,
1486,Jalen Wydermyer,TE307,,932.0,,,,,932,,
1487,Deontay Burnett,WR554,,932.5,,427,,,1438,,
1488,Jha'Quan Jackson,WR555,TB,932.5,,540,980,809,1401,,
1489,Ja'Lynn Polk,WR556,,932.5,,828,974,714,1214,,
1490,Rodney Smith,RB352,,932.5,,1156,,,709,,
1491,Colin Jeter,TE308,,933.0,,933,,,,,
1492,Terrell Jennings,RB353,,933.0,,,997,869,,,
1493,Rivaldo Fairweather,TE309,ARI,933.3,,1489,,473,838,,
1494,Tyrone Broden,WR557,,933.5,,,,620,1247,,
1495,Damien Caffrey,TE310,,934.0,,934,,,,,
1496,Owen Wright,RB354,HOU,934.0,,1690,675,759,612,,
1497,T.J. Luther,WR558,,934.5,,996,,,873,,
1498,Mike Boone,RB355,,935.0,,565,843,,1397,,
1499,Jermaine Terry,TE311,CLE,935.0,,1361,,509,,,
1500,Easton Stick,QB166,IND,936.0,,879,543,986,1336,,
1501,Josh Kelly,WR559,HOU,936.0,,882,,574,1352,,
1502,Kenny Cook,WR560,,936.0,,936,,,,,
1503,Khari Blasingame,RB356,,938.3,,541,881,,1393,,
1504,Bailey Zappe,QB167,NYJ,938.3,,,615,983,1217,,
1505,Patrick Taylor,RB357,SF,938.5,,1365,598,723,1068,,
1506,Dexter Williams,RB358,,939.0,,939,,,,,
1507,Zach Olstad,RB359,,940.0,,940,,,,,
1508,Case Keenum,QB168,CHI,940.3,,1248,555,977,981,,
1509,Joaquin Davis,WR561,,940.5,,1235,,646,,,
1510,Riley Ridley,WR562,,941.0,,941,,,,,
1511,Jerjuan Newton,WR563,,942.0,,,,,942,,
1512,Rahsul Faison,RB360,,943.0,,,,,943,,
1513,Bryan Edwards,WR564,,944.0,,944,,,,,
1514,Travis Vokolek,TE312,ARI,944.3,,,968,474,1391,,
1515,JaQuae Jackson,WR565,LAC,944.5,,,,639,1250,,
1516,Beaux Collins,WR566,ATL,944.8,,1448,748,881,702,,
1517,Jacob Kibodi,RB361,,945.0,,,1006,,884,,
1518,Justin Manton,K79,,947.0,,947,,,,,
1519,DeVante Parker,WR567,,947.5,,614,,,1281,,
1520,Marcus Riley,WR568,,948.0,,948,,,,,
1521,Zach Horton,TE313,DET,948.3,,1576,766,503,,,
1522,Nsimba Webster,WR569,,949.0,,,,,949,,
1523,Godwin Igwebuike,RB362,,950.5,,611,,,1290,,
1524,Blake Bortles,QB169,NO,951.0,,951,,,,,
1525,Snoop Conner,RB363,,951.0,,,,,951,,
1526,Austin Trammell,WR570,JAX,951.3,,1214,632,876,1083,,
1527,Chris Hogan,WR571,,952.0,,952,,,,,
1528,P.J. Walker,QB170,,953.0,,,,,953,,
1529,Micah Simon,WR572,CAR,954.0,,954,,,,,
1530,Benny Snell,RB364,,954.0,,1097,,,811,,
1531,Sean Clifford,QB171,CIN,954.0,,,647,992,1223,,
1532,Andrew Armstrong,WR573,KC,954.5,,,,587,1322,,
1533,Matt Ammendola,K80,,955.0,,955,,,,,
1534,Ellis Merriweather,RB365,,955.0,,,966,,944,,
1535,Stephen Gostkowski,K81,,957.0,,957,,,,,
1536,Dan Villari,TE314,LAR,957.0,,1419,,497,955,,
1537,Kenny McIntosh,RB366,,957.0,,1503,945,818,562,,
1538,James Proche,WR574,,957.0,,,896,883,1092,,
1539,Ayir Asante,WR575,,957.0,,,,,957,,
1540,Mike Harley,WR576,,958.0,,910,,,1006,,
1541,Monte Pottebaum,RB367,,958.0,,958,,,,,
1542,Daijun Edwards,RB368,,959.0,,1222,,,696,,
1543,Phillip Brooks,WR577,,959.0,,1332,,,586,,
1544,De'Anthony Thomas,WR578,,959.0,,1342,,,576,,
1545,Nathaniel Peat,RB369,,959.0,,,,,959,,
1546,Lance McCutcheon,WR579,TEN,959.5,,,,671,1248,,
1547,Noah Whittington,RB370,HOU,959.7,,1193,,786,900,,
1548,Jesper Horsted,TE315,,960.0,,,,,960,,
1549,Louis Rees-Zammit,RB371,,960.5,,935,986,,,,
1550,Deneric Prince,RB372,,960.8,,1587,955,748,553,,
1551,Ja'Quan Gardner,RB373,,961.0,,961,,,,,
1552,Taiwan Jones,RB374,,961.0,,,,,961,,
1553,Jacob Warren,TE316,,962.0,,618,,,1306,,
1554,Jay Lee,WR580,,962.0,,962,,,,,
1555,Trishton Jackson,WR581,,962.5,,,902,,1023,,
1556,Dillon Bell,WR582,MIN,962.5,,,,666,1259,,
1557,John Ursua,WR583,,963.0,,963,,,,,
1558,Ricky Seals-Jones,TE317,,963.0,,,,,963,,
1559,Lan Larison,RB375,NE,963.3,,,746,784,1360,,
1560,Gabriel Plascencia,K82,,963.5,,1063,,864,,,
1561,Landon Rice,TE318,,964.0,,964,,,,,
1562,Nick Bowers,TE319,,965.0,,678,,,1252,,
1563,Rodney Williams,TE320,,965.0,,,965,,,,
1564,Cordarrelle Patterson,RB376,,965.7,,1153,813,,931,,
1565,Jared Rice,TE321,,966.0,,966,,,,,
1566,Jahmal Banks,WR584,,966.5,,1269,,,664,,
1567,Mark Redman,TE322,LAR,967.0,,,,516,1418,,
1568,Corey Davis,WR585,,967.0,,,,,967,,
1569,Jaray Jenkins,WR586,,967.5,,537,,,1398,,
1570,Desmond Ridder,QB172,,967.7,,,923,1009,971,,
1571,Sam Pinckney,WR587,,970.0,,,,,970,,
1572,Malik Turner,WR588,SF,970.8,,1505,531,608,1239,,
1573,Hunter Kampmoyer,TE323,,971.0,,971,,,,,
1574,Bo Melton,WR589,GB,971.3,,1618,449,847,,,
1575,Bub Means,WR590,NO,971.8,,1537,682,447,1221,,
1576,Garrett Nussmeier,QB173,KC,972.3,,1317,785,972,815,,
1577,D'Onta Foreman,RB377,,972.3,,994,845,,1078,,
1578,N'Keal Harry,WR591,,972.5,,872,,,1073,,
1579,Deven Thompkins,WR592,LV,973.3,,1668,623,910,692,,
1580,Leonard Taylor,TE324,,973.5,,1318,,,629,,
1581,Collin Johnson,WR593,,973.5,,,895,,1052,,
1582,BJ Baylor,RB378,,974.0,,974,,,,,
1583,Jacardia Wright,RB379,SEA,974.0,,1417,767,738,,,
1584,Bernhard Seikovits,TE325,,974.0,,,,,974,,
1585,Malik Flowers,WR594,,974.5,,717,,,1232,,
1586,Jimmy Williams,WR595,,975.0,,975,,,,,
1587,Randall Cobb,WR596,,975.0,,,,,975,,
1588,Reggie Begelton,WR597,,976.0,,976,,,,,
1589,DeWayne McBride,RB380,,976.0,,,951,,1001,,
1590,Javon Leake,RB381,,977.0,,977,,,,,
1591,Justin Hall,WR598,,977.0,,1409,,,545,,
1592,Reggie Gilliam,RB382,NE,977.3,,,492,1006,1434,,
1593,Ronnie Bell,WR599,NO,978.0,,1520,657,794,941,,
1594,Jonathan Mingo,WR600,DAL,979.5,,1681,483,906,848,,
1595,Changa Hodge,WR601,,980.0,,980,,,,,
1596,DJ Uiagalelei,QB174,LAC,981.0,,,,981,,,
1597,Harold Spears,TE326,,982.0,,982,,,,,
1598,Dax Milne,WR602,,983.0,,,,,983,,
1599,Robert Woods,WR603,,984.0,,,869,,1099,,
1600,Jesse Matthews,WR604,,985.0,,,,,985,,
1601,Cam Miller,QB175,MIA,986.0,,946,726,999,1273,,
1602,David Wells,TE327,,986.0,,,,,986,,
1603,Jamari Thrash,WR605,CLE,986.7,,,685,867,1408,,
1604,Kedon Slovis,QB176,ARI,986.8,,1275,759,961,952,,
1605,Adrian Coxson,WR606,,987.0,,987,,,,,
1606,Dorian Thompson-Robinson,QB177,,987.3,,1276,946,,740,,
1607,Adam Shaheen,TE328,,988.5,,542,,,1435,,
1608,Tyler Mabry,TE329,,988.5,,1057,920,,,,
1609,Dayton Wade,WR607,BAL,989.0,,,,675,1303,,
1610,Tarik Black,WR608,DET,990.0,,,,668,1312,,
1611,La'Michael Pettway,TE330,,990.0,,,,,990,,
1612,John Samuel Shenker,TE331,,991.0,,814,1005,,1154,,
1613,Aca'Cedric Ware,RB383,,991.0,,991,,,,,
1614,Max Brosmer,QB178,MIN,991.0,,,758,1022,1193,,
1615,Mike Williams,WR609,,991.3,,985,852,,1137,,
1616,Steven Sims,WR610,,991.5,,,879,,1104,,
1617,Alex Erickson,WR611,,991.7,,978,803,,1194,,
1618,Jermar Jefferson,RB384,MIN,991.8,,1175,584,775,1433,,
1619,Bryant Koback,RB385,,992.0,,1301,,,683,,
1620,Chris Pierce,TE332,,992.0,,,,,992,,
1621,Trayveon Williams,RB386,DET,992.3,,1488,539,924,1018,,
1622,Brady Cook,QB179,NYJ,992.3,,,750,1005,1222,,
1623,Marquise Goodwin,WR612,,992.5,,1102,,,883,,
1624,Tom Kennedy,WR613,DET,992.5,,1161,563,879,1367,,
1625,Michael Jacobson,TE333,,993.0,,,,,993,,
1626,Cornell Powell,WR614,PIT,994.0,,,,593,1395,,
1627,Hal Presley,WR615,,994.0,,,,604,1384,,
1628,Brett Rypien,QB180,HOU,994.8,,1068,541,956,1414,,
1629,Justin Shorter,WR616,LV,995.0,,1663,648,548,1121,,
1630,Jude McAtamney,K83,,995.5,,983,1008,,,,
1631,Marcus Rosemy-Jacksaint,WR617,,997.0,,655,,,1339,,
1632,Adrian Martinez,QB181,SF,997.3,,1017,774,960,1238,,
1633,Sam Wiglusz,WR618,,997.5,,766,,,1229,,
1634,Fred Trevillion,WR619,,998.0,,998,,,,,
1635,Parker Romo,K84,,999.0,,,999,,,,
1636,Ja'Seem Reed,WR620,CAR,999.5,,1408,,591,,,
1637,Jjay Mcafee,TE334,,1000.0,,1000,,,,,
1638,Dymere Miller,WR621,,1000.0,,,,,1000,,
1639,Kevin Shaa,WR622,,1001.0,,1001,,,,,
1640,John Stephens,TE335,,1001.5,,,988,,1015,,
1641,Diontae Johnson,WR623,,1002.0,,1127,831,,1048,,
1642,Jaylen Johnson,WR624,,1002.0,,,1002,,,,
1643,Bryce Ford-Wheaton,WR625,,1002.7,,,991,805,1212,,
1644,Malik Williams,RB387,,1003.0,,1003,,,,,
1645,Jalon Daniels,QB182,TB,1003.0,,1229,,1000,780,,
1646,Dontay Demus,WR626,,1004.5,,629,,,1380,,
1647,Napoleon Maxwell,RB388,,1005.0,,1005,,,,,
1648,Zach Gentry,TE336,,1005.0,,,,,1005,,
1649,Chris Blewitt,K85,,1006.0,,1006,,,,,
1650,Jermaine Jackson,WR627,,1007.0,,,1007,,,,
1651,Freddie Swain,WR628,,1007.0,,,,704,1310,,
1652,TJ Sheffield,WR629,,1008.0,,1008,,,,,
1653,Clayton Tune,QB183,,1008.0,,,949,1015,1060,,
1654,Stanley Morgan,WR630,,1008.0,,,,,1008,,
1655,Malcolm Epps,TE337,,1010.0,,1010,,,,,
1656,Dillon Johnson,RB389,,1010.0,,1132,,,888,,
1657,Andre Roberts,WR631,,1011.0,,,,,1011,,
1658,Bryson Nesbit,TE338,MIN,1012.7,,1146,,471,1421,,
1659,Ryan Santoso,K86,,1014.0,,1014,,,,,
1660,Jacob Hollister,TE339,,1014.5,,1171,,,858,,
1661,Keilahn Harris,WR632,,1015.0,,992,,,1038,,
1662,Dai'Jean Dixon,WR633,,1016.0,,1050,,,982,,
1663,Philip Rivers,QB184,,1017.0,,,1017,,,,
1664,Bennie Fowler,WR634,,1018.0,,1018,,,,,
1665,Darion Clark,TE340,,1019.0,,1019,,,,,
1666,Anthony Brown,QB185,,1019.0,,,938,,1100,,
1667,Jacolby George,WR635,,1019.5,,1020,,,1019,,
1668,Dez Fitzpatrick,WR636,,1020.3,,898,909,,1254,,
1669,Da'Quan Felton,WR637,NYJ,1021.0,,1116,,686,1261,,
1670,DeShon Williams,TE341,,1022.0,,1022,,,,,
1671,Ian Bunting,TE342,,1023.0,,1023,,,,,
1672,D.J. Williams,RB390,,1023.3,,860,1000,,1210,,
1673,Willie Snead,WR638,,1024.0,,695,,,1353,,
1674,Zakhari Franklin,WR639,,1024.0,,1466,,,582,,
1675,Luke Grimm,WR640,,1024.0,,,,682,1366,,
1676,Will Sheppard,WR641,GB,1024.7,,1295,,615,1164,,
1677,Montrell Washington,WR642,,1024.8,,1441,930,570,1158,,
1678,Rodrigo Blankenship,K87,,1025.0,,1025,,,,,
1679,Tanner McLachlan,TE343,,1025.0,,1657,985,512,946,,
1680,Thomas Hennigan,WR643,,1026.0,,1026,,,,,
1681,Joshua Cephus,WR644,,1026.0,,,1001,633,1444,,
1682,Ian Book,QB186,,1026.5,,1410,,,643,,
1683,Andre Baccellia,WR645,,1027.5,,1434,937,895,844,,
1684,Ezekiel Elliott,RB391,,1027.7,,1588,850,,645,,
1685,Collin Schlee,QB187,,1029.0,,1029,,,,,
1686,Parker Hesse,TE344,,1029.0,,,916,,1142,,
1687,Daewood Davis,WR646,,1029.0,,,,,1029,,
1688,Jordan Matthews,TE345,,1029.7,,1049,822,,1218,,
1689,Johnny Lumpkin,TE346,,1030.5,,877,,,1184,,
1690,Jaren Hall,QB188,,1030.5,,,948,,1113,,
1691,SaRodorick Thompson,RB392,,1031.0,,1372,971,,750,,
1692,TJ Harden,RB393,,1031.5,,,,767,1296,,
1693,Drew Lock,QB189,SEA,1031.8,,1592,491,936,1108,,
1694,Jalen Guyton,WR647,,1033.0,,792,,,1274,,
1695,Austin Appleby,QB190,,1034.0,,1034,,,,,
1696,Aidan O'Connell,QB191,LV,1035.8,,1251,658,942,1292,,
1697,Isaiah Wooden,WR648,,1036.0,,,,680,1392,,
1698,Jake Haener,QB192,NYG,1036.8,,1184,656,1012,1295,,
1699,Damion Willis,WR649,,1037.0,,1037,,,,,
1700,Dontrell Hilliard,RB394,,1037.0,,,,,1037,,
1701,Travis Homer,RB395,PIT,1037.3,,1624,546,1007,972,,
1702,Velus Jones,WR650,SEA,1038.7,,1603,602,911,,,
1703,Dalen Cambre,WR651,NYG,1039.5,,1517,752,653,1236,,
1704,Jason Bean,QB193,,1040.0,,1250,,,830,,
1705,Boston Scott,RB396,,1040.0,,1478,,,602,,
1706,Xavier Grimble,TE347,,1040.0,,,,,1040,,
1707,Mike Strachan,WR652,,1041.0,,1041,,,,,
1708,Kyle Trask,QB194,CAR,1041.5,,1374,583,994,1215,,
1709,Bud Sasser,WR653,,1042.0,,1042,,,,,
1710,Anthony Miller,WR654,,1042.5,,,1004,,1081,,
1711,Xavier Turner,RB397,,1043.0,,1043,,,,,
1712,DeAndre Washington,RB398,,1043.5,,1291,,,796,,
1713,Steven Wroblewski,TE348,,1044.0,,1044,,,,,
1714,Myles Gaskin,RB399,,1044.3,,1290,826,,1017,,
1715,Mike Davis,RB400,,1045.0,,1045,,,,,
1716,Kelvin Harmon,WR655,,1045.0,,,,,1045,,
1717,Dylan Soehner,TE349,,1046.0,,1046,,,,,
1718,Henry Poggi,RB401,,1048.0,,1048,,,,,
1719,Sam Ehlinger,QB195,DEN,1049.3,,1298,592,991,1316,,
1720,Justin Jackson,RB402,,1053.0,,1053,,,,,
1721,Johnny Johnson,WR656,,1053.0,,,,,1053,,
1722,DeShone Kizer,QB196,,1054.0,,1054,,,,,
1723,Giles Jackson,WR657,,1054.5,,1439,,,670,,
1724,Josiah Price,TE350,,1055.0,,1055,,,,,
1725,Josh Ali,WR658,,1055.0,,,,,1055,,
1726,Stevie Scott,RB403,,1056.0,,1056,,,,,
1727,Allen Lazard,WR659,,1056.7,,1614,809,,747,,
1728,Nate Wieting,TE351,,1059.0,,1059,,,,,
1729,Will Grier,QB197,,1059.0,,,,984,1134,,
1730,Tanner Mordecai,QB198,,1059.5,,949,,,1170,,
1731,Amar Johnson,RB404,LAC,1059.7,,1674,763,742,,,
1732,Devin Asiasi,TE352,,1060.0,,765,,,1355,,
1733,M.J. McFarland,TE353,,1061.0,,1061,,,,,
1734,Mark Gronowski,QB199,,1063.0,,,,971,1155,,
1735,Zach Evans,RB405,,1063.5,,,940,,1187,,
1736,Alfonzo Graham,RB406,,1064.0,,,,,1064,,
1737,Cary Angeline,TE354,,1065.0,,1065,,,,,
1738,Joshua Kelley,RB407,,1065.0,,1658,889,,648,,
1739,Dee Eskridge,WR660,,1066.7,,,908,913,1379,,
1740,Warren Jackson,WR661,,1067.0,,1067,,,,,
1741,Taylor Heinicke,QB200,,1067.3,,1243,807,,1152,,
1742,Tony Jones,RB408,,1068.5,,,903,,1234,,
1743,Colin Thompson,TE355,,1069.0,,1069,,,,,
1744,Jack Plummer,QB201,,1069.5,,1244,,,895,,
1745,Sam Sloman,K88,,1071.0,,1071,,,,,
1746,Donte Moncrief,WR662,,1073.0,,1073,,,,,
1747,Zimari Manning,WR663,,1074.0,,1074,,,,,
1748,Michael Badgley,K89,,1075.0,,1303,847,,,,
1749,Ja'Corey Brooks,WR664,,1076.0,,1416,1014,683,1191,,
1750,Slade Bolden,WR665,,1076.0,,,,,1076,,
1751,Brian Hill,RB409,,1077.0,,,,,1077,,
1752,Marquez Callaway,WR666,,1077.5,,,898,,1257,,
1753,Harrison Wallace III,WR667,,1077.7,,1538,,630,1065,,
1754,Tony Brown,WR668,,1078.5,,,904,,1253,,
1755,Tyler Hoppes,TE356,,1079.0,,1079,,,,,
1756,Josh Caldwell,RB410,,1080.0,,1080,,,,,
1757,Devine Ozigbo,RB411,,1080.0,,1482,,,678,,
1758,Jakob Johnson,RB412,,1080.5,,,882,,1279,,
1759,Hajj-Malik Williams,QB202,,1081.0,,1081,,,,,
1760,Alex Wesley,WR669,,1082.0,,1082,,,,,
1761,Ronnie Brown,RB413,,1084.0,,1084,,,,,
1762,C.J. Beathard,QB203,,1085.0,,,,,1085,,
1763,Seth Williams,WR670,,1085.5,,1182,,,989,,
1764,Ahmani Marshall,RB414,CLE,1085.5,,,,789,1382,,
1765,Daurice Fountain,WR671,,1086.0,,854,,,1318,,
1766,Grant DuBose,WR672,,1087.0,,,944,,1230,,
1767,Aaron Shampklin,RB415,,1087.0,,,998,,1176,,
1768,Brandon Bolden,RB416,,1087.5,,1013,,,1162,,
1769,Matt Breida,RB417,,1087.5,,1133,,,1042,,
1770,Lee Smith,TE357,ATL,1087.5,,1356,,,819,,
1771,Kevin Foelsch,TE358,,1088.0,,1088,,,,,
1772,JP Richardson,WR673,CHI,1088.7,,1255,,581,1430,,
1773,Izaiah Gathings,TE359,,1089.0,,,,,1089,,
1774,Eric Ebron,TE360,PIT,1090.0,,1109,,,1071,,
1775,Stephen Sullivan,TE361,,1090.3,,968,897,,1406,,
1776,Will Ratelle,RB418,,1092.0,,1092,,,,,
1777,Braxton Burmeister,WR674,,1093.0,,1093,,,,,
1778,Larry Rountree,RB419,,1095.5,,1060,,,1131,,
1779,Christian Blake,WR675,,1096.0,,1096,,,,,
1780,Alex Bachman,WR676,LAR,1096.0,,1345,701,935,1403,,
1781,Chris Carson,RB420,,1096.5,,1507,,,686,,
1782,Keith Smith,RB421,,1097.0,,,,,1097,,
1783,Jibri Blount,TE362,,1098.0,,1098,,,,,
1784,Jesse James,TE363,,1099.0,,1032,,,1166,,
1785,Laviska Shenault,WR677,,1100.0,,,891,,1309,,
1786,Luis Perez,QB204,,1100.5,,1579,,,622,,
1787,Laith Marjan,K90,,1102.0,,1349,,855,,,
1788,Sawyer Robertson,QB205,,1102.0,,,,996,1208,,
1789,Terry Godwin,WR678,,1103.0,,1103,,,,,
1790,Justyn Ross,WR679,,1103.7,,1383,931,,997,,
1791,Jared Cook,TE364,,1104.0,,1104,,,,,
1792,Sam Hartman,QB206,WAS,1105.3,,1241,,957,1118,,
1793,Devin Leary,QB207,,1105.3,,1421,983,,912,,
1794,Greg Zuerlein,K91,,1106.5,,1339,874,,,,
1795,Jeff Cotton,WR680,,1107.0,,1107,,,,,
1796,Shi Smith,WR681,,1107.0,,,,,1107,,
1797,Brycen Hopkins,TE365,,1108.0,,833,,,1383,,
1798,Trevon Grimes,WR682,,1108.0,,1108,,,,,
1799,Adam Thielen,WR683,,1108.0,,1325,871,,1128,,
1800,Duece Watts,WR684,,1108.5,,1619,,,598,,
1801,Zack Moss,RB422,,1108.5,,,887,,1330,,
1802,Ty Montgomery,RB423,,1109.0,,,,,1109,,
1803,Jarvis Landry,WR685,,1109.5,,846,,,1373,,
1804,Kole Taylor,TE366,,1109.5,,1224,,,995,,
1805,Darrynton Evans,RB424,,1109.5,,,888,,1331,,
1806,Nathan Rourke,QB208,,1109.5,,,970,,1249,,
1807,Andy Isabella,WR686,,1111.0,,893,,,1329,,
1808,Nick Ralston,RB425,,1111.0,,1111,,,,,
1809,Darrel Williams,RB426,,1111.0,,,,,1111,,
1810,Scotty Miller,WR687,CHI,1111.8,,1655,542,821,1429,,
1811,La'Mical Perine,RB427,,1112.0,,989,,,1235,,
1812,Erik Krommenhoek,TE367,,1113.5,,1220,,,1007,,
1813,Jalen Morton,QB209,IND,1114.0,,1114,,,,,
1814,Austin Stogner,TE368,,1114.0,,1376,,,852,,
1815,Chris Myarick,TE369,LV,1115.7,,1454,,452,1441,,
1816,Abram Smith,RB428,,1116.5,,1377,,,856,,
1817,Trey Quinn,WR688,,1117.0,,1095,,,1139,,
1818,Neil Pau'u,WR689,,1119.0,,1119,,,,,
1819,Mason Shipley,K92,,1119.0,,1386,,852,,,
1820,Kevin Rader,TE370,,1119.0,,,,,1119,,
1821,Johnny Stanton,RB429,,1120.0,,1120,,,,,
1822,Lynn Bowden,WR690,,1120.0,,1170,,,1070,,
1823,Nathan Carter,RB430,ATL,1120.5,,1671,,,570,,
1824,Marcelias Sutton,RB431,,1121.0,,1121,,,,,
1825,Jaydon Mickens,WR691,,1122.0,,,,,1122,,
1826,Derrick Willies,WR692,,1123.0,,1123,,,,,
1827,Aaron Fuller,WR693,,1124.0,,1124,,,,,
1828,Jody Fortson,TE371,,1124.5,,,915,,1334,,
1829,Ed Lee,WR694,,1125.0,,1125,,,,,
1830,Garrett Greene,QB210,TB,1125.0,,1585,,665,,,
1831,AJ McCarron,QB211,,1125.0,,1683,,,567,,
1832,Emanuel Hall,WR695,,1126.0,,1126,,,,,
1833,Da'Mari Scott,WR696,,1128.0,,1128,,,,,
1834,Cam Akers,RB432,,1128.7,,1164,885,,1337,,
1835,Kody Case,WR697,,1129.0,,1129,,,,,
1836,A.J. Ouellette,RB433,,1131.0,,1131,,,,,
1837,Diego Pavia,QB212,,1132.5,,,,995,1270,,
1838,Jake Luton,QB213,,1133.0,,,,,1133,,
1839,Ra'Shaun Henry,WR698,,1133.5,,925,,,1342,,
1840,Romello Brinson,WR699,,1134.0,,1640,,628,,,
1841,Nick Easley,WR700,,1135.0,,1135,,,,,
1842,Tyreik McAllister,RB434,,1135.0,,,993,,1277,,
1843,Trinity Benson,WR701,,1135.0,,,,,1135,,
1844,Travon McMillian,RB435,,1136.0,,1136,,,,,
1845,C.J. Saunders,WR702,,1136.0,,,,,1136,,
1846,Tre'Shaun Harrison,WR703,,1137.0,,885,,,1389,,
1847,Ty Fryfogle,WR704,,1137.0,,1137,,,,,
1848,Jacob Sirmon,QB214,,1138.0,,1138,,,,,
1849,Lenny Krieg,K93,,1138.0,,1425,,851,,,
1850,Ian Wheeler,RB436,BUF,1140.5,,1527,,754,,,
1851,Oliver Martin,WR705,,1141.0,,1141,,,,,
1852,Marcell Ateman,WR706,,1141.0,,,,,1141,,
1853,Cam Sutton,TE372,,1143.0,,1143,,,,,
1854,Elijah Mitchell,RB437,,1143.8,,1590,910,787,1288,,
1855,Charles Scarff,TE373,,1144.0,,1144,,,,,
1856,Bryant Mitchell,WR707,,1148.0,,1148,,,,,
1857,Matt Bushman,TE374,,1149.0,,1172,,,1126,,
1858,Nico Evans,RB438,,1150.0,,1150,,,,,
1859,Kahale Warring,TE375,,1150.5,,1140,,,1161,,
1860,Riley Neal,QB215,,1151.0,,1151,,,,,
1861,Cole Murphy,K94,,1152.0,,1152,,,,,
1862,Dresser Winn,QB216,,1152.5,,1191,,,1114,,
1863,Sean Riley,WR708,,1155.0,,1155,,,,,
1864,Mike White,QB217,,1156.7,,1217,808,,1445,,
1865,Dominique Dafney,TE376,,1157.0,,,,,1157,,
1866,Kobe McCrary,RB439,,1159.0,,1159,,,,,
1867,Kevin White,WR709,,1159.0,,,,,1159,,
1868,Josh Ferguson,RB440,,1160.0,,1160,,,,,
1869,Scooter Harrington,TE377,,1163.0,,1163,,,,,
1870,Taylor Elgersma,QB218,,1164.0,,1511,,,817,,
1871,B.T. Potter,K95,TB,1164.5,,1463,,866,,,
1872,Anders Carlson,K96,,1165.0,,1389,941,,,,
1873,Josh Doctson,WR710,,1165.0,,,,,1165,,
1874,Riley Sharp,TE378,,1166.0,,1166,,,,,
1875,Corey Coleman,WR711,,1168.0,,1168,,,,,
1876,Miles Boykin,WR712,,1168.0,,,,,1168,,
1877,Garrett Celek,TE379,,1169.0,,1169,,,,,
1878,Kadarius Toney,WR713,,1169.3,,1508,907,,1093,,
1879,Jaxon Janke,WR714,,1170.0,,1299,,,1041,,
1880,Carter Bradley,QB219,JAX,1170.5,,,,970,1371,,
1881,Lake McRee,TE380,PIT,1171.0,,1688,,499,1326,,
1882,Jacob Eason,QB220,,1171.5,,1437,,,906,,
1883,Isaiah Spiller,RB441,,1172.0,,,,,1172,,
1884,Jimmy Garoppolo,QB221,,1172.3,,1512,868,1027,1282,,
1885,Robbie Gould,K97,,1173.0,,1173,,,,,
1886,Kwamie Lassiter,WR715,,1173.0,,,,,1173,,
1887,Mohamed Ibrahim,RB442,,1173.7,,1643,956,,922,,
1888,Jase McClellan,RB443,,1175.0,,,976,,1374,,
1889,Brian Hoyer,QB222,,1177.0,,1479,,,875,,
1890,Cole Beasley,WR716,,1177.0,,,,,1177,,
1891,Jeret Smith,WR717,,1178.0,,1178,,,,,
1892,Blaine Gabbert,QB223,,1178.0,,,,,1178,,
1893,Trevon Clark,WR718,,1179.0,,1179,,,,,
1894,Alex Smith,QB224,,1180.0,,1180,,,,,
1895,Amari Rodgers,WR719,,1181.0,,993,,,1369,,
1896,Joe Walker,WR720,,1181.0,,1181,,,,,
1897,Frank Darby,WR721,,1181.0,,,,,1181,,
1898,Russell Wilson,QB225,,1182.3,,1617,875,791,1446,,
1899,Anthony Torres,TE381,,1185.0,,1185,,,,,
1900,Antony Auclair,TE382,,1186.0,,1186,,,,,
1901,Darius Prince,WR722,,1187.0,,1187,,,,,
1902,Terique Owens,WR723,,1188.0,,,,,1188,,
1903,Trevon Wesco,TE383,,1189.0,,1599,,,779,,
1904,Nathan Peterman,QB226,,1189.3,,1601,,1001,966,,
1905,Tayvion Robinson,WR724,,1189.5,,1486,,,893,,
1906,Brandon Dillon,TE384,,1191.0,,1435,,,947,,
1907,D'Eriq King,QB227,,1192.0,,1192,,,,,
1908,Marlon Mack,RB444,,1192.0,,1597,,,787,,
1909,Anthony Boone,QB228,,1194.0,,1194,,,,,
1910,Javon Baker,WR725,,1195.3,,1289,977,,1320,,
1911,Christopher Dunn,K98,,1196.0,,1449,943,,,,
1912,Nate Becker,TE385,,1197.0,,1197,,,,,
1913,J. Michael Sturdivant,WR726,,1197.0,,1495,,656,1440,,
1914,Jacob Harris,WR727,,1197.0,,,,,1197,,
1915,Jacob Dolegala,QB229,,1198.0,,1198,,,,,
1916,Demetris Robertson,WR728,,1199.0,,1199,,,,,
1917,Aaron Lacombe,WR729,,1201.0,,1201,,,,,
1918,Dwayne Washington,RB445,,1202.5,,981,,,1424,,
1919,Rakim Jarrett,WR730,,1203.0,,,959,,1447,,
1920,Quali Conley,RB446,,1203.0,,,,,1203,,
1921,Jerod Evans,QB230,,1204.0,,1204,,,,,
1922,Matt Schaub,QB231,,1205.0,,1205,,,,,
1923,Tyrion Davis-Price,RB447,,1205.7,,1636,924,,1057,,
1924,DaMarkus Lodge,WR731,,1206.0,,1206,,,,,
1925,Sean Mannion,QB232,,1206.5,,1613,,,800,,
1926,Taryn Christion,QB233,,1207.0,,1207,,,,,
1927,Jake Kumerow,WR732,,1207.0,,,,,1207,,
1928,B.J. Emmons,RB448,,1208.0,,1208,,,,,
1929,Kellen Mond,QB234,,1208.5,,1582,,,835,,
1930,Da'Ron Brown,WR733,,1209.0,,1209,,,,,
1931,Darwin Thompson,RB449,,1210.0,,1210,,,,,
1932,Valentino Ambrosio,K99,,1211.0,,1211,,,,,
1933,Nate Sudfeld,QB235,,1212.5,,1664,,,761,,
1934,Corey Clement,RB450,,1212.5,,1676,,,749,,
1935,Phillip Andersen,K100,,1213.0,,1213,,,,,
1936,Dallin Holker,TE386,,1213.0,,,989,,1437,,
1937,Ryan Jones,TE387,,1213.0,,,,,1213,,
1938,Cade Johnson,WR734,,1214.0,,1202,,,1226,,
1939,Josh Rosen,QB236,,1216.0,,1216,,,,,
1940,Brevin Easton,WR735,,1216.0,,,,,1216,,
1941,Derek Wright,WR736,,1218.5,,1212,,,1225,,
1942,Colt McCoy,QB237,,1219.0,,1219,,,,,
1943,Silas Bolden,WR737,,1220.0,,,,,1220,,
1944,Isaiah McKoy,WR738,,1221.0,,1221,,,,,
1945,Graham Gano,K101,,1222.5,,1568,877,,,,
1946,Evan Berry,WR739,,1223.0,,1223,,,,,
1947,Chase Claypool,WR740,,1224.5,,1370,,,1079,,
1948,Matthew Trickett,K102,,1225.0,,1225,,,,,
1949,Tory Carter,RB451,,1226.0,,1226,,,,,
1950,Durron Neal,WR741,,1227.0,,1227,,,,,
1951,Gerald Holmes,RB452,,1228.0,,1228,,,,,
1952,Blake Haubeil,K103,,1230.0,,1230,,,,,
1953,Nick Bawden,RB453,,1231.0,,1231,,,,,
1954,Tyler Hoosman,RB454,,1232.0,,1232,,,,,
1955,Ben Ellefson,TE388,,1233.0,,1233,,,,,
1956,Nate Noel,RB455,,1233.0,,,,,1233,,
1957,Dylan Leonard,TE389,,1234.0,,1234,,,,,
1958,Nate McCrary,RB456,,1236.0,,1682,,,790,,
1959,Papi White,WR742,,1237.0,,1237,,,,,
1960,Kenny Lawler,WR743,,1238.0,,1238,,,,,
1961,Rashaad Penny,RB457,,1241.5,,1083,,,1400,,
1962,Drew Anderson,QB238,,1242.0,,1242,,,,,
1963,Isaiah Ford,WR744,,1242.0,,,,,1242,,
1964,Kalen Ballage,RB458,,1243.0,,1284,,,1202,,
1965,Jermaine Kearse,WR745,,1245.0,,1245,,,,,
1966,Greg Joseph,K104,,1247.5,,1662,833,,,,
1967,Austin Reed,QB239,BAL,1250.3,,1381,,959,1411,,
1968,Miller Forristall,TE390,,1250.5,,1322,,,1179,,
1969,Jack Doyle,TE391,IND,1251.0,,,,,1251,,
1970,Cody Latimer,WR746,,1251.5,,1203,,,1300,,
1971,Jalen Camp,WR747,,1252.0,,1177,,,1327,,
1972,Cole Beck,WR748,,1252.0,,1252,,,,,
1973,Derrius Guice,RB459,,1253.0,,1253,,,,,
1974,Johnny King,WR749,,1254.0,,1254,,,,,
1975,Jamison Crowder,WR750,,1257.7,,1559,860,,1354,,
1976,Darrell Daniels,TE392,,1258.0,,1249,,,1267,,
1977,Henry Litwin,WR751,,1258.0,,1258,,,,,
1978,Julio Jones,WR752,,1258.0,,,,,1258,,
1979,Tanner Taula,TE393,,1260.0,,,,,1260,,
1980,Jordan Thomas,TE394,,1261.0,,1261,,,,,
1981,Malik Henry,WR753,,1262.0,,1262,,,,,
1982,Isaiah Washington,WR754,,1262.0,,,,,1262,,
1983,Austin Aune,QB240,,1263.0,,1263,,,,,
1984,Damien Williams,RB460,,1263.0,,,,,1263,,
1985,John Baron,K105,,1264.0,,1264,,,,,
1986,Hayden Hatten,WR755,,1264.0,,,,,1264,,
1987,Hayden Hurst,TE395,,1264.3,,1648,828,,1317,,
1988,Randy Bullock,K106,,1265.0,,1265,,,,,
1989,Jordan Wilkins,RB461,,1265.0,,,,,1265,,
1990,Elliott Fry,K107,,1267.0,,1267,,,,,
1991,Jimmy Bell,TE396,,1268.0,,1268,,,,,
1992,Ethan Garbers,QB241,,1268.0,,,,,1268,,
1993,Khalil Tate,WR756,,1270.0,,1270,,,,,
1994,Algernon Brown,RB462,,1271.0,,1271,,,,,
1995,Malcolm Perry,WR757,,1271.0,,,,,1271,,
1996,Danny Etling,QB242,,1273.0,,1273,,,,,
1997,E.J. Perry,QB243,,1275.0,,,,,1275,,
1998,Leonard Fournette,RB463,,1276.5,,1239,,,1314,,
1999,Dillon Stoner,WR758,,1278.0,,1278,,,,,
2000,Pooka Williams,RB464,,1278.5,,1196,,,1361,,
2001,Tavonn Salter,WR759,,1280.0,,1280,,,,,
2002,Dorian Singer,WR760,,1280.0,,,,,1280,,
2003,Damien Harris,RB465,,1281.5,,1176,,,1387,,
2004,Jaaron Hayek,WR761,,1282.0,,1282,,,,,
2005,Keith Kirkwood,WR762,,1283.0,,1190,,,1376,,
2006,Jaylen Smith,WR763,,1283.0,,1283,,,,,
2007,Donovan Peoples-Jones,WR764,,1283.0,,,,,1283,,
2008,Emory Jones,QB244,,1284.5,,1188,,,1381,,
2009,Siaosi Mariner,WR765,,1285.0,,1285,,,,,
2010,Elijah Collins,RB466,,1286.0,,,,,1286,,
2011,Alex Hale,K108,,1287.0,,1287,,,,,
2012,Johnathon Johnson,WR766,,1288.0,,1288,,,,,
2013,Matt Sokol,TE397,,1289.0,,,,,1289,,
2014,Ethan Fernea,WR767,,1291.0,,,,,1291,,
2015,K.J. Maye,WR768,,1293.0,,1293,,,,,
2016,Pharoh Cooper,WR769,,1293.0,,,,,1293,,
2017,Deon Cain,WR770,,1295.5,,1529,,,1062,,
2018,Jake Fromm,QB245,,1296.0,,1277,,,1315,,
2019,Ahmarean Brown,WR771,,1296.0,,1296,,,,,
2020,Michael Thomas,WR772,,1296.5,,1539,,,1054,,
2021,Eno Benjamin,RB467,,1299.0,,,,,1299,,
2022,Jerome Cunningham,TE398,,1302.0,,1302,,,,,
2023,Trestan Ebner,RB468,,1302.0,,,,,1302,,
2024,William Fuller,WR773,,1304.0,,1304,,,,,
2025,Braylon Sanders,WR774,,1305.0,,,,,1305,,
2026,Jay Ajayi,RB469,,1306.0,,1306,,,,,
2027,Jaden Shirden,RB470,,1307.0,,,,,1307,,
2028,Jaquarii Roberson,WR775,,1308.0,,1308,,,,,
2029,Luke Stocker,TE399,,1308.0,,,,,1308,,
2030,Taj McGowan,RB471,,1310.0,,1310,,,,,
2031,Stevo Klotz,TE400,,1310.5,,1608,,,1013,,
2032,Brayden Narveson,K109,,1311.0,,1628,994,,,,
2033,Graham Adomitis,TE401,,1313.0,,1313,,,,,
2034,Tommy Hudson,TE402,,1313.0,,1380,,,1246,,
2035,Byron Pringle,WR776,,1315.0,,1305,,,1325,,
2036,Christian Wade,RB472,,1315.0,,1540,,,1090,,
2037,David Marvin,K110,,1316.0,,1316,,,,,
2038,Lincoln Victor,WR777,,1319.0,,1319,,,,,
2039,Rodney Adams,WR778,,1319.0,,,,,1319,,
2040,Jerell Adams,TE403,,1320.0,,1320,,,,,
2041,Tristan Vizcaino,K111,,1321.0,,1321,,,,,
2042,Robert Griffin,QB246,,1323.0,,1323,,,,,
2043,Michael Pratt,QB247,,1324.0,,1623,984,,1365,,
2044,Logan Thomas,TE404,,1324.0,,,,,1324,,
2045,Aeneas Dennis,QB248,,1328.0,,1328,,,,,
2046,Collin Hill,QB249,,1329.0,,1329,,,,,
2047,Cullen Gillaspia,RB473,,1330.0,,1330,,,,,
2048,David Durden,WR779,,1332.0,,,,,1332,,
2049,A.J. Green,WR780,,1333.0,,1333,,,,,
2050,Bronson Rechsteiner,RB474,,1334.0,,1334,,,,,
2051,Jordan Bly,WR781,,1335.0,,1335,,,,,
2052,Mike Meyer,K112,,1337.0,,1337,,,,,
2053,Bobby Holly,RB475,,1338.0,,1338,,,,,
2054,Blake Jarwin,TE405,,1338.5,,1638,,,1039,,
2055,Alec Holler,TE406,,1341.0,,1341,,,,,
2056,Sean Ryan,WR782,,1341.0,,,,,1341,,
2057,Mathew Sexton,WR783,,1342.0,,1259,,,1425,,
2058,Jake Coker,QB250,,1343.0,,1343,,,,,
2059,Tommy Mellott,QB251,,1344.0,,1609,1011,,1412,,
2060,Julian Allen,RB476,,1346.0,,1346,,,,,
2061,Cole Payton,QB252,,1347.0,,,,,1347,,
2062,Aaron Dykes,RB477,,1348.0,,1348,,,,,
2063,Nolan Henderson,QB253,,1350.0,,1350,,,,,
2064,Kyle Philips,WR784,,1350.0,,1379,,,1321,,
2065,Drake Stoops,WR785,,1350.0,,,,,1350,,
2066,Chad Kelly,QB254,,1351.0,,1351,,,,,
2067,Ty'Son Williams,RB478,,1351.0,,,,,1351,,
2068,Chad Beebe,WR786,,1352.0,,1352,,,,,
2069,Derek Watt,RB479,,1354.0,,1354,,,,,
2070,Aidan Robbins,RB480,,1354.0,,1562,,,1146,,
2071,Joe Webb,QB255,,1355.0,,1355,,,,,
2072,Ricky Person,RB481,,1356.0,,,,,1356,,
2073,Noah Rauschenberg,K113,,1357.0,,1357,,,,,
2074,Camden Lewis,K114,,1359.0,,1359,,,,,
2075,Jack Sorenson,WR787,,1360.0,,1360,,,,,
2076,Tim DeMorat,QB256,,1362.0,,1362,,,,,
2077,Duke Johnson,RB482,,1362.0,,1378,,,1346,,
2078,Brett Gabbert,QB257,,1363.0,,1363,,,,,
2079,Kazmeir Allen,WR788,,1363.0,,1364,,,1362,,
2080,Latavius Murray,RB483,,1364.5,,1584,,,1145,,
2081,Clayton Thorson,QB258,NYG,1368.0,,1368,,,,,
2082,Larry Rose,RB484,,1369.0,,1369,,,,,
2083,Jamie Newman,QB259,,1371.0,,1371,,,,,
2084,Tulu Griffin,WR789,,1372.0,,,,,1372,,
2085,Maurice Ffrench,WR790,,1375.0,,1375,,,,,
2086,Jacob Copeland,WR791,,1375.0,,,,,1375,,
2087,Jamoi Mayes,WR792,,1377.0,,,,,1377,,
2088,Charleston Rambo,WR793,,1378.0,,,,,1378,,
2089,Mason Crosby,K115,,1382.0,,1382,,,,,
2090,Sammy Watkins,WR794,,1382.0,,1451,,,1313,,
2091,Brandon Shippen,WR795,,1384.0,,1384,,,,,
2092,Rhett Ellison,TE407,,1385.0,,1385,,,,,
2093,Trent Pennix,TE408,,1385.0,,1641,,,1129,,
2094,Jalen White,RB485,,1385.0,,,,,1385,,
2095,Malik Taylor,WR796,,1386.0,,,,,1386,,
2096,Taylor Russolino,K116,,1387.0,,1387,,,,,
2097,Ahmad Wagner,WR797,,1388.0,,1388,,,,,
2098,Marcus Peterson,WR798,,1393.0,,1393,,,,,
2099,Matt Fleming,WR799,,1394.0,,1394,,,,,
2100,Tim Wilson,WR800,,1395.0,,1395,,,,,
2101,Jalen McCleskey,WR801,,1396.0,,1396,,,,,
2102,Travell Harris,WR802,,1397.0,,1397,,,,,
2103,Aaron Peck,TE409,,1398.0,,1398,,,,,
2104,Monaray Baldwin,WR803,,1399.0,,,,,1399,,
2105,Demario Richard,RB486,,1400.0,,1400,,,,,
2106,Quinn Nordin,K117,,1401.0,,1401,,,,,
2107,Curtis Hodges,TE410,,1402.0,,,,,1402,,
2108,Tyler Eifert,TE411,,1403.0,,1403,,,,,
2109,Nick Eubanks,TE412,,1405.0,,1405,,,,,
2110,Giovani Bernard,RB487,,1407.0,,1407,,,,,
2111,Tre'Quan Smith,WR804,,1410.0,,,,,1410,,
2112,Ryan Succop,K118,,1411.0,,1411,,,,,
2113,Connor Slomka,RB488,,1412.0,,1412,,,,,
2114,Bisi Johnson,WR805,,1415.0,,1415,,,,,
2115,Bryce Perkins,QB260,,1418.0,,1418,,,,,
2116,Tyler Kahmann,WR806,,1419.0,,,,,1419,,
2117,Jackson Harris,TE413,,1422.0,,1422,,,,,
2118,Noah Togiai,TE414,,1422.0,,,,,1422,,
2119,Brennan Eagles,WR807,,1423.0,,1423,,,,,
2120,Marvin Hall,WR808,,1426.0,,,,,1426,,
2121,Jack Colletto,RB489,,1426.5,,1577,,,1276,,
2122,Landon Parker,WR809,,1427.0,,,,,1427,,
2123,Bobo Wilson,WR810,,1428.0,,1428,,,,,
2124,Anthony Schwartz,WR811,,1428.0,,,,,1428,,
2125,Calvin Jackson,WR812,,1429.0,,1429,,,,,
2126,John Matocha,QB261,,1430.0,,1430,,,,,
2127,Kyle Markway,TE415,,1431.0,,1431,,,,,
2128,Robert Lewis,WR813,,1431.0,,,,,1431,,
2129,Todd Gurley,RB490,,1432.0,,1432,,,,,
2130,Charles Clay,TE416,,1436.0,,1436,,,,,
2131,Trey Knox,TE417,,1436.0,,,,,1436,,
2132,Jordan Westerkamp,WR814,,1438.0,,1438,,,,,
2133,Jamal Pettigrew,TE418,,1440.0,,1440,,,,,
2134,Kyle Shurmur,QB262,,1442.0,,1442,,,,,
2135,Nick Boyle,TE419,,1442.0,,,,,1442,,
2136,Case Cookus,QB263,,1443.0,,1443,,,,,
2137,Detrich Clark,WR815,,1445.0,,1445,,,,,
2138,Tommy Stevens,QB264,NYG,1446.0,,1446,,,,,
2139,Alex Gray,TE420,,1447.0,,1447,,,,,
2140,Damiere Byrd,WR816,,1448.0,,,,,1448,,
2141,John Hurst,WR817,,1450.0,,1450,,,,,
2142,Vincent Blanchard,K119,,1452.0,,1452,,,,,
2143,Austin MacGinnis,K120,,1453.0,,1453,,,,,
2144,Clayton Hatfield,K121,,1455.0,,1455,,,,,
2145,Kehinde Oginni Hassan,TE421,,1456.0,,1456,,,,,
2146,Ross Scheuerman,RB491,,1457.0,,1457,,,,,
2147,Malachi Jones,WR818,,1458.0,,1458,,,,,
2148,Andrew Mevis,K122,,1461.0,,1461,,,,,
2149,Jerome Lane,WR819,,1462.0,,1462,,,,,
2150,Jalen Wayne,WR820,,1462.0,,1530,,,1394,,
2151,Ito Smith,RB492,DAL,1464.0,,1464,,,,,
2152,Mike Rigerman,TE422,,1465.0,,1465,,,,,
2153,Julian Fleming,WR821,,1467.0,,1467,,,,,
2154,Zion Bowens,WR822,,1468.0,,1468,,,,,
2155,Sandro Platzgummer,RB493,,1470.0,,1470,,,,,
2156,Romello Brooker,TE423,,1474.0,,1474,,,,,
2157,Terry Swanson,RB494,,1475.0,,1475,,,,,
2158,Ryan Fitzpatrick,QB265,,1477.0,,1477,,,,,
2159,Bo Scarbrough,RB495,,1480.0,,1480,,,,,
2160,Jon Brown,K123,,1484.0,,1484,,,,,
2161,Landen Akers,WR823,,1485.0,,1485,,,,,
2162,Josh Imatorbhebhe,WR824,,1487.0,,1487,,,,,
2163,Dedrick Mills,RB496,,1490.0,,1490,,,,,
2164,Brandon Ross,RB497,,1491.0,,1491,,,,,
2165,Colton Theaker,K124,,1492.0,,1492,,,,,
2166,Javon Wims,WR825,,1493.0,,1493,,,,,
2167,Valdez Showers,WR826,,1496.0,,1496,,,,,
2168,Damore'ea Stringfellow,WR827,,1497.0,,1497,,,,,
2169,Josh Gordon,WR828,,1498.0,,1498,,,,,
2170,Josh McCown,QB266,,1499.0,,1499,,,,,
2171,Sam Cotton,TE424,,1500.0,,1500,,,,,
2172,Tre Harbison,RB498,,1501.0,,1501,,,,,
2173,Jamarius Way,WR829,,1504.0,,1504,,,,,
2174,Mike Glennon,QB267,,1506.0,,1506,,,,,
2175,JJ Molson,K125,,1509.0,,1509,,,,,
2176,Kyle Sheets,WR830,,1510.0,,1510,,,,,
2177,Kerrith Whyte,RB499,GB,1515.0,,1515,,,,,
2178,Valentine Holmes,RB500,,1516.0,,1516,,,,,
2179,Chris Herndon,TE425,,1516.5,,1669,,,1364,,
2180,Chris Brown,WR831,,1521.0,,1521,,,,,
2181,Eli Stove,WR832,,1522.0,,1522,,,,,
2182,Dante Wright,WR833,,1523.0,,1523,,,,,
2183,Kekoa Crawford,WR834,,1524.0,,1524,,,,,
2184,T.J. Simmons,WR835,,1525.0,,1525,,,,,
2185,Devonta Freeman,RB501,,1526.0,,1526,,,,,
2186,Austin Wolf,WR836,,1528.0,,1528,,,,,
2187,Vyncint Smith,WR837,,1532.0,,1532,,,,,
2188,Tyre Brady,WR838,,1534.0,,1534,,,,,
2189,Adrian Killins,RB502,DEN,1536.0,,1536,,,,,
2190,Jordan Ta'amu,QB268,,1541.0,,1541,,,,,
2191,Logan Stokes,TE426,,1542.0,,1542,,,,,
2192,Steven Stilianos,TE427,,1543.0,,1543,,,,,
2193,Devin Funchess,TE428,,1544.0,,1544,,,,,
2194,Auden Tate,WR839,,1545.0,,1545,,,,,
2195,Josh Harper,WR840,,1547.0,,1547,,,,,
2196,Justin Rohrwasser,K126,,1548.0,,1548,,,,,
2197,Mike Weber,RB503,,1549.0,,1549,,,,,
2198,Vincent Testaverde,QB269,,1550.0,,1550,,,,,
2199,Broc Rutter,QB270,,1551.0,,1551,,,,,
2200,T.J. Linta,QB271,,1552.0,,1552,,,,,
2201,Antoine Wesley,WR841,,1553.0,,1553,,,,,
2202,Kirk Merritt,WR842,,1553.0,,1686,,,1420,,
2203,Connor Jessop,QB272,,1554.0,,1554,,,,,
2204,Kennedy Brooks,RB504,,1555.0,,1555,,,,,
2205,Mikey Daniel,RB505,,1556.0,,1556,,,,,
2206,Sone Ntoh,RB506,,1557.0,,1557,,,,,
2207,Mark Chapman,WR843,,1561.0,,1561,,,,,
2208,Taulia Tagovailoa,QB273,,1563.0,,1563,,,,,
2209,Chase Daniel,QB274,,1564.0,,1564,,,,,
2210,Luke Falk,QB275,,1565.0,,1565,,,,,
2211,Chad Henne,QB276,,1567.0,,1567,,,,,
2212,Jerreth Sterns,WR844,,1569.0,,1569,,,,,
2213,Roman Hemby,RB507,LV,1570.0,,1570,,,,,
2214,Caleb Repp,TE429,,1572.0,,1572,,,,,
2215,Connor Wedington,WR845,,1573.0,,1573,,,,,
2216,Josh Love,QB277,,1575.0,,1575,,,,,
2217,Shane Leatherbury,WR846,,1578.0,,1578,,,,,
2218,Jose Barbon,WR847,,1581.0,,1581,,,,,
2219,Tyrell Williams,WR848,,1583.0,,1583,,,,,
2220,Derek Carrier,TE430,,1589.0,,1589,,,,,
2221,Trey Wolff,K127,,1591.0,,1591,,,,,
2222,Armanti Foreman,WR849,,1594.0,,1594,,,,,
2223,Bryan Bennett,QB278,,1595.0,,1595,,,,,
2224,Tanner Morgan,QB279,,1598.0,,1598,,,,,
2225,Mike Johnson,WR850,,1602.0,,1602,,,,,
2226,Kalif Jackson,TE431,MIA,1604.0,,1604,,,,,
2227,Gabe Brkic,K128,,1605.0,,1605,,,,,
2228,Travis Dye,RB508,,1610.0,,1610,,,,,
2229,Golden Tate,WR851,,1611.0,,1611,,,,,
2230,Joshua Lingenfelter,TE432,,1612.0,,1612,,,,,
2231,John Raine,TE433,,1615.0,,1615,,,,,
2232,Lachlan Pitts,TE434,,1616.0,,1616,,,,,
2233,Geronimo Allison,WR852,,1620.0,,1620,,,,,
2234,Ryan Nall,RB509,,1621.0,,1621,,,,,
2235,Nakia Griffin-Stewart,TE435,,1625.0,,1625,,,,,
2236,J.J. Jones,WR853,,1626.0,,1626,,,,,
2237,Benjamin Watson,TE436,,1627.0,,1627,,,,,
2238,Brian Riley,WR854,,1629.0,,1629,,,,,
2239,Nick Vogel,K129,,1632.0,,1632,,,,,
2240,Ted Ginn,WR855,,1633.0,,1633,,,,,
2241,Jordan Hudson,WR856,DAL,1634.0,,1634,,,,,
2242,Roosevelt Nix,RB510,,1635.0,,1635,,,,,
2243,Alex Kessman,K130,CAR,1637.0,,1637,,,,,
2244,Kawaan Baker,WR857,,1639.0,,1639,,,,,
2245,J.T. Barrett,QB280,,1642.0,,1642,,,,,
2246,C.J. Anderson,RB511,,1644.0,,1644,,,,,
2247,Bucky Hodges,TE437,,1645.0,,1645,,,,,
2248,Devon Bell,K131,,1646.0,,1646,,,,,
2249,Floyd Allen,WR858,,1647.0,,1647,,,,,
2250,DeSean Jackson,WR859,,1651.0,,1651,,,,,
2251,Emmanuel Sanders,WR860,,1652.0,,1652,,,,,
2252,Roland Rivers,QB281,,1653.0,,1653,,,,,
2253,Damoun Patterson,WR861,,1654.0,,1654,,,,,
2254,Mohamed Sanu,WR862,,1656.0,,1656,,,,,
2255,Tyler Ferguson,QB282,,1660.0,,1660,,,,,
2256,Zach Zenner,RB512,,1661.0,,1661,,,,,
2257,Stephen Hauschka,K132,,1666.0,,1666,,,,,
2258,Tyler McCloskey,RB513,,1667.0,,1667,,,,,
2259,Kai Locksley,WR863,,1670.0,,1670,,,,,
2260,CJ Marable,RB514,,1675.0,,1675,,,,,
2261,Darren Carrington,WR864,,1677.0,,1677,,,,,
2262,Lamar Miller,RB515,,1678.0,,1678,,,,,
2263,Noah Gindorff,TE438,,1680.0,,1680,,,,,
2264,Josh Hammond,WR865,,1685.0,,1685,,,,,
2265,Zach Terrell,QB283,BAL,1687.0,,1687,,,,,
2266,Jahwan Edwards,RB516,,1691.0,,1691,,,,,
